00:00:000: [0;37m<MSG>: [0;0m[0;37mopen log file success![0;0m
00:00:000: [0;37m<MSG>: [0;0m[0;37mCoordTransformer initialized.[0;0m
00:00:000: [0;37m<MSG>: [0;0m[0;37m[init] Using UartDriver with port: /dev/ttyAIM[0;0m
00:00:000: [0;37m<MSG>: [0;0m[0;37m[TimedSerial] constructing with injected driver[0;0m
00:00:000: [0;37m<MSG>: [0;0m[0;37mOpening /dev/ttyAIM [0;0m
Successfully opened serial port: /dev/ttyAIM
00:00:001: [0;37m<MSG>: [0;0m[0;37m[TimedSerial] Serial driver initialized successfully[0;0m
starting async receive
async receive started
00:00:001: [0;37m<MSG>: [0;0m[0;37m[EntryStage] construction completed[0;0m
00:00:001: [0;37m<MSG>: [0;0m[0;37m[sensor_submodule] constructing with video: 0[0;0m
CRC16 error
[device 0]:

Device Model Name: MV-CA013-21UC
UserDefinedName: INF4

00:00:340: [0;37m<MSG>: [0;0m[0;37m[sensor_submodule] video initialized[0;0m
00:00:340: [0;37m<MSG>: [0;0m[0;37m[sensor_submodule] construction completed[0;0m
00:00:340: [0;37m<MSG>: [0;0m[0;37m[detect] constructing with model: asset/SZU0526_fp32input_512x640_nopre_fixoutput.onnx[0;0m
00:01:037: [0;37m<MSG>: [0;0m[0;37m[detect] model loaded[0;0m
00:01:037: [0;37m<MSG>: [0;0m[0;37m[MultiPolicyPredictorSubModule] construction completed[0;0m
00:01:039: [0;37m<MSG>: [0;0m[0;37m[Planner] construction completed[0;0m
display timedserial_debug:0
00:01:039: [0;37m<MSG>: [0;0m[0;37m[init] all composite tasks registered successfully, system can start[0;0m
00:01:039: [0;37m<MSG>: [0;0m[0;37mStarting all composite tasks...[0;0m
00:01:039: [0;37m<MSG>: [0;0m[0;37mAll composite tasks started successfully![0;0m
00:01:063: <MSG>: 
23.3731
9.85298
0.486095
0.102912
11.8116
-0
0.0159033
0
0
00:01:076: <MSG>: 
23.3731
9.85214
0.483429
0.0985511
12.2096
0.00357083
0.0249583
-0.000432816
0
00:01:085: <MSG>: 
23.3731
9.8512
0.483606
0.100915
12.2477
-0.0800367
0.0797768
0.00547991
0
00:01:095: <MSG>: 
23.3731
9.85051
0.48168
0.10162
12.2935
-0.092473
0.0888614
0.00948576
0
00:01:104: <MSG>: 
23.3731
9.85032
0.484329
0.101924
12.3029
-0.0937029
0.0961134
0.0120801
0
00:01:115: <MSG>: 
23.3731
9.85176
0.482955
0.0985466
10.4057
-0.653863
-0.165549
-0.0290175
0
00:01:124: <MSG>: 
23.3731
9.85155
0.484291
0.101309
10.6668
-0.478393
-0.0803839
0.0469441
0
00:01:134: <MSG>: 
23.3731
9.85155
0.484291
0.103119
10.7752
-0.363008
-0.0381253
0.107178
0
00:01:144: <MSG>: 
23.3731
9.85115
0.480551
0.105288
10.8243
-0.244487
-0.0090059
0.180196
0
00:01:153: <MSG>: 
23.3731
9.84966
0.480127
0.107798
10.8775
-0.100376
0.023106
0.263798
0
00:01:163: <MSG>: 
23.3731
9.8492
0.480593
0.110542
10.9438
0.0691686
0.0609958
0.351902
0
00:01:174: <MSG>: 
23.3731
9.84899
0.477718
0.113646
11.0039
0.251746
0.09989
0.447549
0
00:01:183: <MSG>: 
23.3731
9.84873
0.47734
0.117094
11.0606
0.44348
0.139797
0.550072
0
00:01:193: <MSG>: 
23.3731
9.84873
0.47734
0.120795
11.1208
0.647015
0.180544
0.653828
0
00:01:204: <MSG>: 
23.3731
9.84846
0.476404
0.124793
11.1844
0.857931
0.222895
0.759468
0
00:01:213: <MSG>: 
23.3731
9.84917
0.476705
0.129029
11.2543
1.0834
0.26717
0.868296
0
00:01:223: <MSG>: 
23.3731
9.84921
0.475459
0.133046
11.3488
1.3329
0.312628
0.967215
0
00:01:232: <MSG>: 
23.3731
9.84931
0.475144
0.136874
11.4642
1.59877
0.359145
1.05735
0
00:01:242: <MSG>: 
23.3731
9.84931
0.475144
0.140061
11.616
1.89707
0.405439
1.12903
0
00:01:251: <MSG>: 
23.3731
9.84791
0.475027
0.143342
11.7483
2.16385
0.447084
1.2
0
00:01:260: <MSG>: 
23.3731
9.85134
0.477607
0.1462
11.8995
2.44024
0.486824
1.25681
0
00:01:270: <MSG>: 
23.3731
9.85193
0.478745
0.148806
12.0422
2.68411
0.52266
1.30361
0
00:01:280: <MSG>: 
23.3731
9.85104
0.478112
0.151241
12.1823
2.90996
0.555903
1.34346
0
00:01:289: <MSG>: 
23.3731
9.85104
0.478112
0.153046
12.332
3.13425
0.584389
1.36847
0
00:01:299: <MSG>: 
23.3731
9.85207
0.47879
0.153934
12.5061
3.37421
0.608509
1.37471
0
00:01:309: <MSG>: 
23.3731
9.85283
0.478063
0.155486
12.6371
3.54424
0.63209
1.39093
0
00:01:318: <MSG>: 
23.3731
9.85042
0.478746
0.156845
12.757
3.68528
0.652061
1.4002
0
00:01:328: <MSG>: 
23.3731
9.85149
0.478694
0.157548
12.8827
3.82384
0.66719
1.39698
0
00:01:338: <MSG>: 
23.3731
9.84964
0.477793
0.158254
12.9987
3.93436
0.681681
1.39124
0
00:01:348: <MSG>: 
23.3731
9.84964
0.477793
0.158829
13.0986
4.01563
0.692793
1.38174
0
00:01:358: <MSG>: 
23.3731
9.84795
0.475645
0.148477
13.3147
4.32611
0.557505
1.18558
0
00:01:368: <MSG>: 
23.3731
9.84794
0.474403
0.142713
13.4072
4.35356
0.475916
1.06587
0
00:01:377: <MSG>: 
23.3731
9.84829
0.474975
0.139255
13.5044
4.34482
0.416303
0.98211
0
00:01:388: <MSG>: 
23.3731
9.84697
0.47341
0.136013
13.5496
4.30439
0.370137
0.907901
1
00:01:397: <MSG>: 
23.3731
9.84697
0.47341
0.133826
13.6132
4.26275
0.329067
0.849098
0
00:01:407: <MSG>: 
23.3731
9.84486
0.469573
0.131875
13.672
4.22249
0.291744
0.795254
0
00:01:417: <MSG>: 
23.3731
9.84624
0.470904
0.130265
13.7195
4.17478
0.26011
0.74853
0
00:01:426: <MSG>: 
23.3731
9.84559
0.469306
0.130509
13.7798
4.15811
0.273662
0.746138
0
00:01:436: <MSG>: 
23.3731
9.84556
0.467135
0.130519
13.8482
4.14678
0.287204
0.738633
0
00:01:446: <MSG>: 
23.3731
9.84556
0.467135
0.130612
13.8967
4.10801
0.300439
0.730818
0
00:01:456: <MSG>: 
23.3731
9.84525
0.46684
0.130565
13.9338
4.06877
0.311409
0.721868
0
00:01:465: <MSG>: 
23.3731
9.84406
0.467215
0.130778
13.9515
4.01651
0.320709
0.716913
0
00:01:474: <MSG>: 
23.3731
9.84318
0.466262
0.131051
13.9525
3.95275
0.32914
0.713806
0
00:01:483: <MSG>: 
23.3731
9.84548
0.466509
0.131334
13.9529
3.88746
0.336962
0.709596
0
00:01:493: <MSG>: 
23.3731
9.84462
0.467058
0.131795
13.9427
3.81706
0.343628
0.707848
0
00:01:502: <MSG>: 
23.3731
9.84462
0.467058
0.132112
13.9513
3.77305
0.350308
0.704086
0
00:01:511: <MSG>: 
23.3731
9.84679
0.465413
0.132348
13.9655
3.74244
0.355524
0.699036
0
00:01:520: <MSG>: 
23.3731
9.84732
0.467342
0.132595
13.991
3.72658
0.360583
0.693546
0
00:01:530: <MSG>: 
23.3731
9.84832
0.46868
0.132831
14.0118
3.70694
0.365064
0.687835
0
00:01:539: <MSG>: 
23.3731
9.84832
0.46868
0.133021
13.9032
3.4973
0.369655
0.67993
0
00:01:548: <MSG>: 
23.3731
9.84706
0.467922
0.132981
13.7938
3.29137
0.374428
0.670036
0
00:01:558: <MSG>: 
23.3731
9.84711
0.470498
0.132916
13.6933
3.10016
0.379682
0.659829
0
00:01:567: <MSG>: 
23.3731
9.84531
0.469915
0.132673
13.593
2.91316
0.385437
0.64836
0
00:01:577: <MSG>: 
23.3731
9.84531
0.469915
0.132442
13.5097
2.74827
0.392312
0.636439
0
00:01:586: <MSG>: 
23.3731
9.84541
0.469465
0.132273
13.4398
2.61399
0.39671
0.625617
0
00:01:595: <MSG>: 
23.3731
9.84741
0.468888
0.132058
13.3776
2.49683
0.400243
0.614801
0
00:01:605: <MSG>: 
23.3731
9.8461
0.470688
0.132052
13.3272
2.40074
0.403946
0.606626
0
00:01:614: <MSG>: 
23.3731
9.84437
0.469877
0.128296
13.2768
2.35977
0.362616
0.553854
0
00:01:623: <MSG>: 
23.3731
9.84437
0.469877
0.126035
13.2253
2.27058
0.329857
0.515656
0
00:01:634: <MSG>: 
23.3731
9.84569
0.46841
0.124312
13.1803
2.17119
0.301478
0.482818
0
00:01:643: <MSG>: 
23.3731
9.84628
0.466438
0.122838
13.1396
2.07383
0.275229
0.453492
0
00:01:652: <MSG>: 
23.3731
9.84689
0.470347
0.121147
13.1127
2.00985
0.252159
0.424933
0
00:01:661: <MSG>: 
23.3731
9.84741
0.469029
0.119845
13.078
1.92314
0.230231
0.399499
0
00:01:671: <MSG>: 
23.3731
9.84741
0.469029
0.118899
13.0393
1.82379
0.210019
0.377523
0
00:01:681: <MSG>: 
23.3731
9.84591
0.467088
0.11892
12.9768
1.6683
0.191233
0.363427
0
00:01:690: <MSG>: 
23.3731
9.84602
0.467538
0.118609
12.9295
1.55305
0.175286
0.34865
0
00:01:699: <MSG>: 
23.3731
9.84692
0.467993
0.118006
12.8961
1.4729
0.162029
0.333322
0
00:01:709: <MSG>: 
23.3731
9.84692
0.467993
0.117301
12.8701
1.40971
0.150668
0.318125
1
00:01:719: <MSG>: 
23.3731
9.84788
0.469113
0.116678
12.8423
1.34356
0.139507
0.303772
0
00:01:728: <MSG>: 
23.3731
9.84852
0.466854
0.116322
12.8051
1.25733
0.127604
0.291197
0
00:01:738: <MSG>: 
23.3731
9.8493
0.468407
0.115518
12.7936
1.22742
0.120514
0.277428
0
00:01:747: <MSG>: 
23.3731
9.84689
0.469467
0.114863
12.779
1.19144
0.113956
0.265268
0
00:01:756: <MSG>: 
23.3731
9.84689
0.469467
0.114457
12.7552
1.13637
0.106726
0.254853
0
00:01:767: <MSG>: 
23.3731
9.84761
0.470529
0.113966
12.7406
1.09768
0.101226
0.244241
0
00:01:777: <MSG>: 
23.3731
9.84699
0.472958
0.113503
12.7244
1.05728
0.0958724
0.234162
0
00:01:786: <MSG>: 
23.3731
9.84708
0.471482
0.112907
12.7163
1.03326
0.0914869
0.223389
0
00:01:796: <MSG>: 
23.3731
9.84527
0.469093
0.112371
12.7072
1.00748
0.0874385
0.213344
0
00:01:805: <MSG>: 
23.3731
9.84592
0.470097
0.112087
12.6843
0.956735
0.0824786
0.205348
0
00:01:815: <MSG>: 
23.3731
9.84592
0.470097
0.111556
12.6792
0.938078
0.0801922
0.19616
0
00:01:826: <MSG>: 
23.3731
9.8459
0.469936
0.111072
12.6734
0.91609
0.077869
0.187111
0
00:01:835: <MSG>: 
23.3731
9.84596
0.469561
0.110647
12.665
0.892003
0.0756536
0.179091
0
00:01:844: <MSG>: 
23.3731
9.84514
0.468799
0.110394
12.6453
0.84997
0.0723419
0.172538
0
00:01:853: <MSG>: 
23.3731
9.84438
0.467208
0.110017
12.636
0.82491
0.0702729
0.165114
0
00:01:864: <MSG>: 
23.3731
9.84438
0.467208
0.110067
12.6358
0.820112
0.0673809
0.161177
0
00:01:873: <MSG>: 
23.3731
9.84356
0.467181
0.109941
12.6335
0.810994
0.0646498
0.1544
0
00:01:883: <MSG>: 
23.3731
9.84421
0.46687
0.110034
12.6385
0.812837
0.0593898
0.150886
0
00:01:892: <MSG>: 
23.3731
9.84542
0.466885
0.110162
12.6466
0.817636
0.0532954
0.147704
0
00:01:902: <MSG>: 
23.3731
9.84521
0.465537
0.110508
12.6617
0.831723
0.0446104
0.147443
0
00:01:912: <MSG>: 
23.3731
9.84521
0.465537
0.110669
12.6703
0.835289
0.0382041
0.144826
0
00:01:922: <MSG>: 
23.3731
9.84421
0.466496
0.110684
12.676
0.832999
0.0315388
0.13941
0
00:01:931: <MSG>: 
23.3731
9.8456
0.467827
0.110094
12.6877
0.838516
0.0323367
0.132122
0
00:01:940: <MSG>: 
23.3731
9.84477
0.466424
0.109679
12.6936
0.835707
0.0323373
0.126283
0
00:01:949: <MSG>: 
23.3731
9.84531
0.467724
0.109325
12.6938
0.822937
0.0324031
0.120964
0
00:01:958: <MSG>: 
23.3731
9.84531
0.467724
0.109008
12.6941
0.810604
0.0321964
0.115963
0
00:01:967: <MSG>: 
23.3731
9.84431
0.468893
0.108949
12.6774
0.776009
0.0312359
0.113576
0
00:01:976: <MSG>: 
23.3731
9.84528
0.471488
0.108882
12.6713
0.756071
0.0310738
0.111387
0
00:01:985: <MSG>: 
23.3731
9.8439
0.469911
0.108819
12.6643
0.735942
0.0305883
0.109156
0
00:01:994: <MSG>: 
23.3731
9.8439
0.469911
0.108677
12.5841
0.621969
0.030518
0.105967
0
00:02:003: <MSG>: 
23.3731
9.84535
0.469513
0.108491
12.6015
0.634408
0.0312752
0.102838
0
00:02:012: <MSG>: 
23.3731
9.84219
0.467009
0.108347
12.5385
0.545154
0.0310843
0.0995969
0
00:02:021: <MSG>: 
23.3731
9.84081
0.463197
0.108186
12.4831
0.466938
0.0306491
0.0960992
0
00:02:030: <MSG>: 
23.3731
9.84081
0.463197
0.107993
12.4338
0.398363
0.0303871
0.0923888
0
00:02:039: <MSG>: 
23.3731
9.84293
0.463005
0.107788
12.3859
0.331943
0.0304175
0.0886212
0
00:02:048: <MSG>: 
23.3731
9.84241
0.462372
0.107649
12.3464
0.277404
0.030774
0.0858512
0
00:02:058: <MSG>: 
23.3731
9.84235
0.466028
0.107521
12.3113
0.229145
0.0316094
0.0832998
0
00:02:067: <MSG>: 
23.3731
9.84235
0.466028
0.107387
12.2834
0.191058
0.0323518
0.0807942
0
00:02:076: <MSG>: 
23.3731
9.84196
0.467052
0.10726
12.2582
0.156859
0.033252
0.0784021
0
00:02:086: <MSG>: 
23.3731
9.84378
0.465811
0.10707
12.2339
0.124632
0.0342936
0.0753232
0
00:02:095: <MSG>: 
23.3731
9.84143
0.466119
0.106909
12.2118
0.0949604
0.0353086
0.0726445
0
00:02:104: <MSG>: 
23.3731
9.84143
0.466119
0.106773
12.1955
0.072772
0.0358368
0.070121
0
00:02:113: <MSG>: 
23.3731
9.8414
0.464723
0.106672
12.1835
0.0563931
0.0360056
0.0679822
0
00:02:123: <MSG>: 
23.3731
9.84242
0.465727
0.105832
12.1868
0.0636109
0.0329926
0.0512012
0
00:02:132: <MSG>: 
23.3731
9.84086
0.462853
0.105474
12.1864
0.0630536
0.0296821
0.0431081
0
00:02:141: <MSG>: 
23.3731
9.8409
0.463873
0.105328
12.1856
0.0601961
0.0255287
0.0385879
0
00:02:150: <MSG>: 
23.3731
9.8409
0.463873
0.105161
12.1876
0.0604815
0.022087
0.0340826
0
00:02:160: <MSG>: 
23.3731
9.84173
0.463762
0.104806
12.1943
0.0677881
0.0196378
0.0269099
0
00:02:169: <MSG>: 
23.3731
9.84263
0.466481
0.104566
12.1989
0.0718631
0.0171389
0.0217876
0
00:02:178: <MSG>: 
23.3731
9.84229
0.464991
0.104419
12.1999
0.0720991
0.0155449
0.0185962
1
00:02:188: <MSG>: 
23.3731
9.84229
0.464991
0.104912
12.1903
0.0537216
0.00828254
0.0239013
0
00:02:197: <MSG>: 
23.3731
9.84135
0.464905
0.105109
12.1861
0.0448171
0.00418942
0.0253258
0
00:02:208: <MSG>: 
23.3731
9.8428
0.464727
0.105227
12.1828
0.0379382
0.000912384
0.0256772
0
00:02:217: <MSG>: 
23.3731
9.84406
0.464129
0.105191
12.1829
0.0366501
-0.000519921
0.0242774
0
00:02:227: <MSG>: 
23.3731
9.84416
0.464417
0.105164
12.1821
0.0339767
-0.00222361
0.0229513
0
00:02:236: <MSG>: 
23.3731
9.84416
0.464417
0.105188
12.1806
0.0302833
-0.00382693
0.0224459
0
00:02:246: <MSG>: 
23.3731
9.84563
0.467496
0.105246
12.1787
0.0259744
-0.00487836
0.0226208
0
00:02:256: <MSG>: 
23.3731
9.84394
0.467644
0.105224
12.1785
0.0237458
-0.00505769
0.021878
0
00:02:265: <MSG>: 
23.3731
9.84472
0.468506
0.105258
12.1772
0.0200487
-0.00520993
0.0220337
0
00:02:274: <MSG>: 
23.3731
9.8442
0.466113
0.105215
12.1781
0.0193606
-0.0046715
0.0212349
0
00:02:284: <MSG>: 
23.3731
9.8442
0.466113
0.105173
12.1784
0.0181013
-0.00442255
0.0203697
0
00:02:293: <MSG>: 
23.3731
9.84319
0.465922
0.105049
12.1812
0.0202447
-0.00336583
0.0186034
0
00:02:303: <MSG>: 
23.3731
9.97077
0.709497
0.10549
12.1609
-0.00220666
-0.00760384
0.0261275
0
00:02:313: <MSG>: 
23.3731
10.7249
0.657004
0.106346
12.1531
-0.0240631
0.00764868
0.0411907
0
00:02:322: <MSG>: 
23.3731
11.4888
0.492645
0.106303
12.1505
-0.0242227
0.00543989
0.0404858
0
00:02:332: <MSG>: 
23.3731
11.4888
0.492645
0.105888
12.1253
-0.061901
0.00185169
0.0325543
0
00:02:341: <MSG>: 
23.3731
12.0014
0.562477
0.105695
12.1176
-0.0728907
0.00262101
0.0299234
0
00:02:351: <MSG>: 
23.3731
12.3221
0.506142
0.105239
12.1198
-0.0696746
-0.000689118
0.0219675
0
00:02:360: <MSG>: 
23.3731
12.4222
0.575186
0.104276
12.1286
-0.0628059
-0.0113088
0.0076557
0
00:02:369: <MSG>: 
23.3731
12.4222
0.575186
0.103414
12.1374
-0.0523057
-0.0226667
-0.0057642
0
00:02:378: <MSG>: 
23.3731
12.3708
0.570279
0.102638
12.1498
-0.0400101
-0.0340443
-0.0180197
0
00:02:387: <MSG>: 
23.3731
12.2505
0.573926
0.101614
12.1534
-0.0331989
-0.0438402
-0.0328192
0
00:02:397: <MSG>: 
23.3731
12.1448
0.560865
0.100851
12.155
-0.0281755
-0.0538093
-0.0443826
0
00:02:406: <MSG>: 
23.3731
12.0891
0.603019
0.100299
12.1592
-0.0238495
-0.0643854
-0.0534026
0
00:02:416: <MSG>: 
23.3731
12.0891
0.603019
0.0995547
12.1655
-0.0168168
-0.0763326
-0.0649748
0
00:02:425: <MSG>: 
23.3731
12.0744
0.624795
0.09924
12.1729
-0.0140106
-0.0775448
-0.0692517
0
00:02:434: <MSG>: 
23.3731
12.0841
0.616936
0.0989836
12.1812
-0.00671164
-0.0774422
-0.072127
0
00:02:443: <MSG>: 
23.3731
12.1145
0.602179
0.0986871
12.1923
0.00635778
-0.0771725
-0.0753749
0
00:02:452: <MSG>: 
23.3731
12.1491
0.602802
0.0984727
12.2034
0.0181422
-0.077235
-0.0774709
0
00:02:461: <MSG>: 
23.3731
12.1491
0.602802
0.0982304
12.2149
0.0298293
-0.0776666
-0.0801034
0
00:02:471: <MSG>: 
23.3731
12.1712
0.601485
0.0980698
12.2291
0.043757
-0.0779831
-0.0813698
0
00:02:480: <MSG>: 
23.3731
12.1629
0.587395
0.0978251
12.2502
0.0676085
-0.0778143
-0.0837621
0
00:02:488: <MSG>: 
23.3731
12.1501
0.584757
0.0977174
12.2587
0.077301
-0.0786823
-0.0844167
0
00:02:498: <MSG>: 
23.3731
12.1501
0.584757
0.0975743
12.2745
0.0938931
-0.0793194
-0.0854521
0
00:02:507: <MSG>: 
23.3731
12.1568
0.586709
0.097513
12.2878
0.108118
-0.0802876
-0.0852845
0
00:02:516: <MSG>: 
23.3731
12.1722
0.593765
0.0974297
12.3105
0.13157
-0.0807292
-0.0852978
0
00:02:526: <MSG>: 
23.3731
12.1729
0.58814
0.0973572
12.337
0.160391
-0.0809411
-0.0851073
0
00:02:536: <MSG>: 
23.3731
12.1729
0.58814
0.0972878
12.3634
0.188657
-0.081266
-0.0847735
0
00:02:545: <MSG>: 
23.3731
12.1622
0.585416
0.0972146
12.3385
0.158024
-0.0821453
-0.0849326
0
00:02:554: <MSG>: 
23.3731
12.1655
0.590216
0.0971582
12.315
0.128948
-0.0826684
-0.0847364
0
00:02:563: <MSG>: 
23.3731
12.1754
0.602858
0.0971821
12.2983
0.107184
-0.0827235
-0.0832659
0
00:02:572: <MSG>: 
23.3731
12.1754
0.602858
0.0972362
12.2845
0.0897097
-0.0828366
-0.0813751
0
00:02:581: <MSG>: 
23.3731
12.183
0.598386
0.0971214
12.2635
0.0641455
-0.0820171
-0.0817507
0
00:02:590: <MSG>: 
23.3731
12.1939
0.591141
0.0970711
12.2457
0.0436677
-0.0816465
-0.0811877
0
00:02:599: <MSG>: 
23.3731
12.2127
0.586689
0.0968533
12.2244
0.0181101
-0.0811271
-0.0831084
0
00:02:609: <MSG>: 
23.3731
12.2127
0.586689
0.0955084
12.2099
0.000357446
-0.0942721
-0.100911
0
00:02:617: <MSG>: 
23.3731
12.2247
0.595253
0.0945623
12.1975
-0.0157039
-0.105318
-0.113548
0
00:02:627: <MSG>: 
23.3731
12.2191
0.59024
0.0938477
12.1856
-0.0313353
-0.115151
-0.123
0
00:02:637: <MSG>: 
23.3731
12.2031
0.588023
0.0930819
12.1747
-0.0443664
-0.124786
-0.132737
0
00:02:646: <MSG>: 
23.3731
12.1931
0.590142
0.0923634
12.1646
-0.0567231
-0.13383
-0.141897
0
00:02:656: <MSG>: 
23.3731
12.1931
0.590142
0.0917911
12.154
-0.0693745
-0.142427
-0.149118
0
00:02:665: <MSG>: 
23.3731
12.1922
0.594882
0.09152
12.141
-0.0861753
-0.150285
-0.152499
0
00:02:674: <MSG>: 
23.3731
12.1915
0.595718
0.0909495
12.133
-0.0952018
-0.15735
-0.159225
0
00:02:683: <MSG>: 
23.3731
12.1921
0.587127
0.0907504
12.1209
-0.108043
-0.162263
-0.160954
1
00:02:693: <MSG>: 
23.3731
12.1921
0.587127
0.0906122
12.1093
-0.120713
-0.166694
-0.161747
0
00:02:702: <MSG>: 
23.3731
12.194
0.58466
0.0903679
12.0996
-0.130165
-0.171014
-0.163829
0
00:02:711: <MSG>: 
23.3731
12.1922
0.587401
0.0900736
12.0924
-0.136508
-0.174802
-0.16637
0
00:02:720: <MSG>: 
23.3731
12.1865
0.587712
0.0897984
12.0851
-0.143892
-0.178493
-0.16865
0
00:02:731: <MSG>: 
23.3731
12.1748
0.58252
0.089591
12.0772
-0.151516
-0.181564
-0.16971
0
00:02:740: <MSG>: 
23.3731
12.1748
0.58252
0.0892398
12.0743
-0.15236
-0.18371
-0.172588
0
00:02:749: <MSG>: 
23.3731
12.1641
0.582723
0.089175
12.0665
-0.159978
-0.185626
-0.171751
0
00:02:758: <MSG>: 
23.3731
12.154
0.582199
0.0890229
12.0612
-0.164168
-0.187249
-0.171941
0
00:02:767: <MSG>: 
23.3731
12.1488
0.58321
0.0888891
12.0561
-0.168149
-0.18884
-0.171953
0
00:02:776: <MSG>: 
23.3731
12.1488
0.58321
0.0885953
12.0562
-0.165026
-0.189684
-0.173769
0
00:02:786: <MSG>: 
23.3731
12.1449
0.579199
0.0884309
12.0525
-0.167336
-0.190697
-0.17397
0
00:02:795: <MSG>: 
23.3731
12.1416
0.579332
0.088236
12.0513
-0.166349
-0.190808
-0.174347
0
00:02:804: <MSG>: 
23.3731
12.1394
0.578476
0.088053
12.0504
-0.165489
-0.191105
-0.174573
0
00:02:813: <MSG>: 
23.3731
12.1383
0.574653
0.08791
12.05
-0.164125
-0.191088
-0.174331
0
00:02:823: <MSG>: 
23.3731
12.1383
0.574653
0.0878006
12.0501
-0.16178
-0.190707
-0.173404
0
00:02:832: <MSG>: 
23.3731
12.1337
0.571406
0.0876876
12.0503
-0.159357
-0.190626
-0.17259
0
00:02:841: <MSG>: 
23.3731
12.1296
0.573427
0.0875443
12.0534
-0.153308
-0.18993
-0.172233
0
00:02:850: <MSG>: 
23.3731
12.1257
0.57364
0.0874211
12.0563
-0.147696
-0.189441
-0.1715
0
00:02:860: <MSG>: 
23.3731
12.1257
0.57364
0.0872048
12.0627
-0.138568
-0.188448
-0.17191
0
00:02:869: <MSG>: 
23.3731
12.1226
0.574211
0.0872721
12.06
-0.141567
-0.187745
-0.167837
0
00:02:879: <MSG>: 
23.3731
12.1238
0.57212
0.0873369
12.0592
-0.142085
-0.187614
-0.163902
0
00:02:888: <MSG>: 
23.3731
12.1229
0.571184
0.0874851
12.0552
-0.146029
-0.187566
-0.158789
0
00:02:898: <MSG>: 
23.3731
12.1256
0.571013
0.0874637
12.0523
-0.148958
-0.186119
-0.156351
0
00:02:907: <MSG>: 
23.3731
12.1256
0.571013
0.087314
12.0515
-0.149243
-0.186684
-0.156443
0
00:02:917: <MSG>: 
23.3731
12.1234
0.572779
0.0873502
12.0499
-0.150922
-0.188177
-0.153823
0
00:02:925: <MSG>: 
23.3731
12.1218
0.572239
0.087388
12.058
-0.14015
-0.185377
-0.150828
0
00:02:934: <MSG>: 
23.3731
12.1227
0.571893
0.0874501
12.0664
-0.128836
-0.182817
-0.147461
0
00:02:943: <MSG>: 
23.3731
12.1227
0.571893
0.0875308
12.0762
-0.115468
-0.180353
-0.143926
0
00:02:952: <MSG>: 
23.3731
12.1202
0.571812
0.087618
12.0865
-0.101636
-0.178019
-0.140326
0
00:02:961: <MSG>: 
23.3731
12.1214
0.570511
0.0878332
12.0931
-0.0918881
-0.175755
-0.135064
0
00:02:970: <MSG>: 
23.3731
12.1224
0.571709
0.0880556
12.0978
-0.0851119
-0.173549
-0.129697
0
00:02:979: <MSG>: 
23.3731
12.1224
0.571709
0.0881779
12.1134
-0.0655291
-0.170925
-0.125692
0
00:02:988: <MSG>: 
23.3731
12.1238
0.571568
0.0882684
12.0734
-0.109999
-0.16873
-0.122399
0
00:02:997: <MSG>: 
23.3731
12.1243
0.57416
0.0884684
12.0928
-0.0856595
-0.165595
-0.117232
0
00:03:006: <MSG>: 
23.3731
12.1258
0.573628
0.0886854
12.1166
-0.0562694
-0.162573
-0.111929
0
00:03:016: <MSG>: 
23.3731
12.1258
0.573628
0.0888993
12.0929
-0.0818548
-0.160168
-0.106896
0
00:03:024: <MSG>: 
23.3731
12.126
0.572047
0.0891088
12.0705
-0.106955
-0.157784
-0.102118
0
00:03:034: <MSG>: 
23.3731
12.124
0.573201
0.0893109
12.0486
-0.131
-0.155396
-0.0973866
0
00:03:042: <MSG>: 
23.3731
12.1237
0.576419
0.0895044
12.0295
-0.151824
-0.15277
-0.0928446
0
00:03:052: <MSG>: 
23.3731
12.1237
0.576419
0.0896084
12.009
-0.173676
-0.149873
-0.0894354
0
00:03:060: <MSG>: 
23.3731
12.1245
0.577504
0.0897242
11.991
-0.192508
-0.146872
-0.085943
0
00:03:071: <MSG>: 
23.3731
12.1276
0.578111
0.0898124
11.9702
-0.215004
-0.143876
-0.0826941
0
00:03:079: <MSG>: 
23.3731
12.1256
0.577542
0.0898472
11.9506
-0.236287
-0.140438
-0.0803105
0
00:03:089: <MSG>: 
23.3731
12.1238
0.576743
0.0899261
11.9344
-0.253221
-0.137413
-0.0773297
0
00:03:097: <MSG>: 
23.3731
12.1238
0.576743
0.0899771
11.9202
-0.267625
-0.134308
-0.0748139
0
00:03:107: <MSG>: 
23.3731
12.1204
0.576587
0.0900966
11.9101
-0.276795
-0.13159
-0.0713571
0
00:03:117: <MSG>: 
23.3731
12.1113
0.574436
0.0897322
11.9279
-0.246863
-0.133435
-0.076566
0
00:03:127: <MSG>: 
23.3731
12.0955
0.573279
0.0893713
11.9439
-0.220949
-0.134534
-0.0815198
0
00:03:136: <MSG>: 
23.3731
12.0955
0.573279
0.0892061
11.9571
-0.20078
-0.136812
-0.0834752
0
00:03:145: <MSG>: 
23.3731
12.0778
0.575747
0.0890066
11.97
-0.181424
-0.138086
-0.0857355
0
00:03:154: <MSG>: 
23.3731
12.0558
0.575587
0.0889416
11.9826
-0.163512
-0.138959
-0.085585
0
00:03:164: <MSG>: 
23.3731
12.0369
0.580262
0.0889497
11.9944
-0.147214
-0.139773
-0.0841832
1
00:03:173: <MSG>: 
23.3731
12.0282
0.584601
0.0888449
12.0047
-0.132301
-0.140227
-0.0846229
0
00:03:182: <MSG>: 
23.3731
12.0282
0.584601
0.0889605
12.0109
-0.123518
-0.140457
-0.0814836
0
00:03:192: <MSG>: 
23.3731
12.0313
0.587586
0.0890232
12.0199
-0.111625
-0.140772
-0.0792427
0
00:03:202: <MSG>: 
23.3731
12.039
0.586304
0.0891943
12.0263
-0.103689
-0.141327
-0.07528
0
00:03:211: <MSG>: 
23.3731
12.0413
0.583624
0.0893516
12.0326
-0.096612
-0.141842
-0.0717257
0
00:03:221: <MSG>: 
23.3731
12.0413
0.583624
0.0897178
12.0341
-0.095191
-0.14117
-0.0646864
0
00:03:230: <MSG>: 
23.3731
12.0422
0.585326
0.0899944
12.0367
-0.0921212
-0.140567
-0.0592274
0
00:03:239: <MSG>: 
23.3731
12.0382
0.584108
0.0902871
12.0387
-0.0899859
-0.139751
-0.0535747
0
00:03:248: <MSG>: 
23.3731
12.0356
0.583519
0.0905721
12.0398
-0.0887562
-0.13919
-0.0482244
0
00:03:258: <MSG>: 
23.3731
12.0365
0.582259
0.0907104
12.0449
-0.0819537
-0.137854
-0.0449405
0
00:03:268: <MSG>: 
23.3731
12.0365
0.582259
0.0908885
12.0494
-0.0761968
-0.136265
-0.0410873
0
00:03:277: <MSG>: 
23.3731
12.0408
0.582879
0.0910203
12.0555
-0.0683329
-0.134369
-0.0379306
0
00:03:286: <MSG>: 
23.3731
12.0418
0.582512
0.0912566
12.0584
-0.0648887
-0.132797
-0.0333496
0
00:03:295: <MSG>: 
23.3731
12.0384
0.585714
0.091424
12.0632
-0.0596729
-0.13059
-0.0297326
0
00:03:305: <MSG>: 
23.3731
12.0384
0.585714
0.0915194
12.0708
-0.0506693
-0.128057
-0.0271278
0
00:03:314: <MSG>: 
23.3731
12.0402
0.585985
0.0916421
12.0785
-0.0415727
-0.125209
-0.0240723
0
00:03:323: <MSG>: 
23.3731
12.04
0.588265
0.091792
12.0852
-0.0337966
-0.122502
-0.020704
0
00:03:332: <MSG>: 
23.3731
12.0421
0.590415
0.092365
12.0872
-0.0313894
-0.120056
-0.0124152
0
00:03:342: <MSG>: 
23.3731
12.043
0.590206
0.0927253
12.0893
-0.0284562
-0.118448
-0.00717904
0
00:03:351: <MSG>: 
23.3731
12.043
0.590206
0.0930052
12.0921
-0.0247478
-0.117603
-0.00324921
0
00:03:360: <MSG>: 
23.3731
12.0429
0.591253
0.0930011
12.094
-0.0223403
-0.116999
-0.00306942
0
00:03:369: <MSG>: 
23.3731
12.0462
0.591295
0.0929546
12.0951
-0.0207786
-0.11712
-0.00362783
0
00:03:379: <MSG>: 
23.3731
12.0511
0.590495
0.093278
12.0949
-0.0206343
-0.115991
0.000891622
0
00:03:388: <MSG>: 
23.3731
12.0511
0.590495
0.0933205
12.0984
-0.0163895
-0.116183
0.0014043
0
00:03:397: <MSG>: 
23.3731
12.0545
0.590094
0.0937591
12.1028
-0.0115306
-0.117672
0.00662169
0
00:03:406: <MSG>: 
23.3731
12.0579
0.590044
0.0939015
12.113
-0.0005395
-0.113892
0.00976603
0
00:03:415: <MSG>: 
23.3731
12.0584
0.59081
0.0941213
12.1193
0.00463487
-0.110172
0.0139835
0
00:03:424: <MSG>: 
23.3731
12.0542
0.591374
0.0943397
12.1263
0.0110362
-0.10661
0.0180698
0
00:03:434: <MSG>: 
23.3731
12.0542
0.591374
0.0945329
12.1366
0.0216189
-0.102893
0.0217764
0
00:03:443: <MSG>: 
23.3731
12.0516
0.593029
0.0948364
12.1433
0.0283076
-0.0992934
0.0270086
0
00:03:452: <MSG>: 
23.3731
12.0528
0.594352
0.0950434
12.1579
0.0445614
-0.0952281
0.0308855
0
00:03:461: <MSG>: 
23.3731
12.0566
0.596224
0.0952704
12.1731
0.0616741
-0.0913012
0.0349788
0
00:03:471: <MSG>: 
23.3731
12.0566
0.596224
0.0954484
12.1937
0.0851729
-0.0871091
0.0383973
0
00:03:479: <MSG>: 
23.3731
12.0637
0.595294
0.0956016
12.2143
0.107794
-0.0831127
0.0413678
0
00:03:489: <MSG>: 
23.3731
12.067
0.594906
0.0957911
12.2364
0.132295
-0.0793513
0.044734
0
00:03:498: <MSG>: 
23.3731
12.0703
0.595955
0.0959686
12.2619
0.161057
-0.0756788
0.0478918
0
00:03:507: <MSG>: 
23.3731
12.0703
0.595955
0.0962183
12.2837
0.185344
-0.0726045
0.0518504
0
00:03:516: <MSG>: 
23.3731
12.0757
0.595802
0.0964044
12.2493
0.144079
-0.0696659
0.0545717
0
00:03:525: <MSG>: 
23.3731
12.0826
0.597042
0.0965906
12.215
0.102462
-0.0667642
0.0572767
0
00:03:534: <MSG>: 
23.3731
12.0983
0.59871
0.0968175
12.1854
0.0667121
-0.0633647
0.060682
0
00:03:543: <MSG>: 
23.3731
12.0983
0.59871
0.0970382
12.1582
0.034016
-0.0599899
0.0639237
0
00:03:552: <MSG>: 
23.3731
12.1126
0.598546
0.0972467
12.137
0.00870879
-0.0567225
0.0669548
0
00:03:561: <MSG>: 
23.3731
12.1298
0.598688
0.0974414
12.1181
-0.0134527
-0.053517
0.0697465
0
00:03:570: <MSG>: 
23.3731
12.1419
0.592086
0.0975925
12.1014
-0.0326532
-0.0507106
0.0717495
0
00:03:580: <MSG>: 
23.3731
12.1419
0.592086
0.0977288
12.0835
-0.0539385
-0.0478647
0.0735019
0
00:03:589: <MSG>: 
23.3731
12.1416
0.590968
0.09784
12.0689
-0.0707993
-0.0450701
0.0748421
0
00:03:598: <MSG>: 
23.3731
12.1312
0.59174
0.0979977
12.0601
-0.0806861
-0.0426404
0.0767856
0
00:03:608: <MSG>: 
23.3731
12.1207
0.5935
0.0975515
12.0616
-0.0774903
-0.0488322
0.0687839
0
00:03:617: <MSG>: 
23.3731
12.1207
0.5935
0.0973617
12.0603
-0.0787254
-0.0547742
0.0640053
0
00:03:626: <MSG>: 
23.3731
12.1131
0.597505
0.097021
12.0606
-0.0776804
-0.0608613
0.0574878
0
00:03:636: <MSG>: 
23.3731
12.1118
0.598834
0.0968333
12.0605
-0.0779121
-0.0663952
0.0529377
0
00:03:645: <MSG>: 
23.3731
12.1111
0.597972
0.0964014
12.0618
-0.0753976
-0.0714446
0.0457845
0
00:03:654: <MSG>: 
23.3731
12.1103
0.599534
0.0961947
12.0627
-0.0742813
-0.0760586
0.0414814
0
00:03:664: <MSG>: 
23.3731
12.1103
0.599534
0.0960215
12.0632
-0.0720373
-0.0787512
0.0381451
0
00:03:673: <MSG>: 
23.3731
12.108
0.601578
0.0961353
12.0621
-0.073789
-0.0812654
0.0383046
1
00:03:683: <MSG>: 
23.3731
12.1047
0.601354
0.0964533
12.056
-0.0809647
-0.0831817
0.041046
0
00:03:692: <MSG>: 
23.3731
12.1039
0.600537
0.0966185
12.0525
-0.0841851
-0.0845039
0.0421408
0
00:03:701: <MSG>: 
23.3731
12.1037
0.599947
0.0967882
12.0487
-0.0878087
-0.0860758
0.0431695
0
00:03:711: <MSG>: 
23.3731
12.1037
0.599947
0.0968646
12.0463
-0.0900176
-0.0875952
0.0430897
0
00:03:720: <MSG>: 
23.3731
12.1032
0.601131
0.0969373
12.0453
-0.0902106
-0.0878744
0.0433302
0
00:03:730: <MSG>: 
23.3731
12.1027
0.599394
0.0970032
12.0439
-0.0908812
-0.0884751
0.0433852
0
00:03:738: <MSG>: 
23.3731
12.1022
0.596217
0.0970575
12.0422
-0.0918387
-0.0895122
0.0432084
0
00:03:748: <MSG>: 
23.3731
12.1022
0.596217
0.0971385
12.0406
-0.0925609
-0.0901758
0.04344
0
00:03:757: <MSG>: 
23.3731
12.1011
0.595618
0.0971262
12.0408
-0.0907338
-0.0907716
0.0425511
0
00:03:767: <MSG>: 
23.3731
12.1014
0.59677
0.0971805
12.0407
-0.089484
-0.0909385
0.0426122
0
00:03:777: <MSG>: 
23.3731
12.1023
0.597859
0.0972452
12.04
-0.0885783
-0.0912218
0.0427355
0
00:03:786: <MSG>: 
23.3731
12.1026
0.600446
0.0971339
12.0441
-0.082316
-0.0908159
0.0409195
0
00:03:796: <MSG>: 
23.3731
12.1026
0.600446
0.0971625
12.0453
-0.0801154
-0.0903804
0.0408632
0
00:03:805: <MSG>: 
23.3731
12.1026
0.602496
0.0971135
12.0492
-0.0743871
-0.0896483
0.0399323
0
00:03:814: <MSG>: 
23.3731
12.1003
0.604094
0.0971919
12.0504
-0.0721938
-0.0888091
0.0406679
0
00:03:823: <MSG>: 
23.3731
12.0983
0.603294
0.0972759
12.0513
-0.0702861
-0.0881925
0.0413665
0
00:03:833: <MSG>: 
23.3731
12.0971
0.604792
0.097193
12.0586
-0.060285
-0.0869222
0.0401448
0
00:03:843: <MSG>: 
23.3731
12.0971
0.604792
0.0971402
12.0666
-0.0494987
-0.0852654
0.0394504
0
00:03:852: <MSG>: 
23.3731
12.0983
0.603727
0.0971491
12.0692
-0.0464884
-0.0845429
0.0391795
0
00:03:861: <MSG>: 
23.3731
12.0962
0.604244
0.0972147
12.0744
-0.0409209
-0.0833919
0.0399549
0
00:03:870: <MSG>: 
23.3731
12.0958
0.604229
0.0972261
12.0777
-0.0375374
-0.0831194
0.0395854
0
00:03:880: <MSG>: 
23.3731
12.0958
0.604229
0.0973188
12.0789
-0.0366535
-0.0829902
0.0404158
0
00:03:889: <MSG>: 
23.3731
12.098
0.60389
0.0972059
12.0804
-0.0353252
-0.0819132
0.0383738
0
00:03:899: <MSG>: 
23.3731
12.0974
0.603794
0.0973097
12.0837
-0.0320816
-0.0826179
0.0391584
0
00:03:908: <MSG>: 
23.3731
12.0966
0.603992
0.0972963
12.0873
-0.0284612
-0.0836793
0.0380772
0
00:03:917: <MSG>: 
23.3731
12.0976
0.602393
0.0972375
12.0921
-0.023833
-0.0855356
0.0360848
0
00:03:927: <MSG>: 
23.3731
12.0976
0.602393
0.0974814
12.0955
-0.0187394
-0.0833197
0.0392936
0
00:03:936: <MSG>: 
23.3731
12.0998
0.60257
0.097693
12.1006
-0.0117088
-0.0813247
0.0420626
0
00:03:945: <MSG>: 
23.3731
12.0986
0.603636
0.097846
12.1077
-0.00363109
-0.0790908
0.0441061
0
00:03:955: <MSG>: 
23.3731
12.0986
0.603735
0.0979972
12.1155
0.00530417
-0.077017
0.0460813
0
00:03:963: <MSG>: 
23.3731
12.0986
0.603735
0.0980633
12.1302
0.0225845
-0.0747822
0.047058
0
00:03:973: <MSG>: 
23.3731
12.1011
0.60223
0.0981417
12.1461
0.0412718
-0.0727392
0.0480856
0
00:03:983: <MSG>: 
23.3731
12.1011
0.602778
0.0982408
12.1628
0.0608145
-0.0707247
0.0492998
0
00:03:993: <MSG>: 
23.3731
12.0987
0.602195
0.0983614
12.1815
0.0828806
-0.0688619
0.0507686
0
00:04:002: <MSG>: 
23.3731
12.0996
0.603878
0.0985998
12.1955
0.0989115
-0.0668387
0.0538199
0
00:04:011: <MSG>: 
23.3731
12.0996
0.603878
0.098849
12.2114
0.117282
-0.0649371
0.0569522
0
00:04:021: <MSG>: 
23.3731
12.1002
0.604778
0.0989976
12.2364
0.145241
-0.0627403
0.0588531
0
00:04:030: <MSG>: 
23.3731
12.1026
0.604328
0.0991492
12.2122
0.116396
-0.0610101
0.0604714
0
00:04:039: <MSG>: 
23.3731
12.1043
0.604614
0.0992063
12.1877
0.0874321
-0.0590535
0.0609317
0
00:04:048: <MSG>: 
23.3731
12.1086
0.605843
0.0992621
12.1652
0.0608297
-0.0570684
0.0613855
0
00:04:057: <MSG>: 
23.3731
12.1086
0.605843
0.0992911
12.1454
0.0377509
-0.055103
0.0614911
0
00:04:066: <MSG>: 
23.3731
12.1094
0.606125
0.0994546
12.1324
0.0226341
-0.0529168
0.0634488
0
00:04:076: <MSG>: 
23.3731
12.1148
0.606852
0.0995965
12.1201
0.00854686
-0.0507382
0.0650938
0
00:04:085: <MSG>: 
23.3731
12.1205
0.606465
0.0998047
12.1132
0.000103148
-0.0489039
0.0675063
0
00:04:094: <MSG>: 
23.3731
12.1205
0.606465
0.0999768
12.1043
-0.0104476
-0.0471206
0.0694167
0
00:04:103: <MSG>: 
23.3731
12.1183
0.604204
0.100106
12.0982
-0.0176185
-0.0454743
0.070671
0
00:04:112: <MSG>: 
23.3731
12.1133
0.607979
0.100327
12.0962
-0.0196145
-0.0438922
0.0731054
0
00:04:122: <MSG>: 
23.3731
12.1101
0.608703
0.0998698
12.1022
-0.00939147
-0.0484302
0.0635591
0
00:04:131: <MSG>: 
23.3731
12.1101
0.608703
0.0994443
12.1077
-0.000817279
-0.0528785
0.0548056
0
00:04:140: <MSG>: 
23.3731
12.1109
0.606565
0.0991387
12.1118
0.00538327
-0.0570475
0.0480892
0
00:04:150: <MSG>: 
23.3731
12.1125
0.605417
0.0988574
12.1162
0.0116984
-0.0606876
0.0420235
0
00:04:160: <MSG>: 
23.3731
12.1132
0.603559
0.0985234
12.1224
0.0204265
-0.063781
0.0354327
0
00:04:169: <MSG>: 
23.3731
12.1132
0.603559
0.0984658
12.1269
0.025619
-0.066699
0.0331891
0
00:04:179: <MSG>: 
23.3731
12.1119
0.603099
0.0983513
12.1305
0.0308419
-0.0685723
0.0304306
1
00:04:188: <MSG>: 
23.3731
12.1102
0.602975
0.0983943
12.132
0.0319439
-0.0715075
0.0297584
0
00:04:197: <MSG>: 
23.3731
12.1099
0.602409
0.0986015
12.13
0.0291556
-0.0736542
0.0317712
0
00:04:206: <MSG>: 
23.3731
12.1107
0.60165
0.0987556
12.1286
0.0274548
-0.0756529
0.0329691
0
00:04:217: <MSG>: 
23.3731
12.1107
0.60165
0.0989174
12.1267
0.0243187
-0.0778105
0.0341411
0
00:04:227: <MSG>: 
23.3731
12.1121
0.602096
0.0989966
12.1262
0.023105
-0.0796752
0.0342065
0
00:04:236: <MSG>: 
23.3731
12.1131
0.600735
0.09896
12.1288
0.0263073
-0.0803954
0.032937
0
00:04:246: <MSG>: 
23.3731
12.111
0.598161
0.0990275
12.1287
0.0257993
-0.0814774
0.0330688
0
00:04:255: <MSG>: 
23.3731
12.11
0.597487
0.0990078
12.1306
0.0280014
-0.082273
0.0320356
0
00:04:264: <MSG>: 
23.3731
12.11
0.597487
0.0989081
12.1345
0.0329475
-0.0827595
0.0299916
0
00:04:274: <MSG>: 
23.3731
12.1106
0.594604
0.0988063
12.1382
0.0374325
-0.0835579
0.027835
0
00:04:283: <MSG>: 
23.3731
12.1114
0.594595
0.0987647
12.1409
0.0407255
-0.0841171
0.0266431
0
00:04:293: <MSG>: 
23.3731
12.111
0.593546
0.0985699
12.1489
0.0508229
-0.0839087
0.0235188
0
00:04:302: <MSG>: 
23.3731
12.1122
0.592161
0.0982917
12.1601
0.0649426
-0.0834027
0.0193567
0
00:04:312: <MSG>: 
23.3731
12.1122
0.592161
0.0982541
12.1651
0.0708755
-0.0831089
0.0186229
0
00:04:320: <MSG>: 
23.3731
12.1129
0.59123
0.0982177
12.1687
0.0742554
-0.0829956
0.0178765
0
00:04:330: <MSG>: 
23.3731
12.1146
0.59397
0.0981984
12.1722
0.0774572
-0.0828869
0.0173691
0
00:04:339: <MSG>: 
23.3731
12.1147
0.596022
0.0982022
12.1764
0.0815143
-0.0822672
0.0173483
0
00:04:349: <MSG>: 
23.3731
12.1156
0.596321
0.0981581
12.1828
0.0884587
-0.0813745
0.0167408
0
00:04:359: <MSG>: 
23.3731
12.1156
0.596321
0.0982365
12.1848
0.0897344
-0.0828867
0.0170512
0
00:04:368: <MSG>: 
23.3731
12.1155
0.593037
0.0979758
12.1875
0.0920076
-0.0856509
0.0128141
0
00:04:378: <MSG>: 
23.3731
12.1152
0.593512
0.0977362
12.1891
0.0932703
-0.0880147
0.00899939
0
00:04:387: <MSG>: 
23.3731
12.1149
0.591362
0.0979
12.1895
0.0929214
-0.0888101
0.0106896
0
00:04:397: <MSG>: 
23.3731
12.1149
0.591362
0.0976542
12.1917
0.0947024
-0.091793
0.00664276
0
00:04:407: <MSG>: 
23.3731
12.1151
0.593611
0.0977234
12.1962
0.0980495
-0.0957238
0.00629465
0
00:04:417: <MSG>: 
23.3731
12.1163
0.595537
0.0977935
12.1986
0.0992935
-0.0994476
0.00603064
0
00:04:425: <MSG>: 
23.3731
12.1167
0.594552
0.0977934
12.207
0.107118
-0.0975024
0.0064935
0
00:04:435: <MSG>: 
23.3731
12.1166
0.595057
0.0978125
12.2158
0.115544
-0.0956903
0.00719204
0
00:04:444: <MSG>: 
23.3731
12.1166
0.595057
0.0979969
12.2187
0.117283
-0.0941068
0.0101846
0
00:04:453: <MSG>: 
23.3731
12.1164
0.597407
0.09811
12.2273
0.125759
-0.0920438
0.0122491
0
00:04:463: <MSG>: 
23.3731
12.1175
0.599646
0.0982322
12.2374
0.13605
-0.0899735
0.014426
0
00:04:472: <MSG>: 
23.3731
12.1174
0.599438
0.0983087
12.2531
0.152965
-0.0876244
0.0160218
0
00:04:481: <MSG>: 
23.3731
12.1169
0.600557
0.0984004
12.2706
0.172095
-0.0853423
0.0178107
0
00:04:490: <MSG>: 
23.3731
12.1169
0.600557
0.0984539
12.2893
0.191418
-0.0830579
0.0190186
0
00:04:500: <MSG>: 
23.3731
12.1198
0.603049
0.0986023
12.3055
0.207845
-0.0809084
0.021512
0
00:04:509: <MSG>: 
23.3731
12.1219
0.60243
0.0988564
12.3176
0.219721
-0.078875
0.025432
0
00:04:519: <MSG>: 
23.3731
12.1242
0.605494
0.0990359
12.3413
0.245277
-0.0762809
0.0284165
0
00:04:528: <MSG>: 
23.3731
12.1242
0.605494
0.0992164
12.3163
0.214338
-0.0741922
0.031052
0
00:04:537: <MSG>: 
23.3731
12.1241
0.604977
0.0993883
12.2956
0.188659
-0.0721804
0.0335424
0
00:04:548: <MSG>: 
23.3731
12.1314
0.609342
0.0994919
12.2712
0.158423
-0.0695521
0.0351137
0
00:04:558: <MSG>: 
23.3731
12.1431
0.608322
0.0997795
12.2605
0.143909
-0.0672758
0.0392405
0
00:04:567: <MSG>: 
23.3731
12.158
0.60839
0.100007
12.2501
0.130234
-0.0650089
0.0424785
0
00:04:576: <MSG>: 
23.3731
12.158
0.60839
0.100213
12.2381
0.115057
-0.0627616
0.0453851
0
00:04:585: <MSG>: 
23.3731
12.1696
0.6043
0.100433
12.2296
0.103075
-0.0611
0.0482365
0
00:04:594: <MSG>: 
23.3731
12.176
0.60404
0.100631
12.2229
0.0936777
-0.0594583
0.0507276
0
00:04:604: <MSG>: 
23.3731
12.1726
0.602745
0.099866
12.2105
0.0778742
-0.067385
0.0388524
0
00:04:613: <MSG>: 
23.3731
12.1643
0.604047
0.0995511
12.1977
0.0609293
-0.0738061
0.0327754
0
00:04:623: <MSG>: 
23.3731
12.1643
0.604047
0.0989445
12.1891
0.0503138
-0.0803533
0.0233329
0
00:04:632: <MSG>: 
23.3731
12.1622
0.604648
0.0983171
12.1806
0.0399091
-0.0871869
0.0136504
0
00:04:642: <MSG>: 
23.3731
12.1629
0.606471
0.0977831
12.1729
0.0305735
-0.09369
0.00527068
0
00:04:651: <MSG>: 
23.3731
12.1646
0.605026
0.097432
12.1653
0.0207406
-0.0991352
-0.000541034
0
00:04:661: <MSG>: 
23.3731
12.1651
0.604161
0.0970158
12.1589
0.012567
-0.104945
-0.00717495
0
00:04:670: <MSG>: 
23.3731
12.1651
0.604161
0.0966083
12.154
0.00670674
-0.109931
-0.0134046
0
00:04:680: <MSG>: 
23.3731
12.1636
0.605998
0.0965802
12.1448
-0.00383675
-0.112619
-0.0143625
1
00:04:689: <MSG>: 
23.3731
12.1604
0.605508
0.0965442
12.1359
-0.0139279
-0.115491
-0.0154686
0
00:04:699: <MSG>: 
23.3731
12.1584
0.604771
0.0965674
12.1266
-0.0243118
-0.11807
-0.0157333
0
00:04:709: <MSG>: 
23.3731
12.1584
0.604771
0.0964135
12.121
-0.0297151
-0.120261
-0.0180522
0
00:04:718: <MSG>: 
23.3731
12.1575
0.608173
0.0964569
12.1133
-0.0379882
-0.121549
-0.0176901
0
00:04:727: <MSG>: 
23.3731
12.1562
0.606408
0.0964978
12.1054
-0.0464614
-0.123124
-0.0174554
0
00:04:737: <MSG>: 
23.3731
12.1553
0.605945
0.0963438
12.1019
-0.0489478
-0.124307
-0.0194924
0
00:04:746: <MSG>: 
23.3731
12.1529
0.606027
0.0962044
12.0977
-0.0532236
-0.12554
-0.0213513
0
00:04:756: <MSG>: 
23.3731
12.1529
0.606027
0.0959851
12.0957
-0.0544959
-0.126581
-0.0241298
0
00:04:765: <MSG>: 
23.3731
12.1493
0.604104
0.095807
12.0937
-0.0557769
-0.127289
-0.0262799
0
00:04:775: <MSG>: 
23.3731
12.1452
0.604267
0.0956846
12.0915
-0.0572775
-0.127566
-0.0275906
0
00:04:784: <MSG>: 
23.3731
12.1397
0.605497
0.0954809
12.0922
-0.0551428
-0.127504
-0.0298387
0
00:04:793: <MSG>: 
23.3731
12.1368
0.607428
0.0954482
12.0897
-0.0570437
-0.127314
-0.0298423
0
00:04:804: <MSG>: 
23.3731
12.1368
0.607428
0.0954473
12.0875
-0.0585312
-0.126788
-0.0293
0
00:04:813: <MSG>: 
23.3731
12.1347
0.609174
0.0953794
12.0881
-0.0565905
-0.125889
-0.0295496
0
00:04:822: <MSG>: 
23.3731
12.1325
0.606775
0.0952048
12.0919
-0.0508272
-0.124858
-0.0311547
0
00:04:832: <MSG>: 
23.3731
12.1319
0.607168
0.0950585
12.0955
-0.0453704
-0.123961
-0.0323933
0
00:04:842: <MSG>: 
23.3731
12.1316
0.604489
0.0948091
12.1012
-0.0384065
-0.122929
-0.0348763
0
00:04:852: <MSG>: 
23.3731
12.1316
0.604489
0.0946217
12.1069
-0.0315063
-0.121423
-0.0364378
0
00:04:861: <MSG>: 
23.3731
12.1313
0.60569
0.0947965
12.1066
-0.0328695
-0.120556
-0.0329516
0
00:04:870: <MSG>: 
23.3731
12.1314
0.606626
0.0948882
12.1087
-0.031418
-0.119274
-0.0307064
0
00:04:880: <MSG>: 
23.3731
12.13
0.604749
0.0948861
12.1089
-0.0319287
-0.119539
-0.03038
0
00:04:889: <MSG>: 
23.3731
12.1299
0.606062
0.0949279
12.1084
-0.0332169
-0.118593
-0.0290665
0
00:04:899: <MSG>: 
23.3731
12.1299
0.606062
0.0947903
12.109
-0.0329528
-0.118636
-0.0307473
0
00:04:908: <MSG>: 
23.3731
12.1299
0.606124
0.0947158
12.1105
-0.0319058
-0.11957
-0.0316795
0
00:04:918: <MSG>: 
23.3731
12.1305
0.604351
0.0947481
12.1108
-0.0326286
-0.12216
-0.0314365
0
00:04:926: <MSG>: 
23.3731
12.1324
0.605588
0.094802
12.1178
-0.0240352
-0.11981
-0.0296926
0
00:04:936: <MSG>: 
23.3731
12.1324
0.605588
0.09483
12.1244
-0.0168769
-0.11759
-0.0282871
0
00:04:945: <MSG>: 
23.3731
12.1333
0.606585
0.094985
12.128
-0.0130291
-0.115171
-0.025239
0
00:04:955: <MSG>: 
23.3731
12.1341
0.611048
0.0950744
12.1394
3.06503e-06
-0.112233
-0.0228942
0
00:04:964: <MSG>: 
23.3731
12.1338
0.608053
0.0951652
12.151
0.0133436
-0.109619
-0.0206555
0
00:04:973: <MSG>: 
23.3731
12.1351
0.609292
0.0952235
12.1058
-0.0378564
-0.107352
-0.0190921
0
00:04:982: <MSG>: 
23.3731
12.1351
0.609292
0.0953636
12.1221
-0.0185408
-0.104329
-0.0160945
0
00:04:993: <MSG>: 
23.3731
12.1373
0.611524
0.0955256
12.1433
0.00650943
-0.101274
-0.0127923
0
00:05:002: <MSG>: 
23.3731
12.1378
0.613133
0.0957318
12.1607
0.0261087
-0.0982377
-0.00899225
0
00:05:011: <MSG>: 
23.3731
12.1355
0.611848
0.0959374
12.1844
0.0539602
-0.0953776
-0.00525021
0
00:05:021: <MSG>: 
23.3731
12.1358
0.610737
0.0961338
12.157
0.0212858
-0.093075
-0.00199269
0
00:05:030: <MSG>: 
23.3731
12.1358
0.610737
0.0963103
12.1343
-0.00554695
-0.0908097
0.000962024
0
00:05:040: <MSG>: 
23.3731
12.1343
0.610771
0.0963947
12.1089
-0.0352031
-0.0882922
0.00272142
0
00:05:049: <MSG>: 
23.3731
12.1356
0.613848
0.096479
12.0849
-0.0633058
-0.085617
0.00451361
0
00:05:058: <MSG>: 
23.3731
12.137
0.613473
0.0964829
12.0607
-0.0910686
-0.0826725
0.00528554
0
00:05:067: <MSG>: 
23.3731
12.137
0.613473
0.0964572
12.0377
-0.117375
-0.0797111
0.00566177
0
00:05:076: <MSG>: 
23.3731
12.1388
0.61292
0.0964129
12.0162
-0.141918
-0.0767879
0.00578283
0
00:05:085: <MSG>: 
23.3731
12.1339
0.612036
0.0963522
11.9949
-0.166773
-0.0738446
0.00567147
0
00:05:094: <MSG>: 
23.3731
12.1318
0.614478
0.0963927
11.9779
-0.18622
-0.071081
0.00690619
0
00:05:104: <MSG>: 
23.3731
12.1318
0.614478
0.0964903
11.9652
-0.200102
-0.0686182
0.00883307
0
00:05:113: <MSG>: 
23.3731
12.1286
0.614134
0.0960664
11.9765
-0.181167
-0.0714273
0.00136554
0
00:05:123: <MSG>: 
23.3731
12.1198
0.610924
0.0956586
11.9875
-0.163417
-0.0749731
-0.00590506
0
00:05:133: <MSG>: 
23.3731
12.1088
0.605773
0.0953891
11.9956
-0.15026
-0.0778009
-0.0107084
0
00:05:142: <MSG>: 
23.3731
12.0927
0.606088
0.0951192
12.0036
-0.137906
-0.0804813
-0.0154009
0
00:05:152: <MSG>: 
23.3731
12.0927
0.606088
0.0949523
12.0127
-0.124635
-0.082599
-0.0182406
0
00:05:209: <MSG>: 
23.3731
12.0743
0.609864
0.0946474
12.0196
-0.108843
-0.0838282
-0.0210465
0
00:05:210: <MSG>: 
23.3731
12.0602
0.614084
0.0946279
12.0322
-0.0949309
-0.0845431
-0.0214677
0
00:05:211: <MSG>: 
23.3731
12.056
0.615354
0.0944834
12.0425
-0.0831565
-0.0854968
-0.0237656
0
00:05:221: <MSG>: 
23.3731
12.0615
0.611993
0.0947627
12.045
-0.0801146
-0.0851374
-0.0189323
0
00:05:230: <MSG>: 
23.3731
12.0615
0.611993
0.095021
12.0471
-0.0773
-0.0849529
-0.014592
0
00:05:241: <MSG>: 
23.3731
12.0578
0.610557
0.0952611
12.0481
-0.0767712
-0.0850369
-0.0106637
0
00:05:251: <MSG>: 
23.3731
12.0573
0.60945
0.0954691
12.0502
-0.0747456
-0.0844896
-0.00712864
0
00:05:261: <MSG>: 
23.3731
12.0573
0.60945
0.09566
12.0519
-0.0737145
-0.0841516
-0.00397032
0
00:05:270: <MSG>: 
23.3731
12.0623
0.609362
0.0956936
12.0575
-0.0670674
-0.0831918
-0.00306603
0
00:05:280: <MSG>: 
23.3731
12.0644
0.607077
0.0958479
12.06
-0.0646811
-0.082498
-0.00042167
0
00:05:289: <MSG>: 
23.3731
12.0641
0.605044
0.0960239
12.0622
-0.0627008
-0.0815905
0.00257292
0
00:05:298: <MSG>: 
23.3731
12.0617
0.603793
0.0960946
12.0672
-0.056876
-0.0804937
0.00397306
0
00:05:308: <MSG>: 
23.3731
12.0617
0.603793
0.0960967
12.0748
-0.0476601
-0.079169
0.00438096
0
00:05:318: <MSG>: 
23.3731
12.0608
0.602943
0.0960097
12.0852
-0.0347693
-0.0776441
0.0034989
0
00:05:327: <MSG>: 
23.3731
12.0601
0.601761
0.0959105
12.0957
-0.0220076
-0.0763571
0.00237586
0
00:05:336: <MSG>: 
23.3731
12.0638
0.600908
0.0963332
12.0966
-0.0217703
-0.0754315
0.00841784
0
00:05:345: <MSG>: 
23.3731
12.066
0.600704
0.096513
12.0982
-0.0206656
-0.0747978
0.0109689
0
00:05:355: <MSG>: 
23.3731
12.066
0.600704
0.0965346
12.0988
-0.0197797
-0.0756086
0.0108953
0
00:05:364: <MSG>: 
23.3731
12.0619
0.598464
0.0963203
12.0995
-0.0186645
-0.0773547
0.00730883
0
00:05:373: <MSG>: 
23.3731
12.0646
0.600182
0.0965845
12.0978
-0.0204143
-0.0774002
0.0108428
0
00:05:383: <MSG>: 
23.3731
12.0652
0.598147
0.0967911
12.0971
-0.0208887
-0.0780275
0.013358
0
00:05:393: <MSG>: 
23.3731
12.0679
0.599361
0.0971142
12.1012
-0.0164903
-0.0812887
0.0166827
0
00:05:402: <MSG>: 
23.3731
12.0692
0.600166
0.0971062
12.1132
-0.00303542
-0.0787839
0.0171012
0
00:05:412: <MSG>: 
23.3731
12.0692
0.600166
0.097116
12.1251
0.0103789
-0.0764033
0.017761
0
00:05:421: <MSG>: 
23.3731
12.0696
0.599684
0.0971311
12.1356
0.0209156
-0.0741723
0.0184329
0
00:05:430: <MSG>: 
23.3731
12.0686
0.598745
0.0972628
12.1434
0.0286726
-0.0719995
0.0208576
0
00:05:440: <MSG>: 
23.3731
12.0686
0.598745
0.0973224
12.1565
0.0432758
-0.0695759
0.0222466
0
00:05:449: <MSG>: 
23.3731
12.0696
0.600822
0.09722
12.1811
0.0724667
-0.066276
0.0214798
0
00:05:458: <MSG>: 
23.3731
12.0692
0.600431
0.0972114
12.203
0.0984357
-0.0635624
0.0219705
0
00:05:467: <MSG>: 
23.3731
12.0694
0.602989
0.0972524
12.2264
0.126273
-0.0608345
0.0232247
0
00:05:476: <MSG>: 
23.3731
12.0694
0.602989
0.0973055
12.2473
0.150022
-0.0582388
0.0245964
0
00:05:485: <MSG>: 
23.3731
12.075
0.605577
0.097377
12.2727
0.17944
-0.0555961
0.0262671
0
00:05:494: <MSG>: 
23.3731
12.0782
0.604608
0.0974538
12.3
0.211399
-0.0531336
0.0279443
0
00:05:503: <MSG>: 
23.3731
12.087
0.607557
0.097476
12.3372
0.255922
-0.0501911
0.0289854
0
00:05:512: <MSG>: 
23.3731
12.0975
0.607393
0.0976229
12.3707
0.295647
-0.0472578
0.0318603
0
00:05:522: <MSG>: 
23.3731
12.0975
0.607393
0.0976839
12.4157
0.349388
-0.0439666
0.0335633
0
00:05:531: <MSG>: 
23.3731
12.1095
0.610212
0.0978409
12.3799
0.302138
-0.041486
0.0360787
0
00:05:541: <MSG>: 
23.3731
12.1276
0.609919
0.0979961
12.3476
0.259886
-0.0391347
0.0385264
0
00:05:550: <MSG>: 
23.3731
12.1455
0.611101
0.098148
12.3189
0.222563
-0.0367576
0.0409005
0
00:05:559: <MSG>: 
23.3731
12.1455
0.611101
0.0982799
12.293
0.188827
-0.034373
0.0429512
0
00:05:568: <MSG>: 
23.3731
12.1674
0.614674
0.0985416
12.2753
0.165636
-0.0316473
0.0470028
0
00:05:577: <MSG>: 
23.3731
12.1959
0.613007
0.0987672
12.2586
0.144014
-0.0291037
0.0504115
0
00:05:587: <MSG>: 
23.3731
12.217
0.610725
0.0989889
12.2447
0.12511
-0.0266398
0.0535967
0
00:05:596: <MSG>: 
23.3731
12.217
0.610725
0.0991646
12.2294
0.105002
-0.0242287
0.0561141
0
00:05:605: <MSG>: 
23.3731
12.225
0.608962
0.099305
12.217
0.0886613
-0.021972
0.0580591
0
00:05:615: <MSG>: 
23.3731
12.2177
0.609933
0.0985328
12.2119
0.081945
-0.0297185
0.0454198
0
00:05:625: <MSG>: 
23.3731
12.2058
0.613216
0.0982107
12.2062
0.0734942
-0.0352299
0.0391535
0
00:05:634: <MSG>: 
23.3731
12.198
0.614644
0.0979104
12.2028
0.0681727
-0.0403652
0.0334086
0
00:05:643: <MSG>: 
23.3731
12.198
0.614644
0.0976408
12.1985
0.0615817
-0.0461941
0.0278899
0
00:05:653: <MSG>: 
23.3731
12.1984
0.613571
0.0973553
12.1948
0.0562167
-0.0517558
0.0223352
0
00:05:662: <MSG>: 
23.3731
12.2001
0.611288
0.097118
12.1907
0.0505738
-0.0566059
0.0176605
0
00:05:671: <MSG>: 
23.3731
12.2008
0.611076
0.0969445
12.1869
0.0445834
-0.0613653
0.0138666
0
00:05:681: <MSG>: 
23.3731
12.2008
0.611076
0.0974154
12.1752
0.0286953
-0.0631843
0.0189516
0
00:05:690: <MSG>: 
23.3731
12.1994
0.608982
0.0976809
12.1664
0.0174566
-0.065077
0.0213989
1
00:05:700: <MSG>: 
23.3731
12.1965
0.611072
0.0979934
12.1573
0.00612888
-0.0665396
0.0245156
0
00:05:709: <MSG>: 
23.3731
12.1935
0.61089
0.098207
12.1499
-0.00263079
-0.0680732
0.0263518
0
00:05:719: <MSG>: 
23.3731
12.1943
0.610422
0.0981974
12.1468
-0.00515494
-0.0693707
0.025466
0
00:05:728: <MSG>: 
23.3731
12.1943
0.610422
0.0983414
12.141
-0.0112943
-0.0705995
0.0265307
0
00:05:737: <MSG>: 
23.3731
12.1933
0.610634
0.0983789
12.1378
-0.0139896
-0.071749
0.0262925
0
00:05:747: <MSG>: 
23.3731
12.1923
0.612212
0.0984813
12.1339
-0.0182738
-0.0723494
0.027013
0
00:05:756: <MSG>: 
23.3731
12.1849
0.610654
0.0984727
12.1323
-0.0194535
-0.0729384
0.0263505
0
00:05:765: <MSG>: 
23.3731
12.1786
0.611521
0.0984781
12.1304
-0.021053
-0.0736704
0.0258441
0
00:05:775: <MSG>: 
23.3731
12.1786
0.611521
0.0985512
12.128
-0.0230659
-0.074042
0.0262768
0
00:05:784: <MSG>: 
23.3731
12.1744
0.611909
0.0985204
12.1284
-0.0214199
-0.0742133
0.0254758
0
00:05:794: <MSG>: 
23.3731
12.1716
0.610439
0.0985181
12.1289
-0.0197664
-0.0740924
0.0251329
0
00:05:803: <MSG>: 
23.3731
12.1689
0.60953
0.0985143
12.129
-0.0186306
-0.0742339
0.0247031
0
00:05:813: <MSG>: 
23.3731
12.1689
0.60953
0.0984303
12.132
-0.0137442
-0.0741721
0.0233149
0
00:05:822: <MSG>: 
23.3731
12.1669
0.609237
0.0983806
12.1353
-0.00851822
-0.0737011
0.0225087
0
00:05:832: <MSG>: 
23.3731
12.1664
0.609739
0.0983238
12.1378
-0.00514486
-0.0732798
0.0216093
0
00:05:841: <MSG>: 
23.3731
12.1651
0.611018
0.0982623
12.1429
0.00129341
-0.0719977
0.0209351
0
00:05:850: <MSG>: 
23.3731
12.1662
0.609418
0.0981857
12.1484
0.00830513
-0.0709856
0.0200062
0
00:05:859: <MSG>: 
23.3731
12.1662
0.609418
0.0982195
12.1484
0.00737266
-0.0712316
0.0201122
0
00:05:868: <MSG>: 
23.3731
12.164
0.607506
0.0982179
12.1489
0.00714016
-0.0721857
0.0194728
0
00:05:879: <MSG>: 
23.3731
12.1619
0.606575
0.0979946
12.15
0.00770192
-0.0728109
0.0155595
0
00:05:888: <MSG>: 
23.3731
12.1619
0.608994
0.0980192
12.1482
0.00479135
-0.07351
0.0154544
0
00:05:897: <MSG>: 
23.3731
12.1619
0.608994
0.0978972
12.1483
0.0041682
-0.0729761
0.0135326
0
00:05:908: <MSG>: 
23.3731
12.1636
0.612334
0.0977044
12.1494
0.00446031
-0.0734776
0.010258
0
00:05:917: <MSG>: 
23.3731
12.164
0.612729
0.0979056
12.1503
0.005084
-0.0717239
0.0131923
0
00:05:989: <MSG>: 
23.3731
12.1638
0.612241
0.0978864
12.154
0.00740608
-0.0730611
0.0111434
0
00:05:989: <MSG>: 
23.3731
12.1618
0.611272
0.0979725
12.1614
0.0152748
-0.0712077
0.0126852
0
00:06:002: <MSG>: 
23.3731
12.1603
0.606547
0.0981525
12.1858
0.0439856
-0.0687972
0.0157578
0
00:06:013: <MSG>: 
23.3731
12.1603
0.606547
0.0983086
12.2146
0.0783961
-0.0665665
0.0184512
0
00:06:022: <MSG>: 
23.3731
12.1603
0.604743
0.0984447
12.2419
0.109596
-0.0646394
0.0208073
0
00:06:031: <MSG>: 
23.3731
12.1603
0.603043
0.0986351
12.2747
0.147648
-0.0622258
0.0240915
0
00:06:040: <MSG>: 
23.3731
12.1602
0.60224
0.0988077
12.2501
0.117419
-0.0604062
0.0267359
0
00:06:049: <MSG>: 
23.3731
12.1602
0.60224
0.0989617
12.2269
0.0888764
-0.0586825
0.0290671
0
00:06:059: <MSG>: 
23.3731
12.1611
0.601954
0.099088
12.208
0.0653967
-0.0570411
0.0309463
0
00:06:068: <MSG>: 
23.3731
12.1655
0.606299
0.0992072
12.2739
0.146551
-0.0547854
0.0332387
0
00:06:077: <MSG>: 
23.3731
12.1673
0.606096
0.0993086
12.2566
0.125145
-0.0529887
0.0347974
0
00:06:087: <MSG>: 
23.3731
12.1673
0.606096
0.0993959
12.2369
0.0990155
-0.0511907
0.0360593
0
00:06:096: <MSG>: 
23.3731
12.1717
0.6057
0.0994434
12.22
0.0768336
-0.0494909
0.0367149
0
00:06:104: <MSG>: 
23.3731
12.1683
0.60614
0.0995996
12.2092
0.0625937
-0.0480072
0.0389946
0
00:06:114: <MSG>: 
23.3731
12.1643
0.609491
0.0987685
12.2078
0.0638389
-0.0530453
0.0226891
0
00:06:124: <MSG>: 
23.3731
12.1643
0.609491
0.0984653
12.2032
0.0587098
-0.0576244
0.0157598
0
00:06:133: <MSG>: 
23.3731
12.166
0.611365
0.0981337
12.2012
0.0564946
-0.0626588
0.00834637
0
00:06:142: <MSG>: 
23.3731
12.1692
0.608845
0.09762
12.2014
0.0581649
-0.0670133
-0.00175107
0
00:06:152: <MSG>: 
23.3731
12.168
0.61033
0.0972032
12.2003
0.0573924
-0.0716243
-0.0101166
0
00:06:161: <MSG>: 
23.3731
12.1642
0.613032
0.0969934
12.199
0.0556507
-0.0747765
-0.0144223
0
00:06:170: <MSG>: 
23.3731
12.1642
0.613032
0.0967519
12.2009
0.0579399
-0.0778087
-0.0191124
0
00:06:180: <MSG>: 
23.3731
12.1622
0.612392
0.0969071
12.1976
0.0519179
-0.0806344
-0.0171118
0
00:06:190: <MSG>: 
23.3731
12.1624
0.612231
0.096974
12.1957
0.0480721
-0.0832491
-0.0165596
1
00:06:199: <MSG>: 
23.3731
12.1639
0.613002
0.097329
12.1883
0.0377022
-0.0848141
-0.0110464
0
00:06:209: <MSG>: 
23.3731
12.1639
0.613002
0.0976652
12.1818
0.0289164
-0.0857017
-0.00575839
0
00:06:218: <MSG>: 
23.3731
12.1664
0.615352
0.0978005
12.1804
0.027845
-0.0857495
-0.00354505
0
00:06:228: <MSG>: 
23.3731
12.1656
0.617598
0.0979387
12.1788
0.0264267
-0.0858899
-0.00137235
0
00:06:237: <MSG>: 
23.3731
12.1651
0.618906
0.0981073
12.1761
0.0234338
-0.0862438
0.00115593
0
00:06:247: <MSG>: 
23.3731
12.1641
0.617796
0.0981504
12.1755
0.0226468
-0.0863552
0.00174141
0
00:06:256: <MSG>: 
23.3731
12.1641
0.617796
0.098171
12.1768
0.0245768
-0.0856469
0.00223162
0
00:06:265: <MSG>: 
23.3731
12.1644
0.619238
0.0982041
12.1778
0.0259802
-0.0850859
0.00286148
0
00:06:274: <MSG>: 
23.3731
12.1656
0.61967
0.0982858
12.1785
0.0270986
-0.0841288
0.0043556
0
00:06:283: <MSG>: 
23.3731
12.1654
0.618343
0.0983958
12.1792
0.028333
-0.0828932
0.00633557
0
00:06:293: <MSG>: 
23.3731
12.164
0.618389
0.0983999
12.1835
0.0344991
-0.0813785
0.00676951
0
00:06:303: <MSG>: 
23.3731
12.164
0.618389
0.0984264
12.187
0.0395376
-0.0801426
0.00744364
0
00:06:312: <MSG>: 
23.3731
12.1639
0.619059
0.0985808
12.1857
0.036791
-0.0789022
0.0100082
0
00:06:322: <MSG>: 
23.3731
12.1634
0.618118
0.0986216
12.1882
0.0393291
-0.0774185
0.010919
0
00:06:331: <MSG>: 
23.3731
12.1636
0.61717
0.0985664
12.1941
0.0466763
-0.0757413
0.0104685
0
00:06:340: <MSG>: 
23.3731
12.1636
0.61717
0.0984299
12.204
0.059385
-0.0737623
0.00895346
0
00:06:349: <MSG>: 
23.3731
12.1649
0.617918
0.0983829
12.2132
0.0709724
-0.0713678
0.00891867
0
00:06:359: <MSG>: 
23.3731
12.1645
0.617308
0.0988171
12.2112
0.0672919
-0.0701985
0.0148201
0
00:06:368: <MSG>: 
23.3731
12.163
0.616837
0.0992288
12.2111
0.066076
-0.0699179
0.0200448
0
00:06:377: <MSG>: 
23.3731
12.1657
0.618829
0.099042
12.2072
0.0605598
-0.0714522
0.0168469
0
00:06:387: <MSG>: 
23.3731
12.1657
0.618829
0.0989783
12.2044
0.0558975
-0.0732531
0.0151788
0
00:06:397: <MSG>: 
23.3731
12.1635
0.619762
0.0994794
12.202
0.0519535
-0.0726217
0.0216024
0
00:06:406: <MSG>: 
23.3731
12.1645
0.619045
0.0995541
12.2018
0.0507599
-0.0736148
0.0219343
0
00:06:415: <MSG>: 
23.3731
12.1631
0.61761
0.0997079
12.2058
0.0545366
-0.0711356
0.0246483
0
00:06:424: <MSG>: 
23.3731
12.1644
0.618183
0.0997968
12.2145
0.0645979
-0.0683489
0.0264737
0
00:06:433: <MSG>: 
23.3731
12.1644
0.618183
0.0999302
12.222
0.0732008
-0.0658522
0.0288167
0
00:06:442: <MSG>: 
23.3731
12.1642
0.615117
0.099924
12.2375
0.0922525
-0.0631471
0.0292151
0
00:06:452: <MSG>: 
23.3731
12.1624
0.61374
0.0999284
12.2513
0.107839
-0.0606626
0.0296711
0
00:06:461: <MSG>: 
23.3731
12.1624
0.61374
0.0999541
12.2667
0.12583
-0.0583684
0.0303956
0
00:06:469: <MSG>: 
23.3731
12.1613
0.613686
0.100091
12.278
0.138376
-0.0561463
0.0326562
0
00:06:479: <MSG>: 
23.3731
12.1625
0.612526
0.100251
12.2891
0.150836
-0.0542204
0.0351003
0
00:06:488: <MSG>: 
23.3731
12.1639
0.612097
0.100367
12.3084
0.173566
-0.0520082
0.0369953
0
00:06:497: <MSG>: 
23.3731
12.1637
0.612396
0.100446
12.3338
0.203868
-0.0498059
0.0383889
0
00:06:506: <MSG>: 
23.3731
12.1637
0.612396
0.100605
12.3597
0.234702
-0.0472657
0.0409987
0
00:06:516: <MSG>: 
23.3731
12.1647
0.611733
0.100768
12.3847
0.263186
-0.0448826
0.0435428
0
00:06:525: <MSG>: 
23.3731
12.1644
0.610962
0.10093
12.414
0.297042
-0.0427075
0.0460271
0
00:06:629: <MSG>: 
23.3731
12.1667
0.611463
0.101495
12.4078
0.256217
-0.0369512
0.0480205
0
00:06:629: <MSG>: 
23.3731
12.1667
0.611463
0.101626
12.3764
0.221214
-0.0355922
0.0498561
0
00:06:643: <MSG>: 
23.3731
12.2176
0.609712
0.101195
12.3442
0.1722
-0.0463773
0.0391215
0
00:06:654: <MSG>: 
23.3731
12.2176
0.609712
0.100594
12.3147
0.132744
-0.0554217
0.0270079
0
00:06:663: <MSG>: 
23.3731
12.2186
0.607594
0.099985
12.2889
0.0948722
-0.0662978
0.0143037
0
00:06:672: <MSG>: 
23.3731
12.2205
0.605076
0.100109
12.2598
0.0555243
-0.0717799
0.0139432
0
00:06:682: <MSG>: 
23.3731
12.2218
0.604828
0.100239
12.2325
0.0172653
-0.0774914
0.0135967
0
00:06:692: <MSG>: 
23.3731
12.2222
0.603592
0.100182
12.2087
-0.0149837
-0.0835743
0.0103589
1
00:06:702: <MSG>: 
23.3731
12.2193
0.600801
0.100045
12.1879
-0.0425063
-0.0890335
0.0062347
0
00:06:711: <MSG>: 
23.3731
12.2193
0.600801
0.0999372
12.1674
-0.0700648
-0.0946381
0.0025226
0
00:06:720: <MSG>: 
23.3731
12.2181
0.599628
0.0995102
12.1534
-0.087256
-0.100124
-0.00590152
0
00:06:730: <MSG>: 
23.3731
12.2144
0.599512
0.0990876
12.1402
-0.103441
-0.105615
-0.0141729
0
00:06:739: <MSG>: 
23.3731
12.2116
0.597497
0.0985289
12.1306
-0.113985
-0.111051
-0.0243919
0
00:06:749: <MSG>: 
23.3731
12.2056
0.598825
0.0983491
12.1165
-0.131771
-0.114801
-0.028124
0
00:06:758: <MSG>: 
23.3731
12.2056
0.598825
0.097852
12.1112
-0.135906
-0.118037
-0.0365429
0
00:06:767: <MSG>: 
23.3731
12.1976
0.599329
0.097251
12.1097
-0.134317
-0.120881
-0.0463237
0
00:06:776: <MSG>: 
23.3731
12.1848
0.596201
0.0968976
12.1015
-0.144919
-0.123377
-0.052031
0
00:06:786: <MSG>: 
23.3731
12.1756
0.595384
0.0967508
12.0895
-0.161201
-0.125563
-0.0543152
0
00:06:795: <MSG>: 
23.3731
12.1756
0.595384
0.0964715
12.0828
-0.169041
-0.127507
-0.0585433
0
00:06:804: <MSG>: 
23.3731
12.1671
0.595064
0.0959386
12.0845
-0.164347
-0.128677
-0.0664983
0
00:06:814: <MSG>: 
23.3731
12.1601
0.596363
0.0954481
12.0865
-0.159442
-0.129756
-0.0735864
0
00:06:823: <MSG>: 
23.3731
12.1574
0.594156
0.0950605
12.0878
-0.155676
-0.130268
-0.0787493
0
00:06:833: <MSG>: 
23.3731
12.1552
0.590607
0.0947386
12.0891
-0.151976
-0.130353
-0.0826473
0
00:06:842: <MSG>: 
23.3731
12.1552
0.590607
0.0944404
12.0889
-0.15198
-0.130351
-0.0861744
0
00:06:851: <MSG>: 
23.3731
12.1515
0.588927
0.094223
12.0884
-0.152255
-0.129844
-0.0881087
0
00:06:861: <MSG>: 
23.3731
12.1479
0.588688
0.0948733
12.0836
-0.158521
-0.128768
-0.0746528
0
00:06:870: <MSG>: 
23.3731
12.146
0.590672
0.0954238
12.083
-0.158884
-0.12919
-0.0638224
0
00:06:880: <MSG>: 
23.3731
12.146
0.590672
0.0952836
12.081
-0.161166
-0.130135
-0.0655504
0
00:06:889: <MSG>: 
23.3731
12.1426
0.587748
0.0953154
12.0771
-0.16586
-0.130368
-0.0639895
0
00:06:899: <MSG>: 
23.3731
12.1446
0.588568
0.0949937
12.0751
-0.167668
-0.129362
-0.0681201
0
00:06:909: <MSG>: 
23.3731
12.1432
0.586319
0.0947122
12.0875
-0.148681
-0.127497
-0.0707179
0
00:06:919: <MSG>: 
23.3731
12.1435
0.586376
0.0946511
12.0862
-0.149702
-0.13108
-0.0715565
0
00:06:929: <MSG>: 
23.3731
12.1435
0.586376
0.0947819
12.0896
-0.142839
-0.12864
-0.0677664
0
00:06:938: <MSG>: 
23.3731
12.1428
0.588912
0.0948052
12.1002
-0.126585
-0.125676
-0.065435
0
00:06:947: <MSG>: 
23.3731
12.1407
0.585014
0.0948464
12.111
-0.110035
-0.12319
-0.06308
0
00:06:957: <MSG>: 
23.3731
12.1376
0.583802
0.0947277
12.129
-0.0845622
-0.120495
-0.0629176
0
00:06:966: <MSG>: 
23.3731
12.1401
0.584383
0.0946692
12.1503
-0.054369
-0.117805
-0.0619331
0
00:06:975: <MSG>: 
23.3731
12.1401
0.584383
0.0946138
12.1753
-0.01907
-0.115195
-0.0609269
0
00:06:984: <MSG>: 
23.3731
12.1392
0.582533
0.0946029
12.2016
0.0179655
-0.112881
-0.0593244
0
00:06:994: <MSG>: 
23.3731
12.14
0.58076
0.0945791
12.2327
0.0614865
-0.110812
-0.0579672
0
00:07:003: <MSG>: 
23.3731
12.1403
0.581713
0.0946163
12.2712
0.114791
-0.10797
-0.0555198
0
00:07:012: <MSG>: 
23.3731
12.1403
0.581713
0.094659
12.2206
0.0446734
-0.105875
-0.053564
0
00:07:021: <MSG>: 
23.3731
12.1405
0.581817
0.0947033
12.173
-0.0215806
-0.103767
-0.0516326
0
00:07:030: <MSG>: 
23.3731
12.1409
0.581
0.0947422
12.1284
-0.0827144
-0.101749
-0.04982
0
00:07:039: <MSG>: 
23.3731
12.1433
0.582193
0.094774
12.0891
-0.135777
-0.099628
-0.0480892
0
00:07:048: <MSG>: 
23.3731
12.1477
0.585268
0.0947947
12.0522
-0.184611
-0.0972433
-0.0464488
0
00:07:058: <MSG>: 
23.3731
12.1477
0.585268
0.0949183
12.0262
-0.217686
-0.0953173
-0.0434416
0
00:07:066: <MSG>: 
23.3731
12.1533
0.579508
0.0951446
12.0073
-0.241597
-0.0936402
-0.0390724
0
00:07:075: <MSG>: 
23.3731
12.154
0.578034
0.0953378
11.9927
-0.259275
-0.0920672
-0.035279
0
00:07:084: <MSG>: 
23.3731
12.1434
0.577553
0.0954885
11.9767
-0.278077
-0.0904851
-0.03215
0
00:07:093: <MSG>: 
23.3731
12.1434
0.577553
0.095641
11.964
-0.292153
-0.0889433
-0.0290531
0
00:07:103: <MSG>: 
23.3731
12.1329
0.580521
0.0957856
11.951
-0.305859
-0.0871357
-0.0260082
0
00:07:113: <MSG>: 
23.3731
12.1225
0.576708
0.0950909
11.9627
-0.283069
-0.0925099
-0.038291
0
00:07:122: <MSG>: 
23.3731
12.1083
0.57814
0.0945915
11.9732
-0.262924
-0.0961782
-0.0466868
0
00:07:131: <MSG>: 
23.3731
12.1083
0.57814
0.0939472
11.984
-0.243342
-0.100571
-0.0573977
0
00:07:140: <MSG>: 
23.3731
12.0919
0.577715
0.093675
11.9914
-0.230261
-0.10555
-0.0623192
0
00:07:150: <MSG>: 
23.3731
12.0788
0.578059
0.0932815
12.0017
-0.212907
-0.108642
-0.0683562
0
00:07:159: <MSG>: 
23.3731
12.0632
0.577477
0.0929395
12.0136
-0.19432
-0.111257
-0.073324
0
00:07:169: <MSG>: 
23.3731
12.0549
0.579127
0.0928172
12.0246
-0.17782
-0.113249
-0.0746113
1
00:07:178: <MSG>: 
23.3731
12.0549
0.579127
0.0926214
12.0313
-0.166812
-0.114737
-0.0769203
0
00:07:187: <MSG>: 
23.3731
12.0577
0.579786
0.0925556
12.0371
-0.157489
-0.116462
-0.0771969
0
00:07:197: <MSG>: 
23.3731
12.0609
0.578909
0.0924067
12.0425
-0.148464
-0.117481
-0.0785535
0
00:07:206: <MSG>: 
23.3731
12.064
0.579555
0.092452
12.0455
-0.144156
-0.119444
-0.0772093
0
00:07:215: <MSG>: 
23.3731
12.064
0.579555
0.0926944
12.0435
-0.145813
-0.120983
-0.072833
0
00:07:224: <MSG>: 
23.3731
12.0613
0.579302
0.0928937
12.0432
-0.14523
-0.1215
-0.0689631
0
00:07:234: <MSG>: 
23.3731
12.0595
0.579216
0.0930134
12.0444
-0.142344
-0.121607
-0.0661784
0
00:07:243: <MSG>: 
23.3731
12.0598
0.579251
0.0932568
12.0423
-0.143941
-0.122196
-0.0617589
0
00:07:253: <MSG>: 
23.3731
12.0598
0.579251
0.0934223
12.0423
-0.14254
-0.122353
-0.0584167
0
00:07:263: <MSG>: 
23.3731
12.0622
0.581935
0.093596
12.0417
-0.142755
-0.122462
-0.0550555
0
00:07:272: <MSG>: 
23.3731
12.064
0.583908
0.0937224
12.0437
-0.139342
-0.121357
-0.052072
0
00:07:281: <MSG>: 
23.3731
12.0639
0.582874
0.093757
12.0486
-0.132309
-0.119791
-0.0503256
0
00:07:290: <MSG>: 
23.3731
12.0626
0.580507
0.0938459
12.0526
-0.12662
-0.118155
-0.0478507
0
00:07:300: <MSG>: 
23.3731
12.0626
0.580507
0.0939258
12.0564
-0.120937
-0.116763
-0.0455724
0
00:07:309: <MSG>: 
23.3731
12.0617
0.581295
0.0939324
12.0634
-0.111332
-0.114819
-0.0442045
0
00:07:319: <MSG>: 
23.3731
12.062
0.579843
0.0939905
12.0695
-0.102688
-0.112748
-0.0420898
0
00:07:328: <MSG>: 
23.3731
12.065
0.579805
0.094048
12.0757
-0.0941172
-0.110887
-0.0401063
0
00:07:337: <MSG>: 
23.3731
12.065
0.579393
0.094514
12.0747
-0.0945224
-0.11009
-0.0334301
0
00:07:347: <MSG>: 
23.3731
12.065
0.579393
0.0947596
12.0751
-0.0936145
-0.108362
-0.0293798
0
00:07:356: <MSG>: 
23.3731
12.0653
0.580408
0.0950147
12.0738
-0.0942919
-0.10851
-0.0258159
0
00:07:365: <MSG>: 
23.3731
12.0634
0.578818
0.0951652
12.0725
-0.0948835
-0.109665
-0.0239316
0
00:07:375: <MSG>: 
23.3731
12.0641
0.580526
0.0954031
12.0714
-0.0951917
-0.110751
-0.0209373
0
00:07:384: <MSG>: 
23.3731
12.0641
0.580526
0.0957783
12.0701
-0.0955974
-0.111247
-0.0160985
0
00:07:393: <MSG>: 
23.3731
12.0663
0.580489
0.0958696
12.072
-0.0923726
-0.114418
-0.0156763
0
00:07:402: <MSG>: 
23.3731
12.0673
0.577524
0.0958719
12.0835
-0.0786428
-0.111087
-0.0144214
0
00:07:411: <MSG>: 
23.3731
12.0656
0.578789
0.0958949
12.0932
-0.0678506
-0.107889
-0.0129316
0
00:07:420: <MSG>: 
23.3731
12.0647
0.578342
0.0959386
12.1034
-0.0564693
-0.104992
-0.0112536
0
00:07:429: <MSG>: 
23.3731
12.0647
0.578342
0.0958834
12.1199
-0.0371452
-0.101496
-0.0107939
0
00:07:438: <MSG>: 
23.3731
12.0649
0.578504
0.0959406
12.134
-0.0205679
-0.0982909
-0.00883843
0
00:07:447: <MSG>: 
23.3731
12.0657
0.577762
0.0960454
12.1471
-0.00499888
-0.095521
-0.0063573
0
00:07:456: <MSG>: 
23.3731
12.0648
0.577212
0.0962498
12.1543
0.00268968
-0.0930243
-0.00262243
0
00:07:465: <MSG>: 
23.3731
12.0648
0.577212
0.0963836
12.0912
-0.071588
-0.0909441
-0.000285011
0
00:07:474: <MSG>: 
23.3731
12.0666
0.576872
0.0965087
12.1083
-0.0515081
-0.0881206
0.00238223
0
00:07:483: <MSG>: 
23.3731
12.0701
0.575716
0.0966886
12.1271
-0.0289595
-0.0851019
0.00584917
0
00:07:492: <MSG>: 
23.3731
12.0739
0.576305
0.0968446
12.1499
-0.00168654
-0.0821004
0.00894859
0
00:07:501: <MSG>: 
23.3731
12.0739
0.576305
0.0970404
12.1691
0.0202545
-0.0793613
0.012453
0
00:07:510: <MSG>: 
23.3731
12.0818
0.576066
0.0972357
12.1908
0.0453024
-0.0768023
0.0158699
0
00:07:519: <MSG>: 
23.3731
12.0821
0.573943
0.097413
12.2184
0.0773322
-0.0744137
0.018943
0
00:07:528: <MSG>: 
23.3731
12.0796
0.575567
0.0976022
12.1906
0.0446004
-0.0725162
0.0217837
0
00:07:537: <MSG>: 
23.3731
12.0796
0.575567
0.0977052
12.1622
0.011438
-0.0701474
0.0235515
0
00:07:546: <MSG>: 
23.3731
12.0782
0.576592
0.0978034
12.134
-0.0218603
-0.0676794
0.0252303
0
00:07:555: <MSG>: 
23.3731
12.0806
0.576571
0.0978175
12.1063
-0.0542253
-0.064729
0.0259034
0
00:07:564: <MSG>: 
23.3731
12.0894
0.580047
0.0978339
12.08
-0.0845041
-0.0615641
0.0266648
0
00:07:573: <MSG>: 
23.3731
12.0894
0.580047
0.0979045
12.0611
-0.105752
-0.0588654
0.0280509
0
00:07:583: <MSG>: 
23.3731
12.0987
0.578242
0.0979763
12.0462
-0.121958
-0.0563153
0.0293924
0
00:07:592: <MSG>: 
23.3731
12.1018
0.575716
0.0978932
12.0266
-0.144263
-0.0538209
0.028558
0
00:07:601: <MSG>: 
23.3731
12.0975
0.572555
0.0967538
12.032
-0.133234
-0.0619312
0.012497
0
00:07:610: <MSG>: 
23.3731
12.0975
0.572555
0.0961799
12.0335
-0.12914
-0.0687209
0.00361672
0
00:07:620: <MSG>: 
23.3731
12.0895
0.572757
0.0958326
12.0334
-0.128071
-0.0758899
-0.00260145
0
00:07:629: <MSG>: 
23.3731
12.0841
0.57291
0.0955085
12.0336
-0.126754
-0.0827474
-0.00838174
0
00:07:638: <MSG>: 
23.3731
12.0834
0.574458
0.0951816
12.0363
-0.122239
-0.0885771
-0.0138222
0
00:07:648: <MSG>: 
23.3731
12.0834
0.574458
0.0949292
12.0373
-0.119776
-0.0938823
-0.018162
0
00:07:657: <MSG>: 
23.3731
12.0835
0.573193
0.0947298
12.0379
-0.11844
-0.0987984
-0.0217054
0
00:07:666: <MSG>: 
23.3731
12.0856
0.571633
0.0946521
12.0372
-0.118754
-0.102725
-0.0234841
0
00:07:675: <MSG>: 
23.3731
12.0829
0.571712
0.0947058
12.0343
-0.122032
-0.106632
-0.0236376
1
00:07:685: <MSG>: 
23.3731
12.0837
0.569903
0.0948998
12.0288
-0.127232
-0.109115
-0.0216851
0
00:07:694: <MSG>: 
23.3731
12.0837
0.569903
0.0949923
12.0249
-0.130084
-0.111456
-0.0209464
0
00:07:704: <MSG>: 
23.3731
12.0839
0.570358
0.0950075
12.0223
-0.130954
-0.113597
-0.0211045
0
00:07:713: <MSG>: 
23.3731
12.0851
0.571184
0.094987
12.0215
-0.129533
-0.114933
-0.0214641
0
00:07:723: <MSG>: 
23.3731
12.0853
0.56858
0.0949618
12.02
-0.12954
-0.116557
-0.0219656
0
00:07:732: <MSG>: 
23.3731
12.0853
0.56858
0.0948984
12.0204
-0.12717
-0.117395
-0.0227007
0
00:07:742: <MSG>: 
23.3731
12.0834
0.566399
0.0949522
12.0184
-0.127861
-0.118396
-0.0220367
0
00:07:751: <MSG>: 
23.3731
12.0822
0.5691
0.094935
12.0184
-0.12612
-0.11898
-0.0221469
0
00:07:760: <MSG>: 
23.3731
12.0823
0.569467
0.0949325
12.0179
-0.12493
-0.119731
-0.0221172
0
00:07:769: <MSG>: 
23.3731
12.0828
0.566772
0.0949437
12.0176
-0.123362
-0.12026
-0.021849
0
00:07:779: <MSG>: 
23.3731
12.0828
0.566772
0.0950106
12.0168
-0.122414
-0.120449
-0.0207889
0
00:07:788: <MSG>: 
23.3731
12.0846
0.56813
0.0950082
12.0185
-0.118318
-0.120302
-0.0205173
0
00:07:797: <MSG>: 
23.3731
12.0825
0.570412
0.0949153
12.0223
-0.112381
-0.119615
-0.0212406
0
00:07:807: <MSG>: 
23.3731
12.0831
0.569158
0.0947463
12.0288
-0.103107
-0.118715
-0.022867
0
00:07:816: <MSG>: 
23.3731
12.0831
0.569158
0.0947265
12.0318
-0.0983216
-0.117925
-0.0226025
0
00:07:825: <MSG>: 
23.3731
12.0841
0.569788
0.0948231
12.0323
-0.0964733
-0.117177
-0.0208657
0
00:07:834: <MSG>: 
23.3731
12.0842
0.567875
0.0948274
12.0362
-0.0903914
-0.116243
-0.0202708
0
00:07:843: <MSG>: 
23.3731
12.0821
0.567919
0.0948285
12.0402
-0.0840731
-0.115443
-0.0197633
0
00:07:853: <MSG>: 
23.3731
12.0821
0.567919
0.0948565
12.0433
-0.0798734
-0.114183
-0.0187825
0
00:07:861: <MSG>: 
23.3731
12.0821
0.568516
0.095004
12.0467
-0.0760529
-0.114732
-0.0163836
0
00:07:871: <MSG>: 
23.3731
12.0819
0.568669
0.0950335
12.051
-0.0710692
-0.114755
-0.0156917
0
00:07:881: <MSG>: 
23.3731
12.0812
0.568017
0.0951955
12.0523
-0.0694729
-0.114624
-0.0129428
0
00:07:890: <MSG>: 
23.3731
12.0831
0.569883
0.0950704
12.054
-0.0673127
-0.114953
-0.0147636
0
00:07:900: <MSG>: 
23.3731
12.0831
0.569883
0.0951766
12.0593
-0.0614386
-0.116089
-0.013234
0
00:07:909: <MSG>: 
23.3731
12.0823
0.570934
0.0951545
12.0654
-0.0544877
-0.116934
-0.0136028
0
00:07:919: <MSG>: 
23.3731
12.0828
0.571197
0.0951913
12.0759
-0.0415389
-0.114436
-0.0122316
0
00:07:928: <MSG>: 
23.3731
12.0846
0.570755
0.0952193
12.0872
-0.0276267
-0.112094
-0.0110287
0
00:07:937: <MSG>: 
23.3731
12.0854
0.570609
0.09527
12.099
-0.0132051
-0.109896
-0.00958235
0
00:07:946: <MSG>: 
23.3731
12.0854
0.570609
0.0954228
12.106
-0.00545023
-0.107639
-0.00682397
0
00:07:956: <MSG>: 
23.3731
12.0881
0.574243
0.0956459
12.1135
0.00330697
-0.104787
-0.003005
0
00:07:964: <MSG>: 
23.3731
12.0882
0.575177
0.0958791
12.1222
0.0133751
-0.102023
0.000884627
0
00:07:974: <MSG>: 
23.3731
12.0907
0.575597
0.0960262
12.1386
0.0326282
-0.0989515
0.00372252
0
00:07:983: <MSG>: 
23.3731
12.0907
0.575597
0.0962165
12.1545
0.0512484
-0.0960618
0.00705059
0
00:07:993: <MSG>: 
23.3731
12.0934
0.575477
0.0963822
12.1732
0.0730429
-0.093273
0.00999356
0
00:08:002: <MSG>: 
23.3731
12.0941
0.575186
0.0965762
12.1903
0.0918748
-0.0906404
0.0132351
0
00:08:011: <MSG>: 
23.3731
12.0949
0.574028
0.0967559
12.2123
0.116398
-0.0881484
0.0162271
0
00:08:020: <MSG>: 
23.3731
12.0942
0.573594
0.0969191
12.1841
0.0831532
-0.0863053
0.0186214
0
00:08:030: <MSG>: 
23.3731
12.0942
0.573594
0.0971275
12.1604
0.0553419
-0.0839518
0.0217232
0
00:08:039: <MSG>: 
23.3731
12.0946
0.576696
0.0973302
12.1385
0.0297597
-0.0814691
0.0247764
0
00:08:048: <MSG>: 
23.3731
12.0995
0.577867
0.0974489
12.1164
0.00412797
-0.0786284
0.0267898
0
00:08:057: <MSG>: 
23.3731
12.1002
0.57669
0.0976424
12.1002
-0.0144893
-0.076217
0.029675
0
00:08:067: <MSG>: 
23.3731
12.1002
0.57669
0.0978197
12.0847
-0.0330455
-0.0738063
0.032296
0
00:08:076: <MSG>: 
23.3731
12.1035
0.573177
0.0979546
12.0698
-0.0506163
-0.0716451
0.0342532
0
00:08:085: <MSG>: 
23.3731
12.1042
0.572959
0.0980495
12.056
-0.0665856
-0.0694923
0.0356555
0
00:08:094: <MSG>: 
23.3731
12.1022
0.572672
0.098227
12.0488
-0.0745114
-0.0676886
0.0380709
0
00:08:103: <MSG>: 
23.3731
12.1022
0.572672
0.0983559
12.0411
-0.0828698
-0.065881
0.0398048
0
00:08:113: <MSG>: 
23.3731
12.0984
0.576073
0.0978654
12.0463
-0.072284
-0.0703683
0.0303889
0
00:08:122: <MSG>: 
23.3731
12.0966
0.576399
0.0974445
12.0519
-0.0627326
-0.0748368
0.0222482
0
00:08:131: <MSG>: 
23.3731
12.0955
0.574962
0.0969619
12.0581
-0.0526623
-0.0788175
0.0134638
0
00:08:140: <MSG>: 
23.3731
12.0958
0.57489
0.0965923
12.0627
-0.0449674
-0.0825446
0.0066165
0
00:08:149: <MSG>: 
23.3731
12.0958
0.57489
0.0963038
12.0683
-0.0366616
-0.0854355
0.00136055
0
00:08:159: <MSG>: 
23.3731
12.094
0.574502
0.0959692
12.0752
-0.0268279
-0.0884446
-0.00452779
0
00:08:169: <MSG>: 
23.3731
12.0928
0.574383
0.0957919
12.0817
-0.0184239
-0.0906186
-0.00770742
0
00:08:178: <MSG>: 
23.3731
12.0931
0.573693
0.0958998
12.0825
-0.0177202
-0.0933989
-0.00673004
1
00:08:187: <MSG>: 
23.3731
12.0931
0.573693
0.0959108
12.0847
-0.0157403
-0.0959588
-0.0071665
0
00:08:197: <MSG>: 
23.3731
12.0948
0.573622
0.0960756
12.0836
-0.0170381
-0.0976683
-0.00508475
0
00:08:206: <MSG>: 
23.3731
12.095
0.574351
0.0960701
12.0855
-0.0143125
-0.0989974
-0.0054598
0
00:08:215: <MSG>: 
23.3731
12.0964
0.574861
0.0962806
12.0829
-0.0174663
-0.100584
-0.00273153
0
00:08:225: <MSG>: 
23.3731
12.0964
0.574861
0.096338
12.084
-0.015618
-0.10134
-0.00206578
0
00:08:234: <MSG>: 
23.3731
12.0967
0.574791
0.0963328
12.0866
-0.0118295
-0.101797
-0.00224222
0
00:08:243: <MSG>: 
23.3731
12.097
0.576373
0.0963815
12.0884
-0.00888336
-0.101936
-0.00154365
0
00:08:252: <MSG>: 
23.3731
12.0983
0.574064
0.096417
12.0897
-0.00737869
-0.102327
-0.00112175
0
00:08:261: <MSG>: 
23.3731
12.0982
0.573045
0.0964775
12.0909
-0.00613262
-0.102459
-0.00027533
0
00:08:271: <MSG>: 
23.3731
12.0982
0.573045
0.0964566
12.0944
-0.00170898
-0.102231
-0.000512118
0
00:08:280: <MSG>: 
23.3731
12.097
0.571323
0.0963633
12.0999
0.00541503
-0.101777
-0.00171949
0
00:08:290: <MSG>: 
23.3731
12.0992
0.571435
0.0962774
12.1054
0.0123712
-0.10151
-0.00284524
0
00:08:299: <MSG>: 
23.3731
12.0991
0.572605
0.0961823
12.1133
0.0222778
-0.100384
-0.00383751
0
00:08:308: <MSG>: 
23.3731
12.0991
0.572605
0.0960943
12.1206
0.0313223
-0.0994523
-0.0047631
0
00:08:318: <MSG>: 
23.3731
12.0973
0.574497
0.0959413
12.1298
0.041748
-0.0979874
-0.00645347
0
00:08:328: <MSG>: 
23.3731
12.0987
0.573758
0.0960167
12.1325
0.0441743
-0.0968204
-0.00493489
0
00:08:337: <MSG>: 
23.3731
12.0992
0.571615
0.096077
12.1354
0.0468914
-0.095927
-0.00373998
0
00:08:346: <MSG>: 
23.3731
12.1006
0.571127
0.0960648
12.1416
0.0535588
-0.094731
-0.00349817
0
00:08:355: <MSG>: 
23.3731
12.1006
0.571127
0.0962758
12.1426
0.0539299
-0.0944111
-0.000698662
0
00:08:365: <MSG>: 
23.3731
12.1008
0.572491
0.0964693
12.1456
0.0563556
-0.0942834
0.00179148
0
00:08:374: <MSG>: 
23.3731
12.099
0.570448
0.0966559
12.1472
0.0575794
-0.0947559
0.00399286
0
00:08:383: <MSG>: 
23.3731
12.099
0.571487
0.0967625
12.1487
0.0586664
-0.0960765
0.00492031
0
00:08:392: <MSG>: 
23.3731
12.099
0.571487
0.0969345
12.1499
0.0592918
-0.096525
0.00690137
0
00:08:401: <MSG>: 
23.3731
12.0988
0.572742
0.096821
12.1522
0.0610999
-0.0978557
0.00500178
0
00:08:411: <MSG>: 
23.3731
12.0992
0.573544
0.0971272
12.1537
0.0618002
-0.0999683
0.0082081
0
00:08:419: <MSG>: 
23.3731
12.0977
0.575203
0.0971471
12.1645
0.0732427
-0.0972173
0.00918423
0
00:08:429: <MSG>: 
23.3731
12.0976
0.575796
0.0971811
12.1761
0.0856241
-0.0945985
0.0103136
0
00:08:438: <MSG>: 
23.3731
12.0976
0.575796
0.0973024
12.1857
0.0960473
-0.0920478
0.0126586
0
00:08:447: <MSG>: 
23.3731
12.0988
0.575997
0.0974494
12.193
0.102854
-0.0896742
0.0152938
0
00:08:456: <MSG>: 
23.3731
12.0985
0.578167
0.0975277
12.2063
0.116757
-0.0868205
0.017052
0
00:08:465: <MSG>: 
23.3731
12.0985
0.57936
0.0977469
12.2144
0.124813
-0.0841032
0.0207645
0
00:08:475: <MSG>: 
23.3731
12.0985
0.57936
0.0977972
12.2348
0.147159
-0.0810585
0.0221081
0
00:08:484: <MSG>: 
23.3731
12.1008
0.578576
0.0979758
12.2517
0.165876
-0.0782441
0.0252308
0
00:08:493: <MSG>: 
23.3731
12.1005
0.578659
0.098127
12.2719
0.188178
-0.0754764
0.0279075
0
00:08:502: <MSG>: 
23.3731
12.1004
0.580031
0.0983321
12.2917
0.210143
-0.0728491
0.0312818
0
00:08:511: <MSG>: 
23.3731
12.1004
0.580031
0.0986051
12.2668
0.179336
-0.0710838
0.0351243
0
00:08:520: <MSG>: 
23.3731
12.1049
0.580644
0.0989091
12.282
0.195319
-0.0686011
0.0397202
0
00:08:529: <MSG>: 
23.3731
12.108
0.580002
0.0990883
12.3112
0.22764
-0.0662468
0.0424892
0
00:08:538: <MSG>: 
23.3731
12.1178
0.582327
0.0993503
12.2956
0.208142
-0.0640829
0.0461695
0
00:08:547: <MSG>: 
23.3731
12.1178
0.582327
0.0995549
12.2779
0.186321
-0.0616233
0.0490701
0
00:08:556: <MSG>: 
23.3731
12.1317
0.580219
0.0996051
12.2536
0.156114
-0.059444
0.0496616
0
00:08:565: <MSG>: 
23.3731
12.1495
0.578656
0.0998097
12.2419
0.140974
-0.0575783
0.0523446
0
00:08:574: <MSG>: 
23.3731
12.1591
0.57638
0.0999145
12.2278
0.123524
-0.0560311
0.0535058
0
00:08:584: <MSG>: 
23.3731
12.1591
0.57638
0.0999683
12.2133
0.105499
-0.0543866
0.0539261
0
00:08:593: <MSG>: 
23.3731
12.1642
0.574415
0.0989085
12.2013
0.0912269
-0.0641278
0.0379076
0
00:08:602: <MSG>: 
23.3731
12.1633
0.574223
0.097938
12.1924
0.080587
-0.0725902
0.0234769
0
00:08:612: <MSG>: 
23.3731
12.1603
0.577204
0.0973982
12.1831
0.0689119
-0.0788268
0.0149437
0
00:08:622: <MSG>: 
23.3731
12.1557
0.577965
0.0968171
12.1767
0.0610372
-0.0848198
0.00607673
0
00:08:631: <MSG>: 
23.3731
12.1557
0.577965
0.0963516
12.1698
0.05254
-0.090476
-0.00120034
0
00:08:640: <MSG>: 
23.3731
12.1558
0.577583
0.0958712
12.1645
0.045807
-0.0961214
-0.00859708
0
00:08:650: <MSG>: 
23.3731
12.1578
0.579995
0.095614
12.1575
0.0367658
-0.101108
-0.013013
0
00:08:659: <MSG>: 
23.3731
12.1596
0.58049
0.0953257
12.1512
0.0292227
-0.105622
-0.0176481
0
00:08:668: <MSG>: 
23.3731
12.1596
0.58049
0.0950748
12.1465
0.0238949
-0.109277
-0.0215276
0
00:08:677: <MSG>: 
23.3731
12.1585
0.579374
0.0950016
12.1398
0.0163595
-0.111318
-0.0227416
1
00:08:687: <MSG>: 
23.3731
12.1575
0.580061
0.0950361
12.1316
0.00665581
-0.113736
-0.022711
0
00:08:696: <MSG>: 
23.3731
12.1578
0.580357
0.0950114
12.1252
-0.000232909
-0.115498
-0.0232334
0
00:08:705: <MSG>: 
23.3731
12.1569
0.579595
0.0949506
12.1205
-0.00497683
-0.116628
-0.0240383
0
00:08:715: <MSG>: 
23.3731
12.1569
0.579595
0.0948928
12.1158
-0.00951125
-0.117938
-0.0248275
0
00:08:724: <MSG>: 
23.3731
12.1546
0.578101
0.0950159
12.1086
-0.0173878
-0.118735
-0.0232079
0
00:08:734: <MSG>: 
23.3731
12.1544
0.578419
0.0950484
12.1036
-0.022414
-0.119408
-0.0226978
0
00:08:743: <MSG>: 
23.3731
12.1538
0.580359
0.0949958
12.1002
-0.0258376
-0.11973
-0.0231731
0
00:08:753: <MSG>: 
23.3731
12.1538
0.580359
0.0949653
12.0964
-0.0298133
-0.120219
-0.0234201
0
00:08:761: <MSG>: 
23.3731
12.1524
0.577581
0.0948295
12.095
-0.0306386
-0.120685
-0.0250034
0
00:08:774: <MSG>: 
23.3731
12.1478
0.576491
0.0947402
12.0932
-0.0319785
-0.120911
-0.0258018
0
00:08:783: <MSG>: 
23.3731
12.1467
0.579655
0.0946359
12.0939
-0.0299944
-0.120096
-0.0265907
0
00:08:792: <MSG>: 
23.3731
12.1447
0.576557
0.0945185
12.0941
-0.0290497
-0.119656
-0.0276332
0
00:08:802: <MSG>: 
23.3731
12.1413
0.575041
0.094442
12.0943
-0.0282169
-0.118914
-0.0280543
0
00:08:811: <MSG>: 
23.3731
12.1413
0.575041
0.0944959
12.0917
-0.0309744
-0.118166
-0.026781
0
00:08:821: <MSG>: 
23.3731
12.1401
0.576194
0.0944681
12.0921
-0.0299513
-0.117118
-0.0264948
0
00:08:831: <MSG>: 
23.3731
12.1405
0.577167
0.0943805
12.0953
-0.0254872
-0.115795
-0.026905
0
00:08:840: <MSG>: 
23.3731
12.1383
0.577366
0.0942968
12.0986
-0.0209773
-0.114577
-0.027296
0
00:08:849: <MSG>: 
23.3731
12.1398
0.577145
0.0940622
12.1084
-0.00857924
-0.112727
-0.0294806
0
00:08:859: <MSG>: 
23.3731
12.1398
0.577145
0.0945782
12.1077
-0.0104142
-0.112091
-0.0208264
0
00:08:868: <MSG>: 
23.3731
12.14
0.576419
0.0950723
12.1085
-0.0106276
-0.1119
-0.0128379
0
00:08:878: <MSG>: 
23.3731
12.139
0.576777
0.0952042
12.1096
-0.0103856
-0.111665
-0.0105797
0
00:08:888: <MSG>: 
23.3731
12.1385
0.5768
0.0956432
12.1093
-0.0116549
-0.110769
-0.00350039
0
00:08:897: <MSG>: 
23.3731
12.1385
0.5768
0.09591
12.109
-0.0128404
-0.110415
0.000659124
0
00:08:906: <MSG>: 
23.3731
12.1356
0.575054
0.0960016
12.1111
-0.0107168
-0.108175
0.00245895
0
00:08:916: <MSG>: 
23.3731
12.1382
0.577087
0.0960336
12.1179
-0.0030617
-0.105608
0.00357951
0
00:08:925: <MSG>: 
23.3731
12.1372
0.576673
0.0960307
12.1267
0.00701511
-0.10316
0.0042084
0
00:08:934: <MSG>: 
23.3731
12.1375
0.57745
0.096081
12.1351
0.0166878
-0.100813
0.00549923
0
00:08:943: <MSG>: 
23.3731
12.1375
0.57745
0.0961635
12.144
0.0270138
-0.0986003
0.00716724
0
00:08:952: <MSG>: 
23.3731
12.136
0.57871
0.096348
12.1467
0.0290866
-0.0962271
0.0101802
0
00:08:962: <MSG>: 
23.3731
12.1347
0.5759
0.0964424
12.1574
0.0406429
-0.093765
0.0120236
0
00:08:971: <MSG>: 
23.3731
12.1373
0.577122
0.0965379
12.1702
0.054825
-0.0913392
0.0138668
0
00:08:980: <MSG>: 
23.3731
12.139
0.578632
0.0965939
12.1234
0.000313022
-0.0894904
0.0148192
0
00:08:989: <MSG>: 
23.3731
12.139
0.578632
0.0967911
12.1387
0.0179649
-0.0866455
0.0181163
0
00:08:998: <MSG>: 
23.3731
12.139
0.578352
0.0969606
12.1596
0.0420622
-0.0838879
0.0210057
0
00:09:008: <MSG>: 
23.3731
12.1383
0.578915
0.097156
12.1828
0.0688455
-0.0811985
0.024195
0
00:09:017: <MSG>: 
23.3731
12.1416
0.579243
0.0973424
12.155
0.035483
-0.0791618
0.0268635
0
00:09:026: <MSG>: 
23.3731
12.1416
0.579243
0.097524
12.1307
0.00654379
-0.0771377
0.0294386
0
00:09:035: <MSG>: 
23.3731
12.1403
0.578369
0.0976068
12.1023
-0.0268753
-0.0749553
0.0307037
0
00:09:045: <MSG>: 
23.3731
12.1403
0.580625
0.0976826
12.0795
-0.0534811
-0.0725934
0.0319144
0
00:09:054: <MSG>: 
23.3731
12.1411
0.581788
0.0977469
12.0558
-0.0806792
-0.0701857
0.0329756
0
00:09:064: <MSG>: 
23.3731
12.1411
0.581788
0.0977791
12.0342
-0.105322
-0.0677443
0.033594
0
00:09:074: <MSG>: 
23.3731
12.1431
0.583065
0.0977478
12.0131
-0.129035
-0.0648919
0.0334599
0
00:09:083: <MSG>: 
23.3731
12.1423
0.584196
0.0977818
11.9951
-0.149052
-0.0622843
0.0341931
0
00:09:092: <MSG>: 
23.3731
12.1387
0.58477
0.0978226
11.9772
-0.169786
-0.0595832
0.0350259
0
00:09:102: <MSG>: 
23.3731
12.137
0.588047
0.0978669
11.9598
-0.189495
-0.056678
0.0359593
0
00:09:111: <MSG>: 
23.3731
12.137
0.588047
0.0969478
11.9764
-0.162075
-0.0594733
0.0205575
0
00:09:121: <MSG>: 
23.3731
12.1297
0.586119
0.0963408
11.9893
-0.141229
-0.0618917
0.0103127
0
00:09:131: <MSG>: 
23.3731
12.1183
0.583165
0.0959751
11.9994
-0.126097
-0.0653955
0.00363631
0
00:09:140: <MSG>: 
23.3731
12.1044
0.584299
0.0957627
12.0082
-0.113552
-0.0683677
-0.000439313
0
00:09:150: <MSG>: 
23.3731
12.0855
0.586579
0.0955032
12.0183
-0.0995231
-0.0705637
-0.00493212
0
00:09:159: <MSG>: 
23.3731
12.0855
0.586579
0.0951936
12.0322
-0.0811649
-0.0718977
-0.00983601
0
00:09:169: <MSG>: 
23.3731
12.0704
0.58987
0.0952086
12.0421
-0.0689329
-0.0729921
-0.00969322
1
00:09:178: <MSG>: 
23.3731
12.0667
0.591931
0.0951991
12.0502
-0.059736
-0.0737129
-0.00981892
0
00:09:189: <MSG>: 
23.3731
12.0691
0.591261
0.0951637
12.058
-0.0508507
-0.0742492
-0.0102525
0
00:09:199: <MSG>: 
23.3731
12.0773
0.589821
0.0950583
12.0645
-0.042478
-0.074554
-0.0116768
0
00:09:208: <MSG>: 
23.3731
12.0773
0.589821
0.0951952
12.0672
-0.0408717
-0.0756282
-0.00970596
0
00:09:218: <MSG>: 
23.3731
12.0787
0.588336
0.0955534
12.0645
-0.0453377
-0.0763166
-0.00439201
0
00:09:229: <MSG>: 
23.3731
12.0778
0.58694
0.0957666
12.0649
-0.0454936
-0.0763863
-0.00114757
0
00:09:238: <MSG>: 
23.3731
12.076
0.585777
0.0959713
12.0646
-0.0466706
-0.0767523
0.00180265
0
00:09:247: <MSG>: 
23.3731
12.0752
0.586194
0.0962265
12.0632
-0.0494995
-0.0768868
0.00550078
0
00:09:257: <MSG>: 
23.3731
12.0773
0.586258
0.0963204
12.0662
-0.0464068
-0.0762806
0.00700245
0
00:09:266: <MSG>: 
23.3731
12.0773
0.586258
0.0963382
12.0712
-0.040771
-0.0753762
0.0074553
0
00:09:276: <MSG>: 
23.3731
12.0797
0.585651
0.0964749
12.073
-0.0392095
-0.0747302
0.00954759
0
00:09:285: <MSG>: 
23.3731
12.0783
0.584408
0.0966089
12.0743
-0.0382681
-0.0743581
0.0114851
0
00:09:294: <MSG>: 
23.3731
12.0763
0.584022
0.0967712
12.0753
-0.0376988
-0.0736897
0.0138747
0
00:09:304: <MSG>: 
23.3731
12.0763
0.584022
0.0967741
12.082
-0.0298345
-0.0722546
0.0141703
0
00:09:313: <MSG>: 
23.3731
12.0775
0.587247
0.0967984
12.0885
-0.0223036
-0.0708327
0.0147684
0
00:09:323: <MSG>: 
23.3731
12.0792
0.590199
0.0967648
12.0969
-0.0132904
-0.0688932
0.0146831
0
00:09:332: <MSG>: 
23.3731
12.0796
0.590496
0.0970677
12.0976
-0.0130261
-0.0667001
0.0190347
0
00:09:342: <MSG>: 
23.3731
12.0808
0.58723
0.0976673
12.0987
-0.0122722
-0.0644952
0.0270804
0
00:09:351: <MSG>: 
23.3731
12.0808
0.58723
0.0978934
12.0996
-0.0112002
-0.0637165
0.0298656
0
00:09:361: <MSG>: 
23.3731
12.0807
0.587723
0.0979991
12.0993
-0.0115224
-0.0639294
0.0307452
0
00:09:370: <MSG>: 
23.3731
12.0801
0.58846
0.0982156
12.0987
-0.011937
-0.0639875
0.0330826
0
00:09:380: <MSG>: 
23.3731
12.0792
0.586569
0.0985322
12.0998
-0.0106728
-0.0638907
0.0366964
0
00:09:389: <MSG>: 
23.3731
12.0792
0.586569
0.0985919
12.102
-0.00790187
-0.0646233
0.0367873
0
00:09:399: <MSG>: 
23.3731
12.0784
0.586434
0.099001
12.1041
-0.00580682
-0.0664102
0.040998
0
00:09:408: <MSG>: 
23.3731
12.0799
0.585799
0.0990358
12.1113
0.000153059
-0.0639088
0.0416601
0
00:09:417: <MSG>: 
23.3731
12.0802
0.586439
0.0990727
12.1192
0.00708202
-0.0615086
0.0423098
0
00:09:427: <MSG>: 
23.3731
12.0804
0.585925
0.0991891
12.126
0.0130958
-0.0591648
0.0440802
0
00:09:436: <MSG>: 
23.3731
12.0804
0.585925
0.0992356
12.1376
0.0251156
-0.0565601
0.0449476
0
00:09:445: <MSG>: 
23.3731
12.0796
0.58334
0.0993106
12.149
0.0370234
-0.054301
0.0460846
0
00:09:455: <MSG>: 
23.3731
12.082
0.583822
0.0992423
12.1709
0.0615757
-0.0512624
0.045436
0
00:09:463: <MSG>: 
23.3731
12.082
0.58263
0.0991777
12.1949
0.0886292
-0.0484458
0.0448452
0
00:09:473: <MSG>: 
23.3731
12.0829
0.585169
0.0992146
12.2171
0.113842
-0.0460197
0.0455664
0
00:09:482: <MSG>: 
23.3731
12.0829
0.585169
0.0992524
12.2384
0.136877
-0.0436808
0.0462547
0
00:09:491: <MSG>: 
23.3731
12.0843
0.585704
0.0992879
12.2623
0.163322
-0.0414486
0.0469306
0
00:09:500: <MSG>: 
23.3731
12.0885
0.584014
0.0993713
12.2892
0.193209
-0.0388985
0.0483259
0
00:09:510: <MSG>: 
23.3731
12.0959
0.587809
0.0993658
12.3251
0.233788
-0.0363422
0.0485271
0
00:09:519: <MSG>: 
23.3731
12.0959
0.587809
0.0993982
12.3641
0.277937
-0.0333777
0.0494189
0
00:09:529: <MSG>: 
23.3731
12.1064
0.587434
0.0995152
12.3352
0.242429
-0.0312775
0.0508631
0
00:09:538: <MSG>: 
23.3731
12.1204
0.587336
0.0996269
12.3059
0.206294
-0.0293116
0.0522451
0
00:09:547: <MSG>: 
23.3731
12.1364
0.588881
0.0997404
12.2819
0.176676
-0.0272906
0.0536871
0
00:09:556: <MSG>: 
23.3731
12.1364
0.588881
0.0998453
12.2583
0.147668
-0.0252793
0.0549909
0
00:09:566: <MSG>: 
23.3731
12.1518
0.587852
0.0999323
12.2366
0.121069
-0.0233345
0.0559699
0
00:09:575: <MSG>: 
23.3731
12.1747
0.590376
0.100139
12.2228
0.103929
-0.0211446
0.0587369
0
00:09:584: <MSG>: 
23.3731
12.1953
0.585389
0.100286
12.2098
0.0882033
-0.0192577
0.0605406
0
00:09:594: <MSG>: 
23.3731
12.2027
0.584001
0.100396
12.2
0.076577
-0.0174119
0.0617946
0
00:09:603: <MSG>: 
23.3731
12.2027
0.584001
0.100499
12.1886
0.0623191
-0.0155378
0.0629391
0
00:09:613: <MSG>: 
23.3731
12.1961
0.583902
0.0998829
12.1837
0.0557488
-0.0234457
0.0524526
0
00:09:622: <MSG>: 
23.3731
12.1861
0.585199
0.0995704
12.1792
0.0493799
-0.0287758
0.0465015
0
00:09:631: <MSG>: 
23.3731
12.1794
0.584706
0.0991856
12.1768
0.0458456
-0.0346024
0.0396093
0
00:09:641: <MSG>: 
23.3731
12.1794
0.584706
0.0989573
12.1755
0.0431326
-0.0399753
0.0347948
0
00:09:651: <MSG>: 
23.3731
12.1783
0.586811
0.0987936
12.1718
0.0376256
-0.0450537
0.0309065
0
00:09:660: <MSG>: 
23.3731
12.183
0.585025
0.0985576
12.1688
0.0335282
-0.0498869
0.0262849
0
00:09:669: <MSG>: 
23.3731
12.1845
0.584761
0.0986671
12.1632
0.0257118
-0.0534053
0.0262366
0
00:09:679: <MSG>: 
23.3731
12.1805
0.583372
0.0990373
12.1537
0.0130294
-0.0555628
0.0296726
1
00:09:689: <MSG>: 
23.3731
12.1805
0.583372
0.0992502
12.1464
0.0039586
-0.0576567
0.0312303
0
00:09:698: <MSG>: 
23.3731
12.1801
0.584419
0.0995028
12.139
-0.00527239
-0.0594096
0.0333642
0
00:09:707: <MSG>: 
23.3731
12.18
0.58303
0.0996551
12.1329
-0.0122967
-0.0612857
0.0341923
0
00:09:717: <MSG>: 
23.3731
12.1787
0.586825
0.0996333
12.1304
-0.0142659
-0.0626503
0.0330591
0
00:09:726: <MSG>: 
23.3731
12.1785
0.588468
0.0996251
12.1278
-0.0162934
-0.0640964
0.0320927
0
00:09:736: <MSG>: 
23.3731
12.1785
0.588468
0.0996508
12.1254
-0.0180173
-0.0651535
0.0316475
0
00:09:745: <MSG>: 
23.3731
12.1761
0.585124
0.0997149
12.1224
-0.0204439
-0.0660766
0.0317255
0
00:09:754: <MSG>: 
23.3731
12.1722
0.581702
0.0996781
12.1215
-0.0203403
-0.0671354
0.0305606
0
00:09:763: <MSG>: 
23.3731
12.1682
0.585544
0.0995845
12.1224
-0.0176881
-0.06779
0.0287932
0
00:09:773: <MSG>: 
23.3731
12.1639
0.584502
0.0995242
12.1225
-0.0170396
-0.0680432
0.0275789
0
00:09:782: <MSG>: 
23.3731
12.1639
0.584502
0.0994575
12.1228
-0.016045
-0.0684634
0.0262459
0
00:09:791: <MSG>: 
23.3731
12.1603
0.584904
0.0994415
12.1228
-0.0153205
-0.0684652
0.0256929
0
00:09:801: <MSG>: 
23.3731
12.1605
0.586956
0.0994377
12.1227
-0.0147734
-0.0685205
0.0252781
0
00:09:810: <MSG>: 
23.3731
12.1588
0.589363
0.0993603
12.1255
-0.010615
-0.0682325
0.0240458
0
00:09:820: <MSG>: 
23.3731
12.1588
0.589363
0.099311
12.1289
-0.00559227
-0.067538
0.0233095
0
00:09:830: <MSG>: 
23.3731
12.1595
0.590976
0.0991166
12.1382
0.00685059
-0.0661505
0.0209175
0
00:09:840: <MSG>: 
23.3731
12.1584
0.588937
0.0990521
12.1429
0.0123717
-0.0648169
0.0202042
0
00:09:850: <MSG>: 
23.3731
12.1584
0.591193
0.0995757
12.1422
0.0102234
-0.0649201
0.0277803
0
00:09:859: <MSG>: 
23.3731
12.158
0.590188
0.0998508
12.1425
0.00963093
-0.0656347
0.0312606
0
00:09:868: <MSG>: 
23.3731
12.1592
0.588369
0.0997557
12.1444
0.0112149
-0.0662696
0.0291794
0
00:09:877: <MSG>: 
23.3731
12.1592
0.588369
0.0998833
12.1461
0.0121656
-0.0666714
0.0304878
0
00:09:887: <MSG>: 
23.3731
12.159
0.588735
0.100146
12.1456
0.0105156
-0.0675358
0.0336319
0
00:09:895: <MSG>: 
23.3731
12.161
0.589296
0.100306
12.1456
0.0095288
-0.0682914
0.0352528
0
00:09:905: <MSG>: 
23.3731
12.1627
0.588394
0.100416
12.149
0.0136367
-0.0667655
0.0366102
0
00:09:914: <MSG>: 
23.3731
12.1627
0.588394
0.100505
12.1541
0.0199165
-0.0650919
0.0377516
0
00:09:923: <MSG>: 
23.3731
12.1608
0.587363
0.100474
12.1643
0.0321703
-0.0632982
0.0374252
0
00:09:932: <MSG>: 
23.3731
12.1605
0.588314
0.100437
12.1745
0.0432039
-0.0615005
0.0370062
0
00:09:942: <MSG>: 
23.3731
12.1605
0.586418
0.100424
12.1846
0.0542886
-0.0599368
0.0368289
0
00:09:950: <MSG>: 
23.3731
12.1605
0.586418
0.100344
12.1998
0.0714144
-0.0581463
0.0359162
0
00:09:960: <MSG>: 
23.3731
12.1611
0.588621
0.10027
12.2179
0.091806
-0.0562571
0.0350985
0
00:09:969: <MSG>: 
23.3731
12.1615
0.588689
0.100215
12.237
0.113561
-0.0544571
0.0345372
0
00:09:978: <MSG>: 
23.3731
12.1619
0.587894
0.100311
12.2515
0.12973
-0.0526188
0.0359175
0
00:09:987: <MSG>: 
23.3731
12.1619
0.587894
0.10038
12.2678
0.146927
-0.0508215
0.0369093
0
00:09:997: <MSG>: 
23.3731
12.1652
0.588536
0.100476
12.2844
0.164494
-0.0491042
0.0382412
0
00:10:005: <MSG>: 
23.3731
12.1672
0.585301
0.100539
12.3059
0.187978
-0.0476511
0.0390865
0
00:10:015: <MSG>: 
23.3731
12.1704
0.586038
0.10076
12.3207
0.203488
-0.0460795
0.0419704
0
00:10:024: <MSG>: 
23.3731
12.1716
0.585924
0.100874
12.3494
0.235282
-0.0441982
0.0435746
0
00:10:033: <MSG>: 
23.3731
12.1716
0.585924
0.100996
12.3819
0.271545
-0.0424007
0.0452774
0
00:10:042: <MSG>: 
23.3731
12.1718
0.588962
0.10113
12.415
0.307267
-0.0404781
0.0471293
0
00:10:051: <MSG>: 
23.3731
12.1753
0.588648
0.101236
12.392
0.278092
-0.0391736
0.0482457
0
00:10:061: <MSG>: 
23.3731
12.1788
0.589536
0.101352
12.3737
0.254535
-0.0377871
0.0494812
0
00:10:070: <MSG>: 
23.3731
12.1788
0.589536
0.101435
12.4282
0.315178
-0.0359024
0.0506865
0
00:10:079: <MSG>: 
23.3731
12.184
0.59103
0.101492
12.4094
0.291178
-0.0345392
0.0511409
0
00:10:088: <MSG>: 
23.3731
12.1899
0.592875
0.101537
12.3915
0.268146
-0.0330053
0.0514284
0
00:10:098: <MSG>: 
23.3731
12.2068
0.591954
0.101525
12.3724
0.243241
-0.0312664
0.051039
0
00:10:107: <MSG>: 
23.3731
12.2068
0.591954
0.101495
12.3531
0.218352
-0.0294638
0.0504144
0
00:10:116: <MSG>: 
23.3731
12.2229
0.588828
0.101511
12.3388
0.199491
-0.0281668
0.0503186
0
00:10:127: <MSG>: 
23.3731
12.2319
0.590297
0.10087
12.3327
0.191132
-0.0323881
0.0384342
0
00:10:136: <MSG>: 
23.3731
12.2423
0.588788
0.10046
12.3244
0.179735
-0.0367276
0.0303285
0
00:10:145: <MSG>: 
23.3731
12.2426
0.58734
0.100044
12.3214
0.174493
-0.0412382
0.0222537
0
00:10:155: <MSG>: 
23.3731
12.2426
0.58734
0.0995916
12.3174
0.168632
-0.0446735
0.0140642
0
00:10:164: <MSG>: 
23.3731
12.2376
0.587854
0.0993885
12.3129
0.161829
-0.0480039
0.00982956
0
00:10:174: <MSG>: 
23.3731
12.2347
0.591361
0.0991405
12.3076
0.155311
-0.0505474
0.00520582
0
00:10:183: <MSG>: 
23.3731
12.2334
0.592597
0.0988724
12.3056
0.151224
-0.0538537
0.000162671
0
00:10:192: <MSG>: 
23.3731
12.2334
0.592597
0.0988021
12.3021
0.145162
-0.0562334
-0.00157363
1
00:10:202: <MSG>: 
23.3731
12.2374
0.592669
0.0990332
12.2927
0.132277
-0.0584743
0.00121964
0
00:10:210: <MSG>: 
23.3731
12.2392
0.591126
0.0992143
12.2847
0.121852
-0.0601313
0.00338101
0
00:10:220: <MSG>: 
23.3731
12.2386
0.590572
0.0992525
12.2803
0.116255
-0.0611169
0.0035879
0
00:10:229: <MSG>: 
23.3731
12.2387
0.592393
0.0993076
12.2758
0.11063
-0.0622286
0.00400072
0
00:10:240: <MSG>: 
23.3731
12.2387
0.592393
0.0992798
12.2738
0.108253
-0.0630332
0.00328502
0
00:10:250: <MSG>: 
23.3731
12.238
0.588765
0.0992398
12.2713
0.104607
-0.0641843
0.00229744
0
00:10:260: <MSG>: 
23.3731
12.2384
0.587919
0.0991011
12.2711
0.104122
-0.0650326
-8.75803e-07
0
00:10:269: <MSG>: 
23.3731
12.24
0.591143
0.0990521
12.2708
0.10383
-0.0655471
-0.000866861
0
00:10:279: <MSG>: 
23.3731
12.2391
0.591523
0.0988351
12.2752
0.108984
-0.065121
-0.00385853
0
00:10:289: <MSG>: 
23.3731
12.2391
0.591523
0.0988698
12.2741
0.10698
-0.0649392
-0.00325418
0
00:10:299: <MSG>: 
23.3731
12.2371
0.588244
0.098806
12.2754
0.107988
-0.0646248
-0.00403136
0
00:10:308: <MSG>: 
23.3731
12.2368
0.587221
0.0988535
12.2737
0.105228
-0.0645514
-0.00327695
0
00:10:317: <MSG>: 
23.3731
12.2384
0.58702
0.0988917
12.2723
0.102905
-0.0646459
-0.00271212
0
00:10:327: <MSG>: 
23.3731
12.2372
0.586366
0.098788
12.2768
0.108117
-0.0639986
-0.00395318
0
00:10:336: <MSG>: 
23.3731
12.2372
0.586366
0.0986962
12.2812
0.113137
-0.0635281
-0.0050514
0
00:10:345: <MSG>: 
23.3731
12.2375
0.587992
0.0984647
12.2924
0.126635
-0.0621435
-0.00783526
0
00:10:354: <MSG>: 
23.3731
12.2382
0.588055
0.0988069
12.2875
0.118796
-0.0624638
-0.00351205
0
00:10:364: <MSG>: 
23.3731
12.2376
0.585697
0.0992643
12.283
0.111745
-0.0620499
0.00241563
0
00:10:373: <MSG>: 
23.3731
12.2381
0.587086
0.0996484
12.2788
0.104846
-0.062073
0.00718933
0
00:10:383: <MSG>: 
23.3731
12.2381
0.587086
0.0998127
12.271
0.0941664
-0.0640257
0.00855093
0
00:10:393: <MSG>: 
23.3731
12.2365
0.587147
0.100006
12.2643
0.0848791
-0.0653415
0.0104291
0
00:10:403: <MSG>: 
23.3731
12.2385
0.587171
0.100413
12.2609
0.0794035
-0.0667103
0.0149753
0
00:10:412: <MSG>: 
23.3731
12.2389
0.585363
0.100752
12.2581
0.0745349
-0.0677589
0.0186994
0
00:10:421: <MSG>: 
23.3731
12.2391
0.584188
0.100753
12.2652
0.0823867
-0.0661766
0.0189162
0
00:10:430: <MSG>: 
23.3731
12.2391
0.584188
0.100782
12.2722
0.0901437
-0.0647649
0.0194493
0
00:10:439: <MSG>: 
23.3731
12.2395
0.586413
0.100702
12.2862
0.10592
-0.0628
0.0186444
0
00:10:449: <MSG>: 
23.3731
12.2403
0.58333
0.100653
12.3001
0.121489
-0.0611939
0.0181781
0
00:10:458: <MSG>: 
23.3731
12.2391
0.582228
0.100574
12.3143
0.136573
-0.0596534
0.0172851
0
00:10:467: <MSG>: 
23.3731
12.2391
0.582228
0.10066
12.3223
0.144326
-0.0582633
0.0186682
0
00:10:476: <MSG>: 
23.3731
12.238
0.583641
0.100701
12.3345
0.157124
-0.0567849
0.0194538
0
00:10:485: <MSG>: 
23.3731
12.2383
0.584142
0.100829
12.3438
0.16675
-0.0555343
0.02137
0
00:10:494: <MSG>: 
23.3731
12.239
0.58447
0.100886
12.363
0.18783
-0.053898
0.0224146
0
00:10:504: <MSG>: 
23.3731
12.239
0.58447
0.101031
12.3787
0.204901
-0.0522548
0.0246721
0
00:10:513: <MSG>: 
23.3731
12.2413
0.583719
0.101135
12.3994
0.22666
-0.0503553
0.0264146
0
00:10:522: <MSG>: 
23.3731
12.2429
0.583636
0.101249
12.4233
0.25222
-0.0485481
0.0282444
0
00:10:532: <MSG>: 
23.3731
12.2429
0.583261
0.101367
12.4504
0.281395
-0.0468371
0.0300971
0
00:10:541: <MSG>: 
23.3731
12.2439
0.585191
0.101484
12.4273
0.25242
-0.045487
0.0316078
0
00:10:550: <MSG>: 
23.3731
12.2439
0.585191
0.101595
12.4079
0.228074
-0.0441448
0.0330204
0
00:10:560: <MSG>: 
23.3731
12.2468
0.585751
0.10165
12.3876
0.202815
-0.0427455
0.0336476
0
00:10:569: <MSG>: 
23.3731
12.2482
0.586796
0.101725
12.3699
0.18083
-0.0412982
0.0345773
0
00:10:579: <MSG>: 
23.3731
12.2504
0.585348
0.101769
12.3528
0.159648
-0.039906
0.0350216
0
00:10:588: <MSG>: 
23.3731
12.2504
0.585348
0.101717
12.3309
0.132101
-0.0381106
0.0342631
0
00:10:598: <MSG>: 
23.3731
12.2535
0.58513
0.101729
12.3138
0.110438
-0.0366418
0.0343033
0
00:10:607: <MSG>: 
23.3731
12.2559
0.583791
0.100906
12.2988
0.0910126
-0.0453568
0.0215827
0
00:10:617: <MSG>: 
23.3731
12.2532
0.584008
0.100146
12.2869
0.0756979
-0.0535831
0.00990015
0
00:10:626: <MSG>: 
23.3731
12.2514
0.581967
0.0993802
12.2746
0.060829
-0.0607266
-0.00142719
0
00:10:635: <MSG>: 
23.3731
12.2514
0.581967
0.0988404
12.264
0.047627
-0.0670003
-0.00968567
0
00:10:645: <MSG>: 
23.3731
12.2515
0.581976
0.0986432
12.2522
0.0320303
-0.0727798
-0.0136039
0
00:10:654: <MSG>: 
23.3731
12.2512
0.582634
0.0983073
12.2418
0.0191417
-0.0786271
-0.0191614
0
00:10:664: <MSG>: 
23.3731
12.2513
0.581312
0.0980934
12.2311
0.00536203
-0.0839983
-0.0230483
0
00:10:673: <MSG>: 
23.3731
12.2513
0.581312
0.0981066
12.2183
-0.00982189
-0.0872916
-0.0235804
0
00:10:682: <MSG>: 
23.3731
12.2505
0.580656
0.098176
12.2055
-0.0248057
-0.0902632
-0.0233194
1
00:10:692: <MSG>: 
23.3731
12.2491
0.580392
0.0980518
12.1963
-0.0347647
-0.092982
-0.0253381
0
00:10:701: <MSG>: 
23.3731
12.2484
0.578766
0.0979854
12.1871
-0.0444109
-0.0953872
-0.0265387
0
00:10:710: <MSG>: 
23.3731
12.2455
0.579202
0.0979177
12.1782
-0.0536715
-0.0978963
-0.0277889
0
00:10:720: <MSG>: 
23.3731
12.2455
0.579202
0.0976744
12.1733
-0.0574132
-0.10003
-0.0310495
0
00:10:731: <MSG>: 
23.3731
12.2401
0.581102
0.0974348
12.1688
-0.0607015
-0.102165
-0.034194
0
00:10:740: <MSG>: 
23.3731
12.2344
0.577731
0.0971613
12.1661
-0.0615901
-0.103723
-0.0376042
0
00:10:750: <MSG>: 
23.3731
12.227
0.575536
0.0969469
12.1629
-0.0635355
-0.104968
-0.0401726
0
00:10:759: <MSG>: 
23.3731
12.2225
0.573544
0.0967738
12.1598
-0.0655127
-0.105893
-0.0421225
0
00:10:768: <MSG>: 
23.3731
12.2225
0.573544
0.0966124
12.1558
-0.0693965
-0.106891
-0.0439219
0
00:10:778: <MSG>: 
23.3731
12.2166
0.572953
0.0965763
12.1495
-0.0763522
-0.107799
-0.0441093
0
00:10:788: <MSG>: 
23.3731
12.2132
0.57306
0.0964483
12.1457
-0.0797651
-0.108546
-0.0453583
0
00:10:796: <MSG>: 
23.3731
12.2108
0.573494
0.0961635
12.1473
-0.0766576
-0.1086
-0.0484823
0
00:10:806: <MSG>: 
23.3731
12.2094
0.572402
0.0957919
12.1517
-0.0700756
-0.10849
-0.0525942
0
00:10:816: <MSG>: 
23.3731
12.2094
0.572402
0.0955964
12.1528
-0.0677309
-0.108292
-0.0543788
0
00:10:825: <MSG>: 
23.3731
12.2081
0.573601
0.0954461
12.1543
-0.0649583
-0.107552
-0.0554091
0
00:10:835: <MSG>: 
23.3731
12.2068
0.571165
0.0953356
12.1559
-0.0622108
-0.106548
-0.0558296
0
00:10:844: <MSG>: 
23.3731
12.2034
0.571387
0.0953502
12.1545
-0.0633467
-0.105494
-0.0545944
0
00:10:854: <MSG>: 
23.3731
12.2006
0.569436
0.0953692
12.151
-0.0677775
-0.10463
-0.0534052
0
00:10:863: <MSG>: 
23.3731
12.2006
0.569436
0.0958207
12.1477
-0.0725003
-0.104139
-0.0454702
0
00:10:872: <MSG>: 
23.3731
12.2011
0.569126
0.0961978
12.147
-0.0743181
-0.105332
-0.039342
0
00:10:883: <MSG>: 
23.3731
12.2005
0.568978
0.0963046
12.1442
-0.0780085
-0.10603
-0.0373032
0
00:10:892: <MSG>: 
23.3731
12.2006
0.569582
0.0967092
12.1426
-0.0803369
-0.106009
-0.0306353
0
00:10:901: <MSG>: 
23.3731
12.2009
0.567355
0.0969026
12.1414
-0.0821378
-0.106705
-0.0274917
0
00:10:910: <MSG>: 
23.3731
12.2009
0.567355
0.0967174
12.1499
-0.0720071
-0.105129
-0.0290842
0
00:10:920: <MSG>: 
23.3731
12.1992
0.56674
0.0965262
12.1605
-0.0595007
-0.103624
-0.0307569
0
00:10:929: <MSG>: 
23.3731
12.1986
0.567292
0.0965517
12.1666
-0.0521167
-0.101428
-0.0294017
0
00:10:938: <MSG>: 
23.3731
12.1966
0.564662
0.0964901
12.1785
-0.0381874
-0.0991107
-0.0291721
0
00:10:947: <MSG>: 
23.3731
12.1966
0.564662
0.09644
12.1891
-0.0266078
-0.0968821
-0.0287965
0
00:10:957: <MSG>: 
23.3731
12.1961
0.565174
0.0964091
12.2026
-0.011651
-0.0946717
-0.028177
0
00:10:966: <MSG>: 
23.3731
12.1971
0.565149
0.0963689
12.2182
0.00598088
-0.0925328
-0.027694
0
00:10:975: <MSG>: 
23.3731
12.1963
0.564132
0.0963829
12.2341
0.0240443
-0.0905526
-0.0265335
0
00:10:984: <MSG>: 
23.3731
12.1963
0.564132
0.0963917
12.2531
0.0458535
-0.0886314
-0.0254551
0
00:10:994: <MSG>: 
23.3731
12.1988
0.565051
0.0964366
12.278
0.074468
-0.0861526
-0.0237162
0
00:11:003: <MSG>: 
23.3731
12.2003
0.566354
0.0965035
12.3019
0.100807
-0.0836519
-0.0217052
0
00:11:012: <MSG>: 
23.3731
12.2023
0.565769
0.0964838
12.2617
0.0532305
-0.0817242
-0.0212487
0
00:11:022: <MSG>: 
23.3731
12.2035
0.566988
0.0964681
12.2233
0.0079364
-0.0797033
-0.0207119
0
00:11:031: <MSG>: 
23.3731
12.2035
0.566988
0.0965329
12.1927
-0.0280972
-0.0779154
-0.0191303
0
00:11:040: <MSG>: 
23.3731
12.2034
0.565635
0.0965764
12.1647
-0.0608171
-0.0761861
-0.0178687
0
00:11:050: <MSG>: 
23.3731
12.2064
0.568098
0.0967531
12.1442
-0.0845104
-0.0740497
-0.0146757
0
00:11:059: <MSG>: 
23.3731
12.209
0.567654
0.0968929
12.1237
-0.107949
-0.0719535
-0.0120311
0
00:11:068: <MSG>: 
23.3731
12.209
0.567654
0.0970324
12.1041
-0.131118
-0.0698158
-0.00941914
0
00:11:077: <MSG>: 
23.3731
12.208
0.566456
0.097159
12.0859
-0.152188
-0.0677489
-0.00702582
0
00:11:086: <MSG>: 
23.3731
12.2032
0.566022
0.0972636
12.069
-0.171315
-0.06569
-0.00496328
0
00:11:096: <MSG>: 
23.3731
12.1969
0.567027
0.0973311
12.0527
-0.189746
-0.0635365
-0.00340257
0
00:11:105: <MSG>: 
23.3731
12.1941
0.562463
0.0973934
12.0384
-0.205441
-0.0616514
-0.0019967
0
00:11:115: <MSG>: 
23.3731
12.1941
0.562463
0.0966628
12.0482
-0.187986
-0.0658923
-0.0144087
0
00:11:124: <MSG>: 
23.3731
12.1904
0.562425
0.0960259
12.0578
-0.171651
-0.0699059
-0.0250986
0
00:11:133: <MSG>: 
23.3731
12.1805
0.559427
0.0954896
12.0688
-0.15555
-0.0740979
-0.0341083
0
00:11:143: <MSG>: 
23.3731
12.1675
0.555727
0.0950547
12.0765
-0.144158
-0.0781279
-0.0413135
0
00:11:152: <MSG>: 
23.3731
12.1675
0.555727
0.0947741
12.0844
-0.133259
-0.0819132
-0.0459974
0
00:11:162: <MSG>: 
23.3731
12.1542
0.555957
0.0944731
12.0934
-0.121065
-0.084794
-0.0506329
0
00:11:171: <MSG>: 
23.3731
12.1424
0.555999
0.0942934
12.1022
-0.109736
-0.087288
-0.0532336
1
00:11:182: <MSG>: 
23.3731
12.1369
0.558205
0.0941456
12.1079
-0.102097
-0.0887947
-0.054958
0
00:11:191: <MSG>: 
23.3731
12.1399
0.559489
0.0940165
12.1131
-0.095471
-0.0905635
-0.0565843
0
00:11:201: <MSG>: 
23.3731
12.1399
0.559489
0.0939379
12.1159
-0.0920428
-0.0924644
-0.0573147
0
00:11:210: <MSG>: 
23.3731
12.1448
0.558056
0.0941581
12.114
-0.0942621
-0.0934637
-0.0533954
0
00:11:222: <MSG>: 
23.3731
12.1481
0.557077
0.0942564
12.1131
-0.0945222
-0.0948117
-0.0512709
0
00:11:231: <MSG>: 
23.3731
12.1477
0.561297
0.0943419
12.1142
-0.093354
-0.0950036
-0.0492613
0
00:11:240: <MSG>: 
23.3731
12.146
0.561692
0.0944889
12.1145
-0.0929553
-0.0949804
-0.0463522
0
00:11:250: <MSG>: 
23.3731
12.1452
0.560211
0.0946232
12.1142
-0.0929975
-0.0952497
-0.0437186
0
00:11:259: <MSG>: 
23.3731
12.1452
0.560211
0.094605
12.1183
-0.0872965
-0.0947295
-0.043157
0
00:11:269: <MSG>: 
23.3731
12.1463
0.557295
0.0946803
12.1192
-0.0864575
-0.0944854
-0.0413207
0
00:11:278: <MSG>: 
23.3731
12.1479
0.557528
0.0947374
12.122
-0.083216
-0.0934819
-0.0395736
0
00:11:288: <MSG>: 
23.3731
12.148
0.556808
0.094792
12.1246
-0.0803028
-0.0926967
-0.0379488
0
00:11:298: <MSG>: 
23.3731
12.1473
0.554479
0.0948395
12.1267
-0.0778487
-0.0922495
-0.0364977
0
00:11:308: <MSG>: 
23.3731
12.1473
0.554479
0.0949304
12.1285
-0.0758138
-0.0914738
-0.0343977
0
00:11:317: <MSG>: 
23.3731
12.1478
0.552269
0.0949181
12.1334
-0.0700088
-0.0904593
-0.0337754
0
00:11:326: <MSG>: 
23.3731
12.1485
0.5512
0.0949202
12.1376
-0.0651379
-0.0897134
-0.033009
0
00:11:336: <MSG>: 
23.3731
12.1498
0.550149
0.0951019
12.1358
-0.0670537
-0.0892104
-0.0300688
0
00:11:346: <MSG>: 
23.3731
12.15
0.550716
0.0956657
12.1346
-0.0685762
-0.0883947
-0.0221436
0
00:11:355: <MSG>: 
23.3731
12.15
0.550716
0.0957578
12.1289
-0.0744346
-0.0890651
-0.020861
0
00:11:364: <MSG>: 
23.3731
12.1482
0.547983
0.0959712
12.1246
-0.0787583
-0.0902015
-0.0181748
0
00:11:374: <MSG>: 
23.3731
12.1471
0.548832
0.0958951
12.1227
-0.0804669
-0.0923592
-0.0195134
0
00:11:384: <MSG>: 
23.3731
12.1476
0.548425
0.0961846
12.1219
-0.0811421
-0.093844
-0.0159365
0
00:11:393: <MSG>: 
23.3731
12.1476
0.548425
0.0962907
12.1222
-0.0803869
-0.0958578
-0.0149229
0
00:11:402: <MSG>: 
23.3731
12.1497
0.54837
0.096516
12.1247
-0.0774798
-0.0988898
-0.0126692
0
00:11:412: <MSG>: 
23.3731
12.1494
0.546949
0.0968936
12.1282
-0.0735501
-0.102567
-0.00866301
0
00:11:421: <MSG>: 
23.3731
12.1496
0.545306
0.0967751
12.14
-0.0611027
-0.10055
-0.00969803
0
00:11:430: <MSG>: 
23.3731
12.1499
0.546294
0.0967673
12.1507
-0.049317
-0.0984754
-0.00907946
0
00:11:440: <MSG>: 
23.3731
12.1499
0.546294
0.0968871
12.1579
-0.0411768
-0.096489
-0.0066493
0
00:11:450: <MSG>: 
23.3731
12.1498
0.547929
0.0969969
12.1648
-0.0343057
-0.0944915
-0.0044001
0
00:11:459: <MSG>: 
23.3731
12.1515
0.54947
0.097155
12.1711
-0.027823
-0.0925934
-0.00152743
0
00:11:468: <MSG>: 
23.3731
12.1514
0.551161
0.0973561
12.1793
-0.0192886
-0.0902061
0.00206721
0
00:11:478: <MSG>: 
23.3731
12.1513
0.550207
0.0975335
12.1888
-0.00870561
-0.0879855
0.00522353
0
00:11:487: <MSG>: 
23.3731
12.1513
0.550207
0.0976555
12.2074
0.0124435
-0.08547
0.00766139
0
00:11:496: <MSG>: 
23.3731
12.1519
0.550278
0.0978213
12.2249
0.0326251
-0.083147
0.0106325
0
00:11:505: <MSG>: 
23.3731
12.152
0.551209
0.0979617
12.248
0.0592533
-0.0808186
0.0132252
0
00:11:515: <MSG>: 
23.3731
12.1509
0.551332
0.0981307
12.2718
0.0869835
-0.0786317
0.0161412
0
00:11:524: <MSG>: 
23.3731
12.1509
0.551332
0.0982194
12.2442
0.0550516
-0.0763831
0.0177176
0
00:11:533: <MSG>: 
23.3731
12.1522
0.55164
0.0983054
12.2159
0.0212796
-0.0741464
0.0192175
0
00:11:542: <MSG>: 
23.3731
12.1547
0.555203
0.0983984
12.189
-0.0102004
-0.0717492
0.0208547
0
00:11:552: <MSG>: 
23.3731
12.1593
0.557461
0.0984189
12.163
-0.0405059
-0.0688507
0.0216017
0
00:11:561: <MSG>: 
23.3731
12.1648
0.558949
0.0984214
12.1378
-0.0696646
-0.0658592
0.0221243
0
00:11:570: <MSG>: 
23.3731
12.1648
0.558949
0.0984951
12.1206
-0.0890784
-0.0632544
0.0235484
0
00:11:579: <MSG>: 
23.3731
12.1734
0.556139
0.0985898
12.1051
-0.106359
-0.0603637
0.025348
0
00:11:589: <MSG>: 
23.3731
12.176
0.555883
0.0987617
12.0943
-0.11867
-0.0578653
0.0280927
0
00:11:599: <MSG>: 
23.3731
12.172
0.555575
0.0988948
12.0824
-0.1318
-0.0553046
0.0302191
0
00:11:608: <MSG>: 
23.3731
12.172
0.555575
0.0981184
12.0866
-0.123725
-0.0635825
0.0181811
0
00:11:618: <MSG>: 
23.3731
12.1661
0.559568
0.0977828
12.0876
-0.120886
-0.0693788
0.0122612
0
00:11:627: <MSG>: 
23.3731
12.1602
0.558811
0.0975073
12.0885
-0.118603
-0.074922
0.00721385
0
00:11:637: <MSG>: 
23.3731
12.1617
0.556993
0.0972665
12.089
-0.117083
-0.0812132
0.00243111
0
00:11:647: <MSG>: 
23.3731
12.1623
0.55741
0.0969339
12.092
-0.112008
-0.0860706
-0.0029902
0
00:11:656: <MSG>: 
23.3731
12.1623
0.55741
0.0970506
12.0896
-0.114786
-0.0899178
-0.00262571
0
00:11:665: <MSG>: 
23.3731
12.1621
0.558299
0.0971187
12.0876
-0.116496
-0.0932773
-0.00272102
0
00:11:675: <MSG>: 
23.3731
12.1612
0.559944
0.0974648
12.0832
-0.121772
-0.0956546
0.000836815
1
00:11:685: <MSG>: 
23.3731
12.1605
0.558991
0.0974842
12.0823
-0.120414
-0.0968895
0.000689529
0
00:11:695: <MSG>: 
23.3731
12.1606
0.557216
0.0976578
12.0791
-0.122226
-0.0981146
0.00242103
0
00:11:704: <MSG>: 
23.3731
12.1606
0.557216
0.097724
12.0775
-0.121998
-0.0993316
0.00282862
0
00:11:714: <MSG>: 
23.3731
12.1619
0.555329
0.097776
12.0755
-0.122957
-0.100842
0.00297371
0
00:11:723: <MSG>: 
23.3731
12.161
0.55646
0.097807
12.0749
-0.122236
-0.101603
0.00307553
0
00:11:732: <MSG>: 
23.3731
12.1601
0.556159
0.0978646
12.0741
-0.121587
-0.102017
0.00360021
0
00:11:742: <MSG>: 
23.3731
12.1566
0.554316
0.0979224
12.0727
-0.121557
-0.102737
0.00402756
0
00:11:751: <MSG>: 
23.3731
12.1566
0.554316
0.0979824
12.071
-0.121886
-0.103653
0.00442623
0
00:11:760: <MSG>: 
23.3731
12.1557
0.55172
0.097967
12.0714
-0.119375
-0.104043
0.00403491
0
00:11:770: <MSG>: 
23.3731
12.1548
0.548741
0.097856
12.0738
-0.114372
-0.104468
0.00245424
0
00:11:779: <MSG>: 
23.3731
12.154
0.548559
0.0978897
12.0724
-0.115126
-0.104792
0.00271559
0
00:11:788: <MSG>: 
23.3731
12.1544
0.549637
0.0979276
12.071
-0.115794
-0.105224
0.00299556
0
00:11:797: <MSG>: 
23.3731
12.1544
0.549637
0.0977873
12.0748
-0.109755
-0.105117
0.00119457
0
00:11:807: <MSG>: 
23.3731
12.1529
0.547707
0.0976809
12.0785
-0.103754
-0.104713
-7.71442e-05
0
00:11:816: <MSG>: 
23.3731
12.1529
0.546932
0.0976978
12.0797
-0.10114
-0.10433
0.000221554
0
00:11:826: <MSG>: 
23.3731
12.1515
0.545776
0.0977303
12.08
-0.0995021
-0.104201
0.000641179
0
00:11:835: <MSG>: 
23.3731
12.1515
0.545776
0.0976546
12.0842
-0.0929631
-0.103822
-0.000244085
0
00:11:844: <MSG>: 
23.3731
12.1524
0.545832
0.0975447
12.0918
-0.0823624
-0.102647
-0.00132151
0
00:11:853: <MSG>: 
23.3731
12.1523
0.546587
0.0974508
12.0978
-0.0747158
-0.101501
-0.00220069
0
00:11:863: <MSG>: 
23.3731
12.1529
0.546589
0.0977399
12.1017
-0.0703519
-0.102383
0.00195425
0
00:11:872: <MSG>: 
23.3731
12.1524
0.546306
0.097848
12.1057
-0.0655091
-0.102958
0.0033659
0
00:11:882: <MSG>: 
23.3731
12.1524
0.546306
0.0980469
12.1098
-0.0608869
-0.104039
0.0059609
0
00:11:891: <MSG>: 
23.3731
12.1532
0.547879
0.0981907
12.1132
-0.0569334
-0.104737
0.00778142
0
00:11:901: <MSG>: 
23.3731
12.1545
0.547736
0.0982332
12.1195
-0.0497717
-0.106518
0.00775439
0
00:11:910: <MSG>: 
23.3731
12.1558
0.547223
0.0981261
12.1314
-0.0349689
-0.104662
0.00682975
0
00:11:920: <MSG>: 
23.3731
12.1558
0.547223
0.0982015
12.1386
-0.0257392
-0.102749
0.00823831
0
00:11:929: <MSG>: 
23.3731
12.1558
0.549914
0.0983907
12.1428
-0.0201121
-0.100602
0.011152
0
00:11:940: <MSG>: 
23.3731
12.1553
0.548309
0.0985715
12.145
-0.0178486
-0.0986894
0.0138201
0
00:11:948: <MSG>: 
23.3731
12.1558
0.548941
0.098684
12.1527
-0.00915605
-0.096503
0.0157168
0
00:11:958: <MSG>: 
23.3731
12.1563
0.547522
0.0988039
12.1605
-0.00045027
-0.0945432
0.0176105
0
00:11:967: <MSG>: 
23.3731
12.1563
0.547522
0.0988442
12.1752
0.0164706
-0.0923096
0.0185585
0
00:11:976: <MSG>: 
23.3731
12.1571
0.545559
0.0988604
12.1929
0.0368752
-0.0902831
0.0191419
0
00:11:985: <MSG>: 
23.3731
12.1567
0.544518
0.0989348
12.2095
0.056064
-0.0884544
0.0204253
0
00:11:995: <MSG>: 
23.3731
12.1572
0.545808
0.0989852
12.2315
0.0816179
-0.0865819
0.0214137
0
00:12:004: <MSG>: 
23.3731
12.1572
0.545808
0.0991985
12.2451
0.097205
-0.0847079
0.0244934
0
00:12:013: <MSG>: 
23.3731
12.1555
0.546153
0.0993226
12.2678
0.122414
-0.0824698
0.0265041
0
00:12:022: <MSG>: 
23.3731
12.1565
0.54517
0.0994286
12.2949
0.152885
-0.0803699
0.0282363
0
00:12:031: <MSG>: 
23.3731
12.1581
0.543334
0.099525
12.27
0.123122
-0.0790293
0.0294216
0
00:12:041: <MSG>: 
23.3731
12.1609
0.543938
0.099529
12.2445
0.0930357
-0.0773799
0.0294644
0
00:12:050: <MSG>: 
23.3731
12.1609
0.543938
0.0995287
12.2208
0.0654154
-0.0757213
0.029453
0
00:12:059: <MSG>: 
23.3731
12.1622
0.54427
0.0995028
12.199
0.0401955
-0.0740255
0.0291274
0
00:12:069: <MSG>: 
23.3731
12.1677
0.545585
0.0995965
12.1801
0.0175346
-0.0720006
0.0304976
0
00:12:078: <MSG>: 
23.3731
12.1756
0.542891
0.0996658
12.1643
-0.00118876
-0.0701448
0.031489
0
00:12:087: <MSG>: 
23.3731
12.1756
0.542891
0.0997831
12.1541
-0.013415
-0.0685374
0.0330378
0
00:12:096: <MSG>: 
23.3731
12.1806
0.539961
0.0999088
12.1467
-0.0221006
-0.0671523
0.0346635
0
00:12:105: <MSG>: 
23.3731
12.1799
0.539354
0.100062
12.1419
-0.0276127
-0.0660652
0.0365297
0
00:12:115: <MSG>: 
23.3731
12.1728
0.540416
0.0993914
12.1443
-0.0218145
-0.0714948
0.0242424
0
00:12:125: <MSG>: 
23.3731
12.1728
0.540416
0.0986606
12.1485
-0.0136839
-0.076874
0.0113051
0
00:12:133: <MSG>: 
23.3731
12.1648
0.545831
0.0981421
12.1525
-0.00729338
-0.0811482
0.00211288
0
00:12:143: <MSG>: 
23.3731
12.1637
0.546483
0.0977193
12.1546
-0.00355711
-0.0854895
-0.00550501
0
00:12:152: <MSG>: 
23.3731
12.1677
0.544572
0.097429
12.1571
-0.000238178
-0.089903
-0.0110081
0
00:12:162: <MSG>: 
23.3731
12.1703
0.541863
0.0970703
12.1631
0.00769749
-0.0925547
-0.0169368
0
00:12:171: <MSG>: 
23.3731
12.1703
0.541863
0.0970199
12.1633
0.00773454
-0.0957917
-0.0183508
0
00:12:180: <MSG>: 
23.3731
12.1671
0.542357
0.0971307
12.1603
0.00357727
-0.0990398
-0.0173493
1
00:12:190: <MSG>: 
23.3731
12.1648
0.543487
0.0970947
12.1601
0.00310242
-0.102187
-0.0185176
0
00:12:200: <MSG>: 
23.3731
12.1644
0.54391
0.0972402
12.1565
-0.000854685
-0.104042
-0.0166212
0
00:12:209: <MSG>: 
23.3731
12.1669
0.546222
0.0974864
12.1509
-0.00785743
-0.105898
-0.0133343
0
00:12:219: <MSG>: 
23.3731
12.1669
0.546222
0.0975524
12.1487
-0.0105409
-0.107481
-0.0126544
0
00:12:228: <MSG>: 
23.3731
12.1692
0.547693
0.0976823
12.1454
-0.0143724
-0.10879
-0.010985
0
00:12:239: <MSG>: 
23.3731
12.1707
0.54734
0.0977589
12.1443
-0.0155218
-0.109336
-0.00989812
0
00:12:247: <MSG>: 
23.3731
12.1682
0.541639
0.0978136
12.1427
-0.0169738
-0.110344
-0.00929763
0
00:12:257: <MSG>: 
23.3731
12.1663
0.540953
0.0977015
12.1457
-0.0126647
-0.110555
-0.010864
0
00:12:266: <MSG>: 
23.3731
12.1663
0.540953
0.0975921
12.1486
-0.00850789
-0.110921
-0.0124057
0
00:12:276: <MSG>: 
23.3731
12.1683
0.541072
0.0975457
12.1507
-0.00543631
-0.111038
-0.0129472
0
00:12:285: <MSG>: 
23.3731
12.1697
0.543496
0.0975202
12.1525
-0.00273097
-0.111197
-0.0131927
0
00:12:294: <MSG>: 
23.3731
12.1698
0.540956
0.0973306
12.1601
0.00721919
-0.110619
-0.0155612
0
00:12:304: <MSG>: 
23.3731
12.1699
0.539371
0.0971675
12.1668
0.0151651
-0.10972
-0.0174189
0
00:12:313: <MSG>: 
23.3731
12.1699
0.539371
0.0971417
12.17
0.0186047
-0.109053
-0.0173616
0
00:12:323: <MSG>: 
23.3731
12.1718
0.541635
0.0971106
12.1739
0.0229454
-0.108373
-0.0173691
0
00:12:332: <MSG>: 
23.3731
12.1706
0.541603
0.097126
12.1773
0.0268307
-0.107375
-0.0166285
0
00:12:342: <MSG>: 
23.3731
12.172
0.540146
0.0970612
12.1841
0.0349571
-0.106137
-0.0169517
0
00:12:351: <MSG>: 
23.3731
12.172
0.540146
0.0975701
12.1852
0.0352713
-0.105255
-0.010097
0
00:12:361: <MSG>: 
23.3731
12.1737
0.539452
0.0977439
12.1865
0.0359188
-0.104195
-0.00749531
0
00:12:370: <MSG>: 
23.3731
12.1751
0.540037
0.0980233
12.1878
0.036864
-0.104595
-0.00401005
0
00:12:379: <MSG>: 
23.3731
12.1767
0.538184
0.0980178
12.1869
0.0357815
-0.106399
-0.00455128
0
00:12:390: <MSG>: 
23.3731
12.1774
0.53897
0.0982708
12.1876
0.0357628
-0.107488
-0.00163943
0
00:12:399: <MSG>: 
23.3731
12.1774
0.53897
0.0981759
12.1888
0.03661
-0.109249
-0.00332624
0
00:12:408: <MSG>: 
23.3731
12.177
0.537138
0.0982488
12.19
0.0373483
-0.111231
-0.00294374
0
00:12:418: <MSG>: 
23.3731
12.1781
0.538039
0.0984766
12.192
0.0387108
-0.113946
-0.000817466
0
00:12:427: <MSG>: 
23.3731
12.1789
0.536898
0.0985881
12.1963
0.0430631
-0.11206
0.00128728
0
00:12:436: <MSG>: 
23.3731
12.1801
0.538307
0.0986137
12.2068
0.0546046
-0.109725
0.00228358
0
00:12:445: <MSG>: 
23.3731
12.1801
0.538307
0.0986866
12.2168
0.0657999
-0.107609
0.00388459
0
00:12:454: <MSG>: 
23.3731
12.1787
0.540247
0.0987128
12.2311
0.0819903
-0.105082
0.00493142
0
00:12:464: <MSG>: 
23.3731
12.1815
0.537905
0.0987125
12.245
0.0966111
-0.10276
0.00552927
0
00:12:473: <MSG>: 
23.3731
12.182
0.535566
0.0987243
12.2595
0.112221
-0.100712
0.00622418
0
00:12:482: <MSG>: 
23.3731
12.182
0.535566
0.0987674
12.2763
0.130552
-0.0988061
0.00731926
0
00:12:492: <MSG>: 
23.3731
12.1817
0.536949
0.0988734
12.2915
0.147271
-0.0967699
0.00932113
0
00:12:501: <MSG>: 
23.3731
12.1826
0.538175
0.0989938
12.3107
0.168304
-0.0944663
0.0115852
0
00:12:510: <MSG>: 
23.3731
12.185
0.537713
0.0991095
12.3342
0.194653
-0.0922784
0.0137557
0
00:12:519: <MSG>: 
23.3731
12.185
0.537713
0.0992258
12.3601
0.223605
-0.0901737
0.015879
0
00:12:529: <MSG>: 
23.3731
12.1825
0.537316
0.0993765
12.3871
0.252559
-0.0876565
0.0185645
0
00:12:539: <MSG>: 
23.3731
12.186
0.53855
0.0995294
12.366
0.226057
-0.085465
0.0209713
0
00:12:548: <MSG>: 
23.3731
12.1903
0.538029
0.0996533
12.3466
0.201711
-0.0833157
0.022936
0
00:12:558: <MSG>: 
23.3731
12.1947
0.539766
0.0997887
12.33
0.180839
-0.0810984
0.0250407
0
00:12:567: <MSG>: 
23.3731
12.1947
0.539766
0.0999361
12.3173
0.164586
-0.0792094
0.0272213
0
00:12:576: <MSG>: 
23.3731
12.2041
0.541653
0.100073
12.3059
0.150036
-0.0772372
0.02927
0
00:12:586: <MSG>: 
23.3731
12.2189
0.542774
0.100185
12.2951
0.136198
-0.0751897
0.0309538
0
00:12:596: <MSG>: 
23.3731
12.2318
0.541897
0.0990785
12.2833
0.1216
-0.0857943
0.0143814
0
00:12:605: <MSG>: 
23.3731
12.234
0.539342
0.0981475
12.272
0.107995
-0.094345
0.000643536
0
00:12:614: <MSG>: 
23.3731
12.234
0.539342
0.0972471
12.2647
0.0995156
-0.101761
-0.0122757
0
00:12:624: <MSG>: 
23.3731
12.2326
0.535708
0.0967342
12.2585
0.0913077
-0.107526
-0.0199328
0
00:12:634: <MSG>: 
23.3731
12.2255
0.534984
0.0963184
12.2514
0.0819284
-0.11296
-0.0262209
0
00:12:643: <MSG>: 
23.3731
12.223
0.536566
0.0960249
12.2436
0.0716171
-0.118432
-0.0309946
0
00:12:652: <MSG>: 
23.3731
12.2236
0.534226
0.0956978
12.2363
0.062032
-0.123809
-0.0360883
0
00:12:662: <MSG>: 
23.3731
12.2236
0.534226
0.0956986
12.2254
0.0477827
-0.128107
-0.0368181
0
00:12:672: <MSG>: 
23.3731
12.2281
0.534366
0.0958429
12.2139
0.0340279
-0.130709
-0.0353157
0
00:12:681: <MSG>: 
23.3731
12.2296
0.53198
0.0958943
12.2041
0.0228838
-0.133414
-0.0350048
1
00:12:692: <MSG>: 
23.3731
12.2269
0.528909
0.0958794
12.196
0.0141329
-0.135724
-0.0353514
0
00:12:702: <MSG>: 
23.3731
12.2269
0.528909
0.0957754
12.1899
0.00825168
-0.137889
-0.0367817
0
00:12:711: <MSG>: 
23.3731
12.2248
0.529843
0.0957475
12.1833
0.00161371
-0.139579
-0.0371466
0
00:12:721: <MSG>: 
23.3731
12.2234
0.528372
0.0956383
12.1783
-0.00281416
-0.141231
-0.0385044
0
00:12:731: <MSG>: 
23.3731
12.2242
0.528548
0.0954267
12.1757
-0.0042038
-0.142758
-0.0410247
0
00:12:741: <MSG>: 
23.3731
12.2222
0.524662
0.095209
12.1723
-0.00734932
-0.144518
-0.0437333
0
00:12:750: <MSG>: 
23.3731
12.2194
0.523956
0.0951801
12.1668
-0.0127087
-0.145751
-0.0438972
0
00:12:759: <MSG>: 
23.3731
12.2194
0.523956
0.095055
12.1632
-0.016386
-0.146703
-0.0452184
0
00:12:769: <MSG>: 
23.3731
12.2184
0.523591
0.0947494
12.1643
-0.0137612
-0.147114
-0.0486376
0
00:12:778: <MSG>: 
23.3731
12.2149
0.522947
0.0947355
12.1602
-0.0182842
-0.147304
-0.0482548
0
00:12:788: <MSG>: 
23.3731
12.2123
0.521786
0.0947188
12.1556
-0.0231602
-0.147734
-0.0479776
0
00:12:797: <MSG>: 
23.3731
12.2089
0.51972
0.0945272
12.1564
-0.0213374
-0.147648
-0.0498444
0
00:12:807: <MSG>: 
23.3731
12.2089
0.51972
0.0942507
12.1602
-0.0157518
-0.147377
-0.0526327
0
00:12:816: <MSG>: 
23.3731
12.2066
0.518482
0.0939821
12.1642
-0.00994808
-0.147177
-0.0554138
0
00:12:826: <MSG>: 
23.3731
12.2067
0.51961
0.09381
12.167
-0.00595363
-0.14653
-0.0567562
0
00:12:835: <MSG>: 
23.3731
12.2055
0.520223
0.093665
12.1706
-0.00106919
-0.145375
-0.057586
0
00:12:846: <MSG>: 
23.3731
12.2064
0.519883
0.0934448
12.1775
0.00776748
-0.144026
-0.0592478
0
00:12:855: <MSG>: 
23.3731
12.2064
0.519883
0.0934774
12.1764
0.00580824
-0.142391
-0.0575877
0
00:12:864: <MSG>: 
23.3731
12.2042
0.517207
0.0934954
12.1768
0.00631467
-0.141072
-0.0562606
0
00:12:874: <MSG>: 
23.3731
12.2022
0.517184
0.093827
12.1765
0.0044376
-0.141623
-0.0504155
0
00:12:884: <MSG>: 
23.3731
12.2037
0.521033
0.0939368
12.1744
0.000734543
-0.141859
-0.0479698
0
00:12:894: <MSG>: 
23.3731
12.2034
0.517829
0.0942147
12.1732
-0.00184319
-0.142402
-0.0431686
0
00:12:903: <MSG>: 
23.3731
12.2034
0.517829
0.094271
12.1739
-0.00196963
-0.142426
-0.0416931
0
00:12:912: <MSG>: 
23.3731
12.2022
0.513628
0.0944371
12.1767
-0.000186382
-0.144416
-0.0391391
0
00:12:921: <MSG>: 
23.3731
12.2019
0.514346
0.0943751
12.1832
0.00694661
-0.142579
-0.0389442
0
00:12:931: <MSG>: 
23.3731
12.2005
0.514198
0.0942465
12.1949
0.020035
-0.140472
-0.0395232
0
00:12:939: <MSG>: 
23.3731
12.1992
0.514927
0.0942292
12.205
0.0313161
-0.138154
-0.0386115
0
00:12:949: <MSG>: 
23.3731
12.1992
0.514927
0.0941463
12.2215
0.0503617
-0.135566
-0.0384443
0
00:12:958: <MSG>: 
23.3731
12.2008
0.516618
0.0942364
12.2302
0.0591052
-0.132832
-0.0359587
0
00:12:967: <MSG>: 
23.3731
12.2003
0.513315
0.0942541
12.2463
0.076675
-0.129989
-0.0344433
0
00:12:977: <MSG>: 
23.3731
12.1998
0.512434
0.0942786
12.2635
0.0955851
-0.127323
-0.0328706
0
00:12:986: <MSG>: 
23.3731
12.1998
0.512434
0.0943582
12.2805
0.114256
-0.125081
-0.0306815
0
00:12:996: <MSG>: 
23.3731
12.1997
0.512975
0.0944836
12.2973
0.132837
-0.122921
-0.0279193
0
00:13:005: <MSG>: 
23.3731
12.2033
0.515399
0.0945336
12.2623
0.0914028
-0.121036
-0.0264161
0
00:13:016: <MSG>: 
23.3731
12.206
0.514201
0.0945747
12.2264
0.0480443
-0.119215
-0.0250624
0
00:13:025: <MSG>: 
23.3731
12.206
0.514201
0.0945322
12.1898
0.0042392
-0.11705
-0.0248087
0
00:13:034: <MSG>: 
23.3731
12.2059
0.514498
0.0946154
12.1619
-0.0292162
-0.114576
-0.0227424
0
00:13:043: <MSG>: 
23.3731
12.2055
0.514382
0.0947776
12.1384
-0.057266
-0.112409
-0.0197051
0
00:13:054: <MSG>: 
23.3731
12.2085
0.514397
0.0949036
12.1193
-0.0798696
-0.110237
-0.0171374
0
00:13:063: <MSG>: 
23.3731
12.2094
0.512275
0.0950168
12.1009
-0.101444
-0.108193
-0.0148324
0
00:13:072: <MSG>: 
23.3731
12.2055
0.513176
0.0951111
12.0829
-0.122366
-0.106046
-0.0128011
0
00:13:082: <MSG>: 
23.3731
12.2055
0.513176
0.0950712
12.0629
-0.145389
-0.1041
-0.0126735
0
00:13:091: <MSG>: 
23.3731
12.2026
0.512282
0.0952109
12.0504
-0.159434
-0.101717
-0.00995594
0
00:13:100: <MSG>: 
23.3731
12.2016
0.51525
0.095378
12.0406
-0.170162
-0.0991765
-0.00683377
0
00:13:110: <MSG>: 
23.3731
12.1963
0.513453
0.0944518
12.0529
-0.14908
-0.103814
-0.0222189
0
00:13:119: <MSG>: 
23.3731
12.1963
0.513453
0.0935923
12.0658
-0.128351
-0.107968
-0.0361781
0
00:13:129: <MSG>: 
23.3731
12.187
0.512093
0.0932737
12.075
-0.114903
-0.110847
-0.0412515
0
00:13:138: <MSG>: 
23.3731
12.1753
0.510948
0.0928384
12.083
-0.102889
-0.114081
-0.0481434
0
00:13:147: <MSG>: 
23.3731
12.1611
0.51176
0.0926032
12.0909
-0.0922108
-0.116819
-0.0516866
0
00:13:156: <MSG>: 
23.3731
12.1611
0.51176
0.0925846
12.0956
-0.0860424
-0.119737
-0.0519448
0
00:13:166: <MSG>: 
23.3731
12.1491
0.511403
0.0925434
12.1021
-0.0777925
-0.121301
-0.0521671
1
00:13:175: <MSG>: 
23.3731
12.1442
0.511969
0.0925489
12.1071
-0.0717963
-0.123116
-0.0517423
0
00:13:184: <MSG>: 
23.3731
12.1467
0.513471
0.0924151
12.1135
-0.0645749
-0.125278
-0.053521
0
00:13:194: <MSG>: 
23.3731
12.1518
0.513159
0.0923219
12.1192
-0.0579906
-0.126487
-0.0544184
0
00:13:203: <MSG>: 
23.3731
12.1518
0.513159
0.0921821
12.1255
-0.0507713
-0.127174
-0.0558468
0
00:13:212: <MSG>: 
23.3731
12.1532
0.513925
0.0924795
12.1225
-0.05521
-0.12828
-0.0508429
0
00:13:222: <MSG>: 
23.3731
12.1491
0.511627
0.0926224
12.1226
-0.0553028
-0.128726
-0.0480614
0
00:13:231: <MSG>: 
23.3731
12.1475
0.510568
0.0926294
12.1264
-0.0503872
-0.12844
-0.0471597
0
00:13:240: <MSG>: 
23.3731
12.1475
0.510568
0.0928536
12.125
-0.0524188
-0.128443
-0.0431297
0
00:13:249: <MSG>: 
23.3731
12.147
0.510367
0.0928903
12.1276
-0.0500282
-0.128029
-0.0418305
0
00:13:259: <MSG>: 
23.3731
12.1481
0.511347
0.0930411
12.1271
-0.0514374
-0.127801
-0.0389061
0
00:13:268: <MSG>: 
23.3731
12.1515
0.511779
0.0931948
12.1264
-0.0529639
-0.127725
-0.0360698
0
00:13:278: <MSG>: 
23.3731
12.1507
0.511122
0.0931911
12.1306
-0.0482329
-0.126846
-0.0353294
0
00:13:287: <MSG>: 
23.3731
12.1507
0.511122
0.0931548
12.1373
-0.0403161
-0.125153
-0.0348532
0
00:13:297: <MSG>: 
23.3731
12.1499
0.510975
0.0932408
12.1406
-0.036616
-0.123719
-0.032646
0
00:13:306: <MSG>: 
23.3731
12.1482
0.510269
0.0933226
12.1437
-0.033233
-0.122485
-0.0306223
0
00:13:316: <MSG>: 
23.3731
12.1489
0.509519
0.0933425
12.1491
-0.0270371
-0.12101
-0.0294533
0
00:13:325: <MSG>: 
23.3731
12.1501
0.508913
0.0934003
12.1545
-0.0210736
-0.119255
-0.0276725
0
00:13:334: <MSG>: 
23.3731
12.1501
0.508913
0.0936307
12.1532
-0.0233033
-0.118537
-0.0241526
0
00:13:344: <MSG>: 
23.3731
12.1505
0.508845
0.0937992
12.1529
-0.0244357
-0.116535
-0.0211113
0
00:13:353: <MSG>: 
23.3731
12.1491
0.511879
0.0941008
12.1514
-0.0265749
-0.115696
-0.0167175
0
00:13:362: <MSG>: 
23.3731
12.1488
0.512469
0.0943536
12.1478
-0.0308713
-0.115435
-0.0131795
0
00:13:372: <MSG>: 
23.3731
12.1488
0.512469
0.0943919
12.1451
-0.0338056
-0.116262
-0.0127446
0
00:13:381: <MSG>: 
23.3731
12.1493
0.511686
0.0947932
12.1435
-0.0356189
-0.116616
-0.00751856
0
00:13:390: <MSG>: 
23.3731
12.1496
0.509773
0.0948029
12.1441
-0.0346141
-0.117642
-0.00757137
0
00:13:400: <MSG>: 
23.3731
12.1512
0.507823
0.0948678
12.1457
-0.0329368
-0.119565
-0.00716211
0
00:13:410: <MSG>: 
23.3731
12.15
0.505758
0.095194
12.1483
-0.0305099
-0.121932
-0.00352434
0
00:13:418: <MSG>: 
23.3731
12.15
0.505758
0.0952305
12.1557
-0.0237591
-0.119322
-0.00220538
0
00:13:427: <MSG>: 
23.3731
12.1482
0.505043
0.0951623
12.1689
-0.0102249
-0.116364
-0.00230749
0
00:13:436: <MSG>: 
23.3731
12.1478
0.503333
0.0951049
12.1832
0.00502585
-0.113657
-0.00230404
0
00:13:446: <MSG>: 
23.3731
12.1485
0.502197
0.0950844
12.1978
0.0210404
-0.111209
-0.0018219
0
00:13:455: <MSG>: 
23.3731
12.1485
0.502197
0.095159
12.2113
0.0361001
-0.108789
2.06896e-05
0
00:13:464: <MSG>: 
23.3731
12.1508
0.501626
0.0952598
12.2244
0.0508504
-0.106592
0.00215789
0
00:13:474: <MSG>: 
23.3731
12.1503
0.501734
0.0952532
12.2436
0.0718257
-0.103945
0.00286283
0
00:13:482: <MSG>: 
23.3731
12.1505
0.501795
0.0952921
12.2642
0.0947149
-0.101484
0.00417366
0
00:13:492: <MSG>: 
23.3731
12.1514
0.501811
0.0953481
12.289
0.122528
-0.098578
0.00586098
0
00:13:501: <MSG>: 
23.3731
12.1514
0.501811
0.0955336
12.3103
0.146613
-0.0957859
0.00934255
0
00:13:510: <MSG>: 
23.3731
12.1548
0.500313
0.0956225
12.3395
0.179805
-0.0932732
0.0113448
0
00:13:520: <MSG>: 
23.3731
12.159
0.50138
0.0957152
12.3724
0.217468
-0.0907946
0.0133881
0
00:13:529: <MSG>: 
23.3731
12.1651
0.501608
0.0959179
12.4003
0.248314
-0.0883373
0.0169459
0
00:13:537: <MSG>: 
23.3731
12.1651
0.501608
0.0959977
12.4394
0.292223
-0.0859964
0.0187227
0
00:13:547: <MSG>: 
23.3731
12.1744
0.502124
0.0959978
12.4121
0.258366
-0.0835713
0.0191112
0
00:13:556: <MSG>: 
23.3731
12.1847
0.502391
0.0960735
12.3919
0.233068
-0.0815386
0.0204748
0
00:13:566: <MSG>: 
23.3731
12.1965
0.503337
0.0960718
12.3683
0.204176
-0.0790991
0.0208365
0
00:13:575: <MSG>: 
23.3731
12.1965
0.503337
0.0960536
12.3463
0.177042
-0.0766141
0.0209783
0
00:13:584: <MSG>: 
23.3731
12.2153
0.5044
0.0961095
12.3277
0.153278
-0.074479
0.022085
0
00:13:593: <MSG>: 
23.3731
12.242
0.50273
0.0961433
12.311
0.132298
-0.0724542
0.0228527
0
00:13:602: <MSG>: 
23.3731
12.264
0.499196
0.096135
12.2955
0.113113
-0.0705821
0.0229735
0
00:13:612: <MSG>: 
23.3731
12.264
0.499196
0.095518
12.2877
0.102585
-0.077815
0.0131932
0
00:13:621: <MSG>: 
23.3731
12.2749
0.498661
0.0950789
12.2817
0.0941921
-0.0840803
0.00596516
0
00:13:631: <MSG>: 
23.3731
12.2697
0.497461
0.0947296
12.2774
0.0881796
-0.0891069
0.000251049
0
00:13:640: <MSG>: 
23.3731
12.2588
0.499361
0.0945842
12.2744
0.0832897
-0.0931004
-0.00263006
0
00:13:649: <MSG>: 
23.3731
12.2507
0.502981
0.0945203
12.2687
0.0742747
-0.0980572
-0.00475848
0
00:13:659: <MSG>: 
23.3731
12.2507
0.502981
0.0943529
12.2614
0.0655932
-0.101378
-0.00767599
0
00:13:668: <MSG>: 
23.3731
12.2496
0.504028
0.0944505
12.2543
0.0555591
-0.10444
-0.00724092
0
00:13:677: <MSG>: 
23.3731
12.2526
0.50394
0.0947726
12.2448
0.0433974
-0.105866
-0.00361279
0
00:13:687: <MSG>: 
23.3731
12.2544
0.501487
0.094898
12.2385
0.0360252
-0.107278
-0.00243036
1
00:13:696: <MSG>: 
23.3731
12.2544
0.501487
0.0949411
12.2337
0.0310631
-0.108668
-0.00226436
0
00:13:706: <MSG>: 
23.3731
12.2526
0.500029
0.0949763
12.229
0.0262925
-0.110352
-0.00228163
0
00:13:715: <MSG>: 
23.3731
12.2508
0.501873
0.0951536
12.2219
0.0184829
-0.111844
-0.000500433
0
00:13:724: <MSG>: 
23.3731
12.2565
0.501708
0.0951526
12.2185
0.0151727
-0.112991
-0.000831779
0
00:13:734: <MSG>: 
23.3731
12.2597
0.500281
0.0951953
12.215
0.011464
-0.11386
-0.000540674
0
00:13:743: <MSG>: 
23.3731
12.2597
0.500281
0.0952783
12.2113
0.00764763
-0.11437
0.000345705
0
00:13:753: <MSG>: 
23.3731
12.2593
0.500167
0.0953617
12.2074
0.00380446
-0.115101
0.00116448
0
00:13:762: <MSG>: 
23.3731
12.2571
0.502739
0.0953647
12.206
0.00314288
-0.115533
0.00105777
0
00:13:771: <MSG>: 
23.3731
12.2529
0.503426
0.0954071
12.2047
0.0026749
-0.115533
0.00156994
0
00:13:781: <MSG>: 
23.3731
12.2501
0.502472
0.0953585
12.206
0.00545114
-0.11544
0.000962472
0
00:13:790: <MSG>: 
23.3731
12.2501
0.502472
0.0953663
12.207
0.00799509
-0.114985
0.00118117
0
00:13:799: <MSG>: 
23.3731
12.2484
0.499591
0.0952902
12.209
0.0112714
-0.114495
0.000337186
0
00:13:808: <MSG>: 
23.3731
12.2458
0.495777
0.0950927
12.2144
0.018723
-0.11403
-0.00204836
0
00:13:818: <MSG>: 
23.3731
12.2433
0.499822
0.0950737
12.2167
0.0218377
-0.113272
-0.0020423
0
00:13:827: <MSG>: 
23.3731
12.2433
0.499822
0.095185
12.2161
0.0215973
-0.112522
-0.000364654
0
00:13:836: <MSG>: 
23.3731
12.2319
0.502884
0.0953053
12.2154
0.0212867
-0.111732
0.00141305
0
00:13:846: <MSG>: 
23.3731
12.2239
0.502293
0.0953219
12.2182
0.0254756
-0.110782
0.00188646
0
00:13:855: <MSG>: 
23.3731
12.2196
0.497818
0.0955905
12.2171
0.0221779
-0.11139
0.00578539
0
00:13:865: <MSG>: 
23.3731
12.1823
0.480466
0.0959009
12.2142
0.0179255
-0.113264
0.00983078
0
00:13:874: <MSG>: 
23.3731
12.1823
0.480466
0.0960087
12.2146
0.0173694
-0.115032
0.0107914
0
00:13:884: <MSG>: 
23.3731
12.1163
0.512998
0.0960443
12.2146
0.0162734
-0.114911
0.0111158
0
00:13:893: <MSG>: 
23.3731
12.1429
0.508598
0.095916
12.2124
0.0129181
-0.115292
0.00888296
0
00:13:902: <MSG>: 
23.3731
12.2025
0.487828
0.095801
12.2138
0.0127498
-0.116053
0.00682383
0
00:13:912: <MSG>: 
23.3731
12.2105
0.478983
0.0958707
12.2139
0.0122273
-0.119031
0.00690488
0
00:13:921: <MSG>: 
23.3731
12.2105
0.478983
0.0958538
12.2135
0.0103369
-0.122202
0.00562216
0
00:13:930: <MSG>: 
23.3731
12.1969
0.491745
0.0960876
12.2153
0.0127677
-0.120066
0.00909794
0
00:13:940: <MSG>: 
23.3731
12.1887
0.493731
0.0962099
12.2228
0.0218537
-0.117627
0.0112265
0
00:13:948: <MSG>: 
23.3731
12.1863
0.490806
0.0961949
12.2359
0.036152
-0.114873
0.011697
0
00:13:958: <MSG>: 
23.3731
12.1863
0.490806
0.0962376
12.2475
0.0490609
-0.112545
0.012774
0
00:13:967: <MSG>: 
23.3731
12.1843
0.49302
0.0962897
12.2603
0.0639339
-0.110208
0.0139875
0
00:13:976: <MSG>: 
23.3731
12.1877
0.488501
0.0963371
12.2749
0.0804866
-0.108263
0.015013
0
00:13:985: <MSG>: 
23.3731
12.1948
0.503847
0.0965246
12.2897
0.0966951
-0.105419
0.0180899
0
00:13:994: <MSG>: 
23.3731
12.1948
0.503847
0.0967595
12.3039
0.112732
-0.102487
0.0217893
0
00:14:004: <MSG>: 
23.3731
12.1931
0.502413
0.0970304
12.314
0.122827
-0.0997843
0.0258012
0
00:14:013: <MSG>: 
23.3731
12.1886
0.499098
0.0972163
12.3345
0.1453
-0.0970658
0.0287189
0
00:14:023: <MSG>: 
23.3731
12.1907
0.499268
0.0974227
12.3593
0.173074
-0.0939467
0.0320322
0
00:14:032: <MSG>: 
23.3731
12.1954
0.503828
0.0975329
12.3308
0.13846
-0.0911501
0.0337557
0
00:14:041: <MSG>: 
23.3731
12.1954
0.503828
0.0977668
12.3091
0.111904
-0.0881899
0.0371296
0
00:14:050: <MSG>: 
23.3731
12.1984
0.501162
0.097956
12.2897
0.0885098
-0.0854796
0.0398304
0
00:14:060: <MSG>: 
23.3731
12.2025
0.49851
0.0981286
12.2722
0.0674662
-0.0829948
0.0422346
0
00:14:069: <MSG>: 
23.3731
12.2108
0.507788
0.0983162
12.2542
0.0452675
-0.0799675
0.0449703
0
00:14:078: <MSG>: 
23.3731
12.2108
0.507788
0.0984793
12.2367
0.0235543
-0.0769513
0.0473285
0
00:14:087: <MSG>: 
23.3731
12.2226
0.499037
0.0985833
12.2221
0.00526119
-0.0745512
0.0487287
0
00:14:096: <MSG>: 
23.3731
12.228
0.503664
0.0987133
12.2077
-0.012078
-0.0718832
0.0505392
0
00:14:105: <MSG>: 
23.3731
12.2255
0.497364
0.0988453
12.1974
-0.0243166
-0.0699122
0.0521634
0
00:14:114: <MSG>: 
23.3731
12.2255
0.497364
0.0980286
12.2004
-0.0175787
-0.0747248
0.0375672
0
00:14:124: <MSG>: 
23.3731
12.2194
0.501797
0.0972638
12.204
-0.0100991
-0.078405
0.0243061
0
00:14:133: <MSG>: 
23.3731
12.2176
0.499584
0.0969445
12.2043
-0.00919483
-0.0825504
0.0179126
0
00:14:142: <MSG>: 
23.3731
12.214
0.50654
0.0965735
12.2057
-0.00590096
-0.0852848
0.0112702
0
00:14:152: <MSG>: 
23.3731
12.214
0.50654
0.0964302
12.2055
-0.00576536
-0.0878617
0.0082208
0
00:14:161: <MSG>: 
23.3731
12.2138
0.497585
0.0963495
12.2062
-0.00514511
-0.0901302
0.00625835
0
00:14:170: <MSG>: 
23.3731
12.2094
0.502306
0.0963781
12.2045
-0.00676577
-0.0926404
0.00588988
0
00:14:180: <MSG>: 
23.3731
12.2113
0.500899
0.0963772
12.205
-0.00750722
-0.0951689
0.00508543
1
00:14:189: <MSG>: 
23.3731
12.2117
0.503015
0.0966486
12.1994
-0.0152798
-0.0981848
0.00817151
0
00:14:199: <MSG>: 
23.3731
12.2117
0.503015
0.0967895
12.1961
-0.0192666
-0.0996529
0.00969786
0
00:14:208: <MSG>: 
23.3731
12.2108
0.503149
0.0969776
12.1919
-0.0241061
-0.100924
0.0119352
0
00:14:217: <MSG>: 
23.3731
12.2121
0.505266
0.0972235
12.1872
-0.0298927
-0.101884
0.0150515
0
00:14:227: <MSG>: 
23.3731
12.2114
0.507414
0.097324
12.1855
-0.03103
-0.101966
0.0162381
0
00:14:236: <MSG>: 
23.3731
12.2114
0.507414
0.0974253
12.1838
-0.0323378
-0.102269
0.0173542
0
00:14:246: <MSG>: 
23.3731
12.2127
0.501761
0.097423
12.1845
-0.0307016
-0.102565
0.0169665
0
00:14:255: <MSG>: 
23.3731
12.2098
0.521446
0.0975162
12.1834
-0.031425
-0.101977
0.0182034
0
00:14:264: <MSG>: 
23.3731
12.212
0.504376
0.0975061
12.185
-0.029363
-0.101596
0.0178966
0
00:14:274: <MSG>: 
23.3731
12.2062
0.508666
0.0976082
12.1835
-0.0304781
-0.101167
0.0191886
0
00:14:283: <MSG>: 
23.3731
12.2062
0.508666
0.0976795
12.1846
-0.0287395
-0.100019
0.020247
0
00:14:292: <MSG>: 
23.3731
12.2055
0.504182
0.0976634
12.1888
-0.0234451
-0.0987849
0.0200736
0
00:14:302: <MSG>: 
23.3731
12.1964
0.51241
0.0977837
12.1891
-0.0219927
-0.0972918
0.0218821
0
00:14:312: <MSG>: 
23.3731
12.2011
0.56386
0.0974686
12.2064
-0.00185467
-0.0942375
0.0180331
0
00:14:321: <MSG>: 
23.3731
12.1894
0.521501
0.097561
12.21
0.00218382
-0.0924453
0.0196
0
00:14:330: <MSG>: 
23.3731
12.1894
0.521501
0.0979716
12.2143
0.00791794
-0.0865305
0.0268509
0
00:14:341: <MSG>: 
23.3731
12.182
0.49456
0.0982707
12.2146
0.00865094
-0.082474
0.0318168
0
00:14:350: <MSG>: 
23.0665
12.1868
0.506443
0.0985113
12.2209
0.0143701
-0.143035
0.0359899
0
00:14:359: <MSG>: 
23.0665
12.1852
0.463961
0.0986305
12.2183
0.0104913
-0.141995
0.0372652
0
00:14:369: <MSG>: 
23.0665
12.1799
0.411107
0.0985772
12.2163
0.00752874
-0.143447
0.0356853
0
00:14:378: <MSG>: 
23.0665
12.1799
0.411107
0.0987434
12.2145
0.00496641
-0.143968
0.0371119
0
00:14:387: <MSG>: 
23.0665
12.1741
0.448359
0.0991528
12.211
0.00040269
-0.144971
0.0414031
0
00:14:396: <MSG>: 
23.0665
12.1803
0.473527
0.0993197
12.2091
-0.0028437
-0.145545
0.0427449
0
00:14:406: <MSG>: 
23.0665
12.1779
0.440412
0.0993998
12.2077
-0.00353419
-0.148261
0.0423829
0
00:14:415: <MSG>: 
23.0665
12.1779
0.440412
0.099717
12.2071
-0.0047125
-0.150988
0.0449445
0
00:14:424: <MSG>: 
23.0665
12.1903
0.45676
0.0995648
12.21
-0.00236603
-0.153325
0.041838
0
00:14:433: <MSG>: 
23.0665
12.1964
0.461543
0.0997299
12.2157
0.00332672
-0.149791
0.0446101
0
00:14:443: <MSG>: 
23.0665
12.1937
0.442203
0.0999048
12.2232
0.0114664
-0.146054
0.0475278
0
00:14:452: <MSG>: 
23.0665
12.1863
0.453892
0.100079
12.2333
0.0233002
-0.141994
0.050494
0
00:14:461: <MSG>: 
23.0665
12.1863
0.453892
0.100243
12.2485
0.0404478
-0.137547
0.053481
0
00:14:470: <MSG>: 
23.0665
12.1886
0.46518
0.100441
12.2633
0.0568581
-0.133692
0.0566603
0
00:14:480: <MSG>: 
23.0665
12.1918
0.462162
0.10067
12.2808
0.0766298
-0.129156
0.0604809
0
00:14:489: <MSG>: 
23.0665
12.1896
0.45521
0.100952
12.2942
0.0914183
-0.124869
0.0649306
0
00:14:498: <MSG>: 
23.0665
12.1896
0.45521
0.101177
12.3126
0.111668
-0.121156
0.0683186
0
00:14:507: <MSG>: 
23.0665
12.1933
0.460975
0.101423
12.3339
0.135224
-0.117263
0.0720163
0
00:14:516: <MSG>: 
23.0665
12.191
0.446344
0.101622
12.3562
0.160869
-0.114469
0.0747299
0
00:14:526: <MSG>: 
23.0665
12.1943
0.450804
0.101756
12.3289
0.12796
-0.111343
0.0763743
0
00:14:534: <MSG>: 
23.0665
12.1943
0.450804
0.101811
12.3299
0.127955
-0.110741
0.0763721
0
00:14:542: <MSG>: 
23.0665
12.1925
0.456597
0.10187
12.3303
0.12795
-0.110162
0.0763699
0
00:14:551: <MSG>: 
23.0665
12.2014
0.444917
0.101929
12.3317
0.127946
-0.109516
0.0763679
0
00:14:560: <MSG>: 
23.0665
12.2068
0.451799
0.101987
12.3321
0.127941
-0.108943
0.0763656
0
00:14:569: <MSG>: 
23.0665
12.2068
0.451799
0.102046
12.3332
0.127936
-0.1083
0.0763636
0
00:14:578: <MSG>: 
23.0665
12.2211
0.453002
0.102106
12.335
0.127932
-0.107626
0.0763614
0
00:14:587: <MSG>: 
23.0665
12.2236
0.451238
0.102061
12.3123
0.0981721
-0.114818
0.0726229
0
00:14:597: <MSG>: 
23.0665
12.2273
0.450976
0.102068
12.2925
0.0724996
-0.121403
0.0697881
0
00:14:606: <MSG>: 
23.0665
12.2273
0.450976
0.101647
12.2772
0.0539775
-0.127646
0.0620272
0
00:14:616: <MSG>: 
23.0665
12.2283
0.465165
0.101515
12.2638
0.03778
-0.132225
0.0582981
0
00:14:625: <MSG>: 
23.0665
12.2253
0.45287
0.101463
12.25
0.0212012
-0.136665
0.0556347
0
00:14:635: <MSG>: 
23.0665
12.2262
0.459135
0.101498
12.2369
0.00533063
-0.140776
0.0540406
0
00:14:643: <MSG>: 
23.0665
12.2262
0.459135
0.101487
12.2264
-0.00693414
-0.144519
0.0521544
0
00:14:653: <MSG>: 
23.0665
12.225
0.454502
0.101209
12.2175
-0.014962
-0.147978
0.0471671
0
00:14:662: <MSG>: 
23.0665
12.227
0.456778
0.101227
12.2082
-0.0258392
-0.151217
0.0458301
0
00:14:671: <MSG>: 
23.0665
12.2202
0.453971
0.101361
12.1973
-0.0369155
-0.152821
0.0463263
0
00:14:680: <MSG>: 
23.0665
12.2202
0.453971
0.101462
12.187
-0.0475211
-0.155307
0.0461577
1
00:14:689: <MSG>: 
23.0665
12.2198
0.456368
0.101587
12.1816
-0.0549785
-0.150781
0.0484485
0
00:14:699: <MSG>: 
23.0665
12.2116
0.454849
0.101662
12.1746
-0.0627706
-0.146192
0.0499961
0
00:14:708: <MSG>: 
23.0665
12.2146
0.45232
0.101816
12.1697
-0.0689283
-0.142305
0.0524437
0
00:14:718: <MSG>: 
23.0665
12.2105
0.456222
0.102047
12.1655
-0.0738141
-0.138581
0.0558529
0
00:14:727: <MSG>: 
23.0665
12.2105
0.456222
0.102284
12.1619
-0.0780654
-0.134911
0.0593031
0
00:14:736: <MSG>: 
23.0665
12.2087
0.453226
0.102361
12.1577
-0.0827369
-0.131401
0.0604991
0
00:14:746: <MSG>: 
23.0665
12.2049
0.45733
0.102528
12.1545
-0.086354
-0.12803
0.0627632
0
00:14:755: <MSG>: 
23.0665
12.2014
0.454085
0.102651
12.1516
-0.0889372
-0.126285
0.0640595
0
00:14:765: <MSG>: 
23.0665
12.2011
0.45741
0.102822
12.1489
-0.0927717
-0.123767
0.0661518
0
00:14:774: <MSG>: 
23.0665
12.2011
0.45741
0.102955
12.1462
-0.0959297
-0.121696
0.0675572
0
00:14:784: <MSG>: 
23.0665
12.1948
0.45518
0.103067
12.143
-0.098883
-0.119562
0.0686757
0
00:14:793: <MSG>: 
23.0665
12.1948
0.45578
0.103179
12.1412
-0.101008
-0.117405
0.069859
0
00:14:802: <MSG>: 
23.0665
12.1917
0.454293
0.103359
12.1395
-0.102394
-0.115664
0.0717552
0
00:14:811: <MSG>: 
23.0665
12.1917
0.454293
0.103612
12.139
-0.102545
-0.114373
0.0745026
0
00:14:821: <MSG>: 
23.0665
12.1896
0.455147
0.103934
12.1395
-0.102051
-0.11349
0.0779977
0
00:14:830: <MSG>: 
23.0665
12.1858
0.454609
0.104246
12.1387
-0.102408
-0.112529
0.0813595
0
00:14:839: <MSG>: 
23.0665
12.1877
0.450152
0.10454
12.1391
-0.102259
-0.112675
0.0840603
0
00:14:848: <MSG>: 
23.0665
12.1877
0.450152
0.10491
12.1397
-0.101586
-0.113198
0.0875965
0
00:14:857: <MSG>: 
23.0665
12.1877
0.450134
0.105138
12.1391
-0.10134
-0.11439
0.0890543
0
00:14:867: <MSG>: 
23.0665
12.1865
0.447471
0.105024
12.139
-0.101032
-0.11422
0.0863048
0
00:14:876: <MSG>: 
23.0665
12.1833
0.453618
0.10513
12.1379
-0.101521
-0.115685
0.0860075
0
00:14:885: <MSG>: 
23.0665
12.179
0.448217
0.105159
12.1388
-0.100193
-0.117559
0.0846568
0
00:14:895: <MSG>: 
23.0665
12.179
0.448217
0.105371
12.1392
-0.0993611
-0.119134
0.0856699
0
00:14:904: <MSG>: 
23.0665
12.1776
0.454538
0.105781
12.1386
-0.0999943
-0.121316
0.0891854
0
00:14:914: <MSG>: 
23.0665
12.1777
0.453212
0.106042
12.1384
-0.100311
-0.124817
0.0902614
0
00:14:923: <MSG>: 
23.0665
12.1805
0.456879
0.106376
12.136
-0.103044
-0.128023
0.0923505
0
00:14:932: <MSG>: 
23.0665
12.1805
0.456879
0.106643
12.1326
-0.106288
-0.130602
0.0937159
0
00:14:941: <MSG>: 
23.0665
12.1798
0.451791
0.106303
12.145
-0.0883589
-0.131005
0.0888745
0
00:14:950: <MSG>: 
23.0665
12.1774
0.452678
0.105946
12.1595
-0.0685138
-0.131887
0.0837263
0
00:14:959: <MSG>: 
23.0665
12.1772
0.454877
0.105528
12.1753
-0.048232
-0.132387
0.0781289
0
00:14:968: <MSG>: 
23.0665
12.1771
0.452907
0.105232
12.1934
-0.0254243
-0.132177
0.0740623
0
00:14:978: <MSG>: 
23.0665
12.1771
0.452907
0.104985
12.2129
-0.00107094
-0.131849
0.0706182
0
00:14:987: <MSG>: 
23.0665
12.1762
0.451861
0.104726
12.2367
0.0283969
-0.131605
0.0670767
0
00:14:996: <MSG>: 
23.0665
12.1763
0.445744
0.104576
12.257
0.0532569
-0.131844
0.0645796
0
00:15:005: <MSG>: 
23.0665
12.1748
0.453832
0.104378
12.2299
0.0248765
-0.130439
0.0618267
0
00:15:014: <MSG>: 
23.0665
12.1748
0.453832
0.104341
12.253
0.0520344
-0.12964
0.0609873
0
00:15:023: <MSG>: 
23.0665
12.1783
0.454777
0.104054
12.2227
0.0186467
-0.127985
0.0572758
0
00:15:032: <MSG>: 
23.0665
12.1804
0.459762
0.103959
12.1998
-0.0063081
-0.125846
0.0559629
0
00:15:041: <MSG>: 
23.0665
12.1809
0.456654
0.103844
12.1759
-0.0325315
-0.123933
0.0543132
0
00:15:050: <MSG>: 
23.0665
12.1809
0.456654
0.1038
12.1599
-0.0495596
-0.122476
0.0534704
0
00:15:059: <MSG>: 
23.0665
12.1805
0.464207
0.103809
12.1406
-0.0710688
-0.120014
0.0535268
0
00:15:068: <MSG>: 
23.0665
12.1802
0.460487
0.103769
12.1246
-0.0888063
-0.118395
0.0527681
0
00:15:078: <MSG>: 
23.0665
12.1778
0.467013
0.10387
12.111
-0.103172
-0.11615
0.0538731
0
00:15:087: <MSG>: 
23.0665
12.1778
0.467013
0.103969
12.1
-0.114681
-0.113976
0.0549624
0
00:15:096: <MSG>: 
23.0665
12.1769
0.460496
0.104021
12.0917
-0.123295
-0.112269
0.0553612
0
00:15:105: <MSG>: 
23.0665
12.1733
0.469462
0.103893
12.0906
-0.12286
-0.117625
0.0510567
0
00:15:113: <MSG>: 
23.0665
12.173
0.469852
0.103739
12.091
-0.121261
-0.122156
0.0466907
0
00:15:123: <MSG>: 
23.0665
12.173
0.469852
0.103668
12.0911
-0.119957
-0.126985
0.0435336
0
00:15:132: <MSG>: 
23.0665
12.172
0.472907
0.103494
12.093
-0.116059
-0.13064
0.0392378
0
00:15:141: <MSG>: 
23.0665
12.1708
0.473471
0.103437
12.0942
-0.113312
-0.134047
0.0367949
0
00:15:150: <MSG>: 
23.0665
12.1698
0.47259
0.103403
12.0968
-0.109209
-0.136566
0.0350222
0
00:15:160: <MSG>: 
23.0665
12.1698
0.47259
0.10337
12.0994
-0.105153
-0.138595
0.0334058
0
00:15:169: <MSG>: 
23.0665
12.1646
0.479358
0.103292
12.1033
-0.0993655
-0.140543
0.0311953
1
00:15:178: <MSG>: 
23.0665
12.1613
0.471042
0.103282
12.1041
-0.0980059
-0.142728
0.0299585
0
00:15:187: <MSG>: 
23.0665
12.1522
0.479441
0.103251
12.1053
-0.0953724
-0.14447
0.0285065
0
00:15:197: <MSG>: 
23.0665
12.1522
0.479441
0.103196
12.1064
-0.0931169
-0.146085
0.0267834
0
00:15:206: <MSG>: 
23.0665
12.1505
0.472648
0.103315
12.1044
-0.0949719
-0.147942
0.0275084
0
00:15:216: <MSG>: 
23.0665
12.1463
0.480837
0.103326
12.1041
-0.0933277
-0.148641
0.0269903
0
00:15:225: <MSG>: 
23.0665
12.1506
0.473343
0.103324
12.1042
-0.0925356
-0.149404
0.0262747
0
00:15:235: <MSG>: 
23.0665
12.1492
0.476945
0.103151
12.1073
-0.0873256
-0.149659
0.0233252
0
00:15:244: <MSG>: 
23.0665
12.1492
0.476945
0.103146
12.1083
-0.0853268
-0.14967
0.0228532
0
00:15:253: <MSG>: 
23.0665
12.1517
0.467515
0.103105
12.1093
-0.083665
-0.150384
0.0216921
0
00:15:262: <MSG>: 
23.0665
12.1516
0.466088
0.102978
12.112
-0.0795755
-0.15084
0.0194356
0
00:15:272: <MSG>: 
23.0665
12.1516
0.464645
0.102918
12.1146
-0.0753809
-0.150569
0.0183457
0
00:15:281: <MSG>: 
23.0665
12.1501
0.467207
0.102796
12.1193
-0.0684588
-0.149838
0.0165506
0
00:15:290: <MSG>: 
23.0665
12.1501
0.467207
0.102023
12.1346
-0.0480587
-0.151133
0.00514516
0
00:15:300: <MSG>: 
23.0665
12.1469
0.549901
0.102032
12.1386
-0.0414253
-0.147781
0.00613095
0
00:15:308: <MSG>: 
23.0665
12.1382
0.485196
0.102016
12.1451
-0.0337603
-0.144986
0.00660206
0
00:15:318: <MSG>: 
22.9937
12.1277
0.46926
0.102132
12.1507
-0.0266598
-0.156989
0.00927095
0
00:15:327: <MSG>: 
22.9937
12.1277
0.46926
0.102299
12.1563
-0.0198758
-0.152696
0.0126789
0
00:15:337: <MSG>: 
22.9937
12.1266
0.484296
0.103043
12.155
-0.0217375
-0.145717
0.0230599
0
00:15:346: <MSG>: 
22.9937
12.1267
0.453581
0.103785
12.1546
-0.0218206
-0.139911
0.0330301
0
00:15:355: <MSG>: 
22.9937
12.1276
0.400081
0.104154
12.1556
-0.020735
-0.137129
0.0376879
0
00:15:365: <MSG>: 
22.9937
12.131
0.430345
0.1046
12.1556
-0.0210295
-0.132971
0.0435762
0
00:15:375: <MSG>: 
22.9937
12.131
0.430345
0.10482
12.1551
-0.0218192
-0.131055
0.0460874
0
00:15:384: <MSG>: 
22.9937
12.1341
0.446428
0.105204
12.1546
-0.0220425
-0.12913
0.0505328
0
00:15:393: <MSG>: 
22.9937
12.135
0.430503
0.105608
12.1555
-0.020779
-0.127243
0.0551568
0
00:15:402: <MSG>: 
22.9937
12.1364
0.464102
0.10618
12.1538
-0.02208
-0.126154
0.0614816
0
00:15:412: <MSG>: 
22.9937
12.1364
0.464102
0.106673
12.1532
-0.0224431
-0.12564
0.0666042
0
00:15:421: <MSG>: 
22.9937
12.1445
0.456572
0.107274
12.1525
-0.023169
-0.123997
0.0732629
0
00:15:431: <MSG>: 
22.9937
12.1368
0.453885
0.107988
12.1511
-0.0231734
-0.124517
0.0805153
0
00:15:440: <MSG>: 
22.9937
12.1417
0.446557
0.1079
12.1622
-0.0128529
-0.120538
0.0792853
0
00:15:450: <MSG>: 
22.9937
12.1425
0.464175
0.107913
12.1747
0.000664367
-0.115641
0.0797176
0
00:15:460: <MSG>: 
22.9937
12.1425
0.464175
0.108075
12.1844
0.0107041
-0.110882
0.082156
0
00:15:469: <MSG>: 
22.9937
12.1457
0.44295
0.108126
12.2026
0.0299386
-0.106112
0.0831422
0
00:15:478: <MSG>: 
22.9937
12.1383
0.458699
0.108314
12.2143
0.0433956
-0.101642
0.0859759
0
00:15:489: <MSG>: 
22.9937
12.1457
0.450766
0.108344
12.2365
0.0676891
-0.0976739
0.0862931
0
00:15:498: <MSG>: 
22.9937
12.1435
0.451521
0.108541
12.2546
0.0886016
-0.0934228
0.0891757
0
00:15:507: <MSG>: 
22.9937
12.1435
0.451521
0.108755
12.2742
0.110532
-0.0893307
0.0922126
0
00:15:517: <MSG>: 
22.9937
12.1476
0.453504
0.108969
12.2986
0.137604
-0.0852069
0.0952234
0
00:15:526: <MSG>: 
22.9937
12.1446
0.455647
0.109197
12.2776
0.113587
-0.0811163
0.0981039
0
00:15:536: <MSG>: 
22.9937
12.1453
0.445153
0.109277
12.2514
0.0823408
-0.0772832
0.0988563
0
00:15:545: <MSG>: 
22.9937
12.1533
0.457873
0.109402
12.2273
0.0533495
-0.0727697
0.100476
0
00:15:554: <MSG>: 
22.9937
12.1533
0.457873
0.109569
12.2106
0.0331133
-0.0692575
0.102328
0
00:15:563: <MSG>: 
22.9937
12.1651
0.454943
0.109711
12.1981
0.0181831
-0.0659912
0.103791
0
00:15:572: <MSG>: 
22.9937
12.1758
0.452003
0.109779
12.1816
-0.00140051
-0.0619862
0.10442
0
00:15:581: <MSG>: 
22.9937
12.1812
0.45797
0.109754
12.1625
-0.0228866
-0.0577231
0.103888
0
00:15:590: <MSG>: 
22.9937
12.1812
0.45797
0.109741
12.1492
-0.0380908
-0.0543701
0.103259
0
00:15:600: <MSG>: 
22.9937
12.187
0.456467
0.10971
12.1431
-0.0464954
-0.0601166
0.0998325
0
00:15:609: <MSG>: 
22.9937
12.1777
0.457132
0.109646
12.1363
-0.0538254
-0.0648941
0.0964318
0
00:15:619: <MSG>: 
22.9937
12.1751
0.452511
0.109462
12.1313
-0.0597498
-0.0695257
0.0917215
0
00:15:628: <MSG>: 
22.9937
12.1751
0.452511
0.109284
12.1257
-0.0657327
-0.0748949
0.0869392
0
00:15:637: <MSG>: 
22.9937
12.1682
0.459663
0.109058
12.1231
-0.0672296
-0.0783207
0.0822273
0
00:15:646: <MSG>: 
22.9937
12.1702
0.449441
0.108862
12.1217
-0.0683033
-0.0826083
0.077687
0
00:15:655: <MSG>: 
22.9937
12.1659
0.45658
0.108782
12.12
-0.0693279
-0.0856566
0.0748985
0
00:15:665: <MSG>: 
22.9937
12.165
0.449255
0.10879
12.1169
-0.0727314
-0.0893727
0.072932
1
00:15:675: <MSG>: 
22.9937
12.165
0.449255
0.108558
12.1157
-0.0732382
-0.0933725
0.0680513
0
00:15:684: <MSG>: 
22.9937
12.1636
0.449749
0.10866
12.1113
-0.0775573
-0.0953246
0.0677485
0
00:15:694: <MSG>: 
22.9937
12.1616
0.446889
0.108626
12.1077
-0.0801669
-0.0974653
0.0657999
0
00:15:702: <MSG>: 
22.9937
12.1615
0.4527
0.10854
12.1067
-0.0805911
-0.0991226
0.0634785
0
00:15:712: <MSG>: 
22.9937
12.1615
0.4527
0.108618
12.1028
-0.0837565
-0.10063
0.063063
0
00:15:723: <MSG>: 
22.9937
12.1562
0.445186
0.108455
12.1018
-0.0824888
-0.102245
0.0597209
0
00:15:732: <MSG>: 
22.9937
12.1574
0.449005
0.108369
12.1012
-0.0817052
-0.103267
0.0576235
0
00:15:742: <MSG>: 
22.9937
12.1579
0.44931
0.108185
12.1019
-0.0785998
-0.104141
0.0543954
0
00:15:751: <MSG>: 
22.9937
12.1566
0.446517
0.108138
12.1006
-0.0798173
-0.105041
0.0528565
0
00:15:760: <MSG>: 
22.9937
12.1566
0.446517
0.107987
12.1011
-0.0781373
-0.105764
0.050108
0
00:15:769: <MSG>: 
22.9937
12.1494
0.446561
0.10783
12.1012
-0.0765346
-0.106633
0.0473119
0
00:15:778: <MSG>: 
22.9937
12.1433
0.44081
0.107691
12.1018
-0.0749009
-0.107446
0.0447579
0
00:15:788: <MSG>: 
22.9937
12.1407
0.476289
0.106021
12.1385
-0.026555
-0.104467
0.0246351
0
00:15:797: <MSG>: 
22.9937
12.1473
0.452366
0.105726
12.1429
-0.0202259
-0.105441
0.0203627
0
00:15:807: <MSG>: 
22.9937
12.1473
0.452366
0.105965
12.1455
-0.0163395
-0.101654
0.0242296
0
00:15:816: <MSG>: 
22.9937
12.1189
0.44354
0.105903
12.1485
-0.0104978
-0.0999671
0.0236843
0
00:15:825: <MSG>: 
22.7171
12.1122
0.459386
0.105998
12.1481
-0.0116015
-0.160354
0.0250086
0
00:15:835: <MSG>: 
22.7171
12.1148
0.47413
0.106125
12.1484
-0.0115102
-0.157817
0.0270282
0
00:15:844: <MSG>: 
22.7171
12.1148
0.47413
0.106532
12.1414
-0.0202717
-0.153317
0.0331284
0
00:15:853: <MSG>: 
22.7171
12.1229
0.415228
0.106915
12.1432
-0.019981
-0.150572
0.0391805
0
00:15:862: <MSG>: 
22.7171
12.1203
0.422555
0.107115
12.1443
-0.0200928
-0.148998
0.0420533
0
00:15:871: <MSG>: 
22.7171
12.1221
0.455302
0.107286
12.1444
-0.0205937
-0.146969
0.044564
0
00:15:881: <MSG>: 
22.7171
12.1256
0.427906
0.107339
12.1455
-0.0201904
-0.146864
0.0447113
0
00:15:890: <MSG>: 
22.7171
12.1256
0.427906
0.107682
12.1471
-0.0195582
-0.145862
0.0493488
0
00:15:900: <MSG>: 
22.7171
12.1285
0.433165
0.107841
12.1483
-0.0193599
-0.145177
0.051127
0
00:15:909: <MSG>: 
22.7171
12.1382
0.44597
0.107942
12.1486
-0.0204608
-0.144547
0.0520514
0
00:15:918: <MSG>: 
22.7171
12.1314
0.437649
0.10818
12.1469
-0.0231666
-0.143641
0.0549762
0
00:15:927: <MSG>: 
22.7171
12.1314
0.437649
0.108332
12.1459
-0.0249226
-0.143685
0.0563276
0
00:15:936: <MSG>: 
22.7171
12.1294
0.436271
0.108321
12.1521
-0.0177342
-0.141933
0.0560259
0
00:15:945: <MSG>: 
22.7171
12.1295
0.454316
0.108412
12.1588
-0.0100405
-0.139073
0.057332
0
00:15:954: <MSG>: 
22.7171
12.1334
0.442553
0.108479
12.1641
-0.00556191
-0.13709
0.0580536
0
00:15:963: <MSG>: 
22.7171
12.1334
0.442553
0.108364
12.1798
0.0116346
-0.1346
0.0567257
0
00:15:972: <MSG>: 
22.7171
12.1314
0.446258
0.108281
12.1977
0.0318608
-0.131901
0.055842
0
00:15:981: <MSG>: 
22.7171
12.1333
0.445756
0.108336
12.2116
0.0474725
-0.129663
0.0565821
0
00:15:990: <MSG>: 
22.7171
12.1325
0.436386
0.108366
12.2278
0.06609
-0.127584
0.0569773
0
00:15:999: <MSG>: 
22.7171
12.1325
0.436386
0.108307
12.2489
0.0893181
-0.125234
0.0563249
0
00:16:008: <MSG>: 
22.7171
12.1313
0.437715
0.108373
12.2689
0.111044
-0.123192
0.0572076
0
00:16:017: <MSG>: 
22.7171
12.1286
0.447298
0.108732
12.265
0.105327
-0.120785
0.0617296
0
00:16:026: <MSG>: 
22.7171
12.1313
0.444172
0.108778
12.2657
0.105332
-0.120141
0.0617331
0
00:16:035: <MSG>: 
22.7171
12.1313
0.444172
0.108822
12.2667
0.105338
-0.119503
0.0617367
0
00:16:044: <MSG>: 
22.7171
12.1408
0.446252
0.108865
12.2677
0.105344
-0.118873
0.0617407
0
00:16:053: <MSG>: 
22.7171
12.1481
0.458181
0.108909
12.2686
0.105349
-0.118238
0.061744
0
00:16:062: <MSG>: 
22.7171
12.1564
0.450156
0.108953
12.2698
0.105354
-0.117583
0.0617477
0
00:16:071: <MSG>: 
22.7171
12.1564
0.450156
0.109077
12.2531
0.085755
-0.114089
0.0634682
0
00:16:081: <MSG>: 
22.7171
12.1601
0.450086
0.10927
12.2416
0.0723811
-0.110989
0.0659811
0
00:16:090: <MSG>: 
22.7171
12.1653
0.455589
0.109479
12.2282
0.0551777
-0.107569
0.0687842
0
00:16:099: <MSG>: 
22.7171
12.1676
0.454956
0.109658
12.2165
0.0409563
-0.104274
0.0711382
0
00:16:108: <MSG>: 
22.7171
12.1704
0.449224
0.109778
12.2067
0.0287238
-0.101431
0.0725717
0
00:16:117: <MSG>: 
22.7171
12.1704
0.449224
0.109609
12.2035
0.0254335
-0.106858
0.067469
0
00:16:127: <MSG>: 
22.7171
12.1674
0.456593
0.109173
12.2021
0.0255339
-0.111933
0.0587795
0
00:16:136: <MSG>: 
22.7171
12.1722
0.452482
0.108976
12.2012
0.0244019
-0.116052
0.0539465
0
00:16:146: <MSG>: 
22.7171
12.1657
0.451157
0.108976
12.1982
0.0213599
-0.119856
0.0520697
0
00:16:155: <MSG>: 
22.7171
12.1657
0.451157
0.108867
12.1985
0.0217202
-0.122998
0.0488975
0
00:16:164: <MSG>: 
22.7171
12.1649
0.454895
0.108776
12.1972
0.0200119
-0.125942
0.046075
0
00:16:174: <MSG>: 
22.7171
12.1633
0.455179
0.108882
12.1907
0.0121198
-0.122187
0.0478431
1
00:16:183: <MSG>: 
22.7171
12.1669
0.449404
0.108718
12.1907
0.0119933
-0.126417
0.043659
0
00:16:192: <MSG>: 
22.7171
12.1717
0.454449
0.108979
12.1849
0.00523096
-0.129112
0.0458469
0
00:16:202: <MSG>: 
22.7171
12.1717
0.454449
0.109149
12.1805
0.000523905
-0.131584
0.0467796
0
00:16:212: <MSG>: 
22.7171
12.1696
0.454913
0.109282
12.1772
-0.00248864
-0.133326
0.047382
0
00:16:222: <MSG>: 
22.7171
12.17
0.454478
0.109225
12.1781
-0.000442592
-0.13423
0.0456458
0
00:16:232: <MSG>: 
22.7171
12.1659
0.45995
0.109201
12.1773
-0.000176323
-0.13502
0.0443743
0
00:16:241: <MSG>: 
22.7171
12.1709
0.457464
0.109082
12.18
0.0028798
-0.135565
0.0419777
0
00:16:251: <MSG>: 
22.7171
12.1709
0.457464
0.108974
12.1813
0.00493478
-0.136301
0.0396861
0
00:16:260: <MSG>: 
22.7171
12.1669
0.460629
0.108845
12.1836
0.00884001
-0.136123
0.0374504
0
00:16:270: <MSG>: 
22.7171
12.1694
0.459502
0.108728
12.1871
0.0130419
-0.136122
0.0353236
0
00:16:279: <MSG>: 
22.7171
12.1657
0.464555
0.108456
12.1948
0.0239146
-0.134968
0.0315394
0
00:16:288: <MSG>: 
22.7171
12.1678
0.460816
0.108332
12.2005
0.0312808
-0.13372
0.0298388
0
00:16:297: <MSG>: 
22.7171
12.1678
0.460816
0.108224
12.2057
0.0378928
-0.132681
0.028306
0
00:16:307: <MSG>: 
22.7171
12.1658
0.464503
0.108143
12.2103
0.0439132
-0.131611
0.0271474
0
00:16:317: <MSG>: 
22.7171
12.1686
0.462031
0.108167
12.212
0.0463178
-0.130895
0.0273265
0
00:16:326: <MSG>: 
22.7171
12.1722
0.462737
0.107949
12.224
0.0609999
-0.128677
0.0247438
0
00:16:335: <MSG>: 
22.7171
12.1722
0.462737
0.107719
12.2348
0.0734679
-0.126517
0.0219906
0
00:16:345: <MSG>: 
22.7171
12.1698
0.46254
0.107526
12.2443
0.0848325
-0.124662
0.0196972
0
00:16:354: <MSG>: 
22.7171
12.1733
0.459894
0.107833
12.241
0.0786143
-0.121951
0.0238673
0
00:16:363: <MSG>: 
22.7171
12.1665
0.46331
0.108029
12.2386
0.0744189
-0.119641
0.0265822
0
00:16:373: <MSG>: 
22.7171
12.1688
0.459142
0.108149
12.2364
0.0697405
-0.118732
0.027923
0
00:16:383: <MSG>: 
22.7171
12.1688
0.459142
0.108597
12.231
0.0622546
-0.118607
0.0329191
0
00:16:392: <MSG>: 
22.7171
12.1668
0.466282
0.108976
12.226
0.0559171
-0.117771
0.0372609
0
00:16:401: <MSG>: 
22.7171
12.1743
0.457691
0.109007
12.2247
0.0523998
-0.119717
0.0365652
0
00:16:411: <MSG>: 
22.7171
12.1716
0.465566
0.109089
12.2301
0.0593538
-0.11731
0.0379558
0
00:16:420: <MSG>: 
22.7171
12.1715
0.456991
0.109124
12.2356
0.0639752
-0.115436
0.0384896
0
00:16:429: <MSG>: 
22.7171
12.1715
0.456991
0.109089
12.2452
0.0739396
-0.113261
0.0382075
0
00:16:438: <MSG>: 
22.7171
12.1688
0.461501
0.109138
12.2526
0.0816978
-0.111071
0.03906
0
00:16:448: <MSG>: 
22.7171
12.1673
0.455382
0.109048
12.2672
0.0975905
-0.108776
0.038062
0
00:16:457: <MSG>: 
22.7171
12.1691
0.458165
0.109009
12.2824
0.11408
-0.106469
0.0377981
0
00:16:466: <MSG>: 
22.7171
12.1691
0.458165
0.109012
12.2982
0.131325
-0.104336
0.0380738
0
00:16:475: <MSG>: 
22.7171
12.1705
0.452164
0.108988
12.3119
0.145747
-0.102673
0.0378369
0
00:16:484: <MSG>: 
22.7171
12.1736
0.451005
0.109031
12.3255
0.159041
-0.100925
0.0385262
0
00:16:494: <MSG>: 
22.7171
12.1698
0.451639
0.109083
12.3422
0.177223
-0.0990372
0.0394333
0
00:16:503: <MSG>: 
22.7171
12.1698
0.451639
0.109119
12.3646
0.20118
-0.0971041
0.0401198
0
00:16:512: <MSG>: 
22.7171
12.177
0.453805
0.109209
12.3881
0.226004
-0.0951335
0.0415665
0
00:16:521: <MSG>: 
22.7171
12.1746
0.46394
0.109351
12.3605
0.19338
-0.0929742
0.0434917
0
00:16:531: <MSG>: 
22.7171
12.1822
0.456605
0.109493
12.3368
0.164586
-0.0906732
0.0454067
0
00:16:539: <MSG>: 
22.7171
12.1915
0.461144
0.109653
12.3696
0.200309
-0.0880283
0.0480149
0
00:16:549: <MSG>: 
22.7171
12.1915
0.461144
0.109774
12.3458
0.171001
-0.0855136
0.0496705
0
00:16:558: <MSG>: 
22.7171
12.2043
0.456792
0.109878
12.327
0.147549
-0.0832418
0.0510045
0
00:16:568: <MSG>: 
22.7171
12.2165
0.463404
0.110005
12.3833
0.209634
-0.0804822
0.0532162
0
00:16:577: <MSG>: 
22.7171
12.2238
0.460742
0.110061
12.3642
0.186672
-0.0780259
0.0539686
0
00:16:586: <MSG>: 
22.7171
12.2238
0.460742
0.109281
12.3439
0.160718
-0.0862481
0.0418834
0
00:16:595: <MSG>: 
22.7171
12.2329
0.463618
0.109376
12.3279
0.140304
-0.0834003
0.0434157
0
00:16:604: <MSG>: 
22.7171
12.2326
0.461243
0.108814
12.3146
0.124063
-0.0900227
0.0344909
0
00:16:614: <MSG>: 
22.7171
12.2313
0.459026
0.108607
12.3038
0.108918
-0.0955804
0.0300405
0
00:16:623: <MSG>: 
22.7171
12.2313
0.459026
0.108557
12.2932
0.0946518
-0.100381
0.0276738
0
00:16:633: <MSG>: 
22.7171
12.228
0.464081
0.108432
12.2811
0.0799848
-0.104636
0.0246238
0
00:16:642: <MSG>: 
22.7171
12.2345
0.469966
0.108108
12.2735
0.0703585
-0.109246
0.0192144
0
00:16:651: <MSG>: 
22.7171
12.2314
0.465273
0.108152
12.2602
0.0542829
-0.113551
0.0182054
0
00:16:661: <MSG>: 
22.7171
12.2334
0.463573
0.108129
12.2491
0.0402973
-0.117886
0.0164065
0
00:16:670: <MSG>: 
22.7171
12.2334
0.463573
0.108125
12.2389
0.0288172
-0.12085
0.0152744
0
00:16:680: <MSG>: 
22.7171
12.2296
0.460737
0.107976
12.2299
0.0193584
-0.124556
0.0122262
1
00:16:690: <MSG>: 
22.7171
12.2274
0.462272
0.107736
12.2232
0.0126055
-0.128008
0.00822906
0
00:16:699: <MSG>: 
22.7171
12.2265
0.463027
0.107462
12.2181
0.00837893
-0.130704
0.00407538
0
00:16:708: <MSG>: 
22.7171
12.2263
0.458626
0.107384
12.211
0.00133644
-0.132956
0.00243295
0
00:16:718: <MSG>: 
22.7171
12.2263
0.458626
0.107423
12.2017
-0.00847884
-0.135642
0.00206641
0
00:16:728: <MSG>: 
22.7171
12.2253
0.464051
0.107172
12.1992
-0.00945803
-0.137241
-0.00143436
0
00:16:737: <MSG>: 
22.7171
12.2221
0.457543
0.106924
12.1963
-0.0114042
-0.139375
-0.00502875
0
00:16:747: <MSG>: 
22.7171
12.2218
0.465832
0.106621
12.1957
-0.00991474
-0.140723
-0.00903417
0
00:16:756: <MSG>: 
22.7171
12.2205
0.458722
0.106247
12.1976
-0.00551622
-0.141732
-0.0137682
0
00:16:766: <MSG>: 
22.7171
12.2205
0.458722
0.105887
12.1989
-0.00280754
-0.142743
-0.0182847
0
00:16:775: <MSG>: 
22.7171
12.2171
0.456066
0.105851
12.1951
-0.00676402
-0.143047
-0.0185886
0
00:16:784: <MSG>: 
22.7171
12.2071
0.455202
0.105701
12.1934
-0.0075554
-0.14322
-0.0202613
0
00:16:793: <MSG>: 
22.7171
12.2038
0.46406
0.105734
12.1887
-0.0128986
-0.143295
-0.0196137
0
00:16:803: <MSG>: 
22.7171
12.2038
0.46406
0.105039
12.194
-0.0057085
-0.146413
-0.0289406
0
00:16:812: <MSG>: 
22.7171
12.2226
0.434972
0.10451
12.2052
0.00733527
-0.146482
-0.0352534
0
00:16:822: <MSG>: 
22.7171
12.2088
0.380979
0.104143
12.2078
0.013551
-0.147755
-0.0397751
0
00:16:831: <MSG>: 
23.0144
12.1801
0.421702
0.103941
12.2113
0.0188514
-0.0814123
-0.041896
0
00:16:841: <MSG>: 
23.0144
12.1558
0.441911
0.10391
12.2094
0.0166217
-0.0804208
-0.0414132
0
00:16:850: <MSG>: 
23.0144
12.1558
0.441911
0.103801
12.2112
0.0180862
-0.0790955
-0.041872
0
00:16:859: <MSG>: 
23.0144
12.1689
0.392854
0.104012
12.203
0.0056057
-0.0786901
-0.0384648
0
00:16:869: <MSG>: 
23.0144
12.1755
0.370093
0.104031
12.1999
-0.00031105
-0.0790224
-0.0377168
0
00:16:878: <MSG>: 
23.0144
12.179
0.414863
0.104247
12.1949
-0.00725075
-0.07884
-0.0338021
0
00:16:887: <MSG>: 
23.0144
12.179
0.414863
0.104299
12.1886
-0.0159745
-0.0793003
-0.0326435
0
00:16:897: <MSG>: 
23.0144
12.1825
0.402969
0.104165
12.1916
-0.0121217
-0.0792758
-0.0339125
0
00:16:906: <MSG>: 
23.0144
12.1831
0.415718
0.104203
12.1867
-0.0194114
-0.0816305
-0.0335224
0
00:16:916: <MSG>: 
23.0144
12.1899
0.44178
0.104078
12.185
-0.0234897
-0.0834417
-0.0354069
0
00:16:925: <MSG>: 
23.0144
12.1811
0.426335
0.103817
12.1945
-0.0125757
-0.0829465
-0.0381271
0
00:16:934: <MSG>: 
23.0144
12.1811
0.426335
0.103654
12.2067
0.00121395
-0.0813304
-0.0392119
0
00:16:943: <MSG>: 
23.0144
12.1785
0.424961
0.103663
12.2134
0.00925955
-0.0796622
-0.0380483
0
00:16:952: <MSG>: 
23.0144
12.1785
0.432234
0.10362
12.2287
0.0264004
-0.0771942
-0.0372981
0
00:16:961: <MSG>: 
23.0144
12.1816
0.429908
0.103513
12.2465
0.0465564
-0.0754364
-0.0376076
0
00:16:970: <MSG>: 
23.0144
12.1816
0.429908
0.103494
12.2621
0.0635984
-0.0731829
-0.0366225
0
00:16:981: <MSG>: 
23.0144
12.1784
0.417744
0.103606
12.2731
0.0752125
-0.0710742
-0.0338454
0
00:16:991: <MSG>: 
23.0144
12.1784
0.432014
0.103636
12.2931
0.0975827
-0.068806
-0.0322052
0
00:17:000: <MSG>: 
23.0144
12.1846
0.424156
0.103629
12.253
0.0498668
-0.0674872
-0.0316211
0
00:17:009: <MSG>: 
23.0144
12.1811
0.421567
0.103695
12.2174
0.00775552
-0.0652467
-0.0297879
0
00:17:019: <MSG>: 
23.0144
12.1811
0.421567
0.103767
12.1825
-0.0334799
-0.0629642
-0.0278587
0
00:17:028: <MSG>: 
23.0144
12.1846
0.425385
0.103737
12.1823
-0.0334868
-0.0629453
-0.0278643
0
00:17:037: <MSG>: 
23.0144
12.1817
0.425606
0.103706
12.1813
-0.033494
-0.0629386
-0.0278703
0
00:17:045: <MSG>: 
23.0144
12.1916
0.419066
0.103676
12.1814
-0.0335
-0.0629053
-0.0278752
0
00:17:054: <MSG>: 
23.0144
12.1919
0.428061
0.103646
12.1809
-0.0335067
-0.0628916
-0.0278808
0
00:17:063: <MSG>: 
23.0144
12.1919
0.428061
0.103615
12.1806
-0.0335127
-0.0628793
-0.0278857
0
00:17:072: <MSG>: 
23.0144
12.187
0.424255
0.10418
12.19
-0.024137
-0.0604617
-0.0191313
0
00:17:082: <MSG>: 
23.0144
12.176
0.426556
0.104347
12.1709
-0.0460707
-0.0573877
-0.0157959
0
00:17:090: <MSG>: 
23.0144
12.176
0.426556
0.104268
12.1498
-0.0704599
-0.0552431
-0.0160795
0
00:17:101: <MSG>: 
23.0144
12.1763
0.434068
0.103996
12.1499
-0.069017
-0.0627182
-0.0219305
0
00:17:111: <MSG>: 
23.0144
12.181
0.433341
0.103853
12.1509
-0.0670068
-0.0681571
-0.0251735
0
00:17:120: <MSG>: 
23.0144
12.1797
0.430189
0.103862
12.1504
-0.066331
-0.073033
-0.0260073
0
00:17:129: <MSG>: 
23.0144
12.1847
0.425184
0.103674
12.1535
-0.0622852
-0.0782509
-0.0298289
0
00:17:138: <MSG>: 
23.0144
12.1847
0.425184
0.103506
12.157
-0.0572668
-0.0827695
-0.0330525
0
00:17:147: <MSG>: 
23.0144
12.1795
0.432849
0.10346
12.1603
-0.05235
-0.0867011
-0.0343032
0
00:17:156: <MSG>: 
23.0144
12.1778
0.424024
0.103379
12.1647
-0.0472458
-0.089492
-0.0357468
0
00:17:166: <MSG>: 
23.0144
12.1699
0.432171
0.10336
12.1682
-0.0427853
-0.0922048
-0.0361833
1
00:17:175: <MSG>: 
23.0144
12.1699
0.432171
0.103262
12.1716
-0.0389096
-0.0948646
-0.037758
0
00:17:185: <MSG>: 
23.0144
12.1771
0.422906
0.103181
12.1749
-0.03552
-0.0971705
-0.0389902
0
00:17:194: <MSG>: 
23.0144
12.1764
0.425687
0.102961
12.1792
-0.0293082
-0.0988321
-0.0420157
0
00:17:203: <MSG>: 
23.0144
12.1778
0.428779
0.103158
12.1766
-0.033117
-0.100843
-0.0391888
0
00:17:212: <MSG>: 
23.0144
12.178
0.427877
0.10321
12.1766
-0.0327003
-0.10222
-0.038277
0
00:17:221: <MSG>: 
23.0144
12.178
0.427877
0.103416
12.174
-0.0357552
-0.103242
-0.0351495
0
00:17:231: <MSG>: 
23.0144
12.1781
0.428791
0.103531
12.1729
-0.0364399
-0.103947
-0.0332482
0
00:17:240: <MSG>: 
23.0144
12.1794
0.417974
0.103505
12.174
-0.0356595
-0.104874
-0.0334083
0
00:17:249: <MSG>: 
23.0144
12.1789
0.429091
0.103557
12.1735
-0.0361046
-0.105375
-0.0323833
0
00:17:258: <MSG>: 
23.0144
12.1789
0.429091
0.103601
12.173
-0.0370301
-0.10604
-0.0315072
0
00:17:268: <MSG>: 
23.0144
12.1787
0.412858
0.103425
12.1785
-0.0309733
-0.106209
-0.0335323
0
00:17:278: <MSG>: 
23.0144
12.1719
0.413738
0.103153
12.185
-0.0226181
-0.106565
-0.0368773
0
00:17:287: <MSG>: 
23.0144
12.1728
0.419171
0.102923
12.1928
-0.0139726
-0.106601
-0.0395159
0
00:17:296: <MSG>: 
23.0144
12.1728
0.419171
0.101534
12.2329
0.0354621
-0.1034
-0.0571556
0
00:17:305: <MSG>: 
23.0144
12.169
0.464279
0.101258
12.2424
0.0445216
-0.102197
-0.0598716
0
00:17:315: <MSG>: 
23.0144
12.1676
0.425326
0.101081
12.2528
0.0552877
-0.0999669
-0.060795
0
00:17:324: <MSG>: 
23.0144
12.1524
0.418938
0.101224
12.2556
0.0580897
-0.096939
-0.0570396
0
00:17:333: <MSG>: 
22.9111
12.1605
0.430527
0.101149
12.2667
0.0689947
-0.116284
-0.0562801
0
00:17:342: <MSG>: 
22.9111
12.1605
0.430527
0.101802
12.2579
0.0564996
-0.111418
-0.0462987
0
00:17:352: <MSG>: 
22.9111
12.178
0.422262
0.102313
12.2494
0.0451593
-0.107729
-0.0385032
0
00:17:361: <MSG>: 
22.9111
12.1909
0.35705
0.102654
12.2438
0.0366516
-0.107436
-0.0338349
0
00:17:370: <MSG>: 
22.9111
12.1876
0.386447
0.103021
12.2369
0.0266557
-0.105551
-0.0284335
0
00:17:379: <MSG>: 
22.9111
12.1876
0.386447
0.103378
12.2305
0.0179329
-0.105799
-0.0238199
0
00:17:388: <MSG>: 
22.9111
12.1806
0.417013
0.103618
12.2258
0.0119244
-0.106349
-0.0207688
0
00:17:397: <MSG>: 
22.9111
12.1847
0.392015
0.104059
12.2214
0.00530534
-0.10737
-0.0154297
0
00:17:406: <MSG>: 
22.9111
12.1903
0.40469
0.104662
12.2179
0.000912609
-0.106903
-0.0077625
0
00:17:415: <MSG>: 
22.9111
12.1903
0.40469
0.105108
12.2132
-0.00577562
-0.109358
-0.00295766
0
00:17:425: <MSG>: 
22.9111
12.206
0.415405
0.105553
12.2105
-0.0108048
-0.111136
0.00195898
0
00:17:434: <MSG>: 
22.9111
12.1924
0.404831
0.105594
12.2139
-0.00726885
-0.109428
0.00299837
0
00:17:443: <MSG>: 
22.9111
12.1911
0.398166
0.105501
12.2233
0.0015376
-0.108214
0.00201444
0
00:17:452: <MSG>: 
22.9111
12.1894
0.420119
0.105551
12.2342
0.0133334
-0.105282
0.00358196
0
00:17:462: <MSG>: 
22.9111
12.1894
0.420119
0.105609
12.2452
0.0250437
-0.103028
0.00503536
0
00:17:471: <MSG>: 
22.9111
12.1959
0.404393
0.105525
12.2687
0.0506931
-0.0998489
0.00481591
0
00:17:480: <MSG>: 
22.9111
12.1882
0.40655
0.105459
12.2905
0.0745867
-0.0967001
0.00485612
0
00:17:489: <MSG>: 
22.9111
12.1891
0.412137
0.105603
12.3034
0.0882391
-0.0942353
0.00759147
0
00:17:498: <MSG>: 
22.9111
12.1891
0.412137
0.105703
12.3223
0.109039
-0.0917805
0.00971904
0
00:17:507: <MSG>: 
22.9111
12.1914
0.403988
0.105728
12.2859
0.0662064
-0.0894888
0.010416
0
00:17:516: <MSG>: 
22.9111
12.1891
0.406732
0.105782
12.253
0.0284036
-0.0871569
0.0115627
0
00:17:525: <MSG>: 
22.9111
12.1936
0.413693
0.105871
12.2208
-0.0100817
-0.0843976
0.0132944
0
00:17:533: <MSG>: 
22.9111
12.1936
0.413693
0.105878
12.2207
-0.0100822
-0.0842216
0.0132951
0
00:17:542: <MSG>: 
22.9111
12.1942
0.408796
0.105885
12.2199
-0.0100827
-0.0840363
0.0132958
0
00:17:551: <MSG>: 
22.9111
12.2039
0.411728
0.105892
12.2206
-0.0100833
-0.0838212
0.0132965
0
00:17:560: <MSG>: 
22.9111
12.2027
0.419083
0.1059
12.2201
-0.0100838
-0.0836254
0.0132972
0
00:17:569: <MSG>: 
22.9111
12.2027
0.419083
0.105908
12.22
-0.0100843
-0.0834257
0.0132978
0
00:17:578: <MSG>: 
22.9111
12.2022
0.403086
0.105966
12.1996
-0.0336057
-0.0802779
0.0147365
0
00:17:588: <MSG>: 
22.9111
12.191
0.406017
0.106045
12.1816
-0.0538364
-0.0769392
0.0165161
0
00:17:597: <MSG>: 
22.9111
12.1921
0.408636
0.105237
12.1795
-0.0542402
-0.0849016
0.0045011
0
00:17:607: <MSG>: 
22.9111
12.1921
0.408636
0.105071
12.1744
-0.0595169
-0.0905942
0.000855364
0
00:17:616: <MSG>: 
22.9111
12.1927
0.408779
0.104981
12.1712
-0.0632957
-0.0959881
-0.00173867
0
00:17:626: <MSG>: 
22.9111
12.194
0.397056
0.104857
12.1689
-0.0656649
-0.101845
-0.00483496
0
00:17:635: <MSG>: 
22.9111
12.1964
0.403068
0.104592
12.1678
-0.0666749
-0.107852
-0.0096053
0
00:17:644: <MSG>: 
22.9111
12.193
0.398175
0.10448
12.1661
-0.06864
-0.112963
-0.0122537
0
00:17:653: <MSG>: 
22.9111
12.193
0.398175
0.104198
12.1646
-0.0691107
-0.118008
-0.0168839
0
00:17:662: <MSG>: 
22.9111
12.1887
0.397005
0.104042
12.1628
-0.0704612
-0.122453
-0.0197715
0
00:17:672: <MSG>: 
22.9111
12.1853
0.400326
0.104226
12.1559
-0.077297
-0.12586
-0.0183059
1
00:17:682: <MSG>: 
22.9111
12.1856
0.397404
0.104341
12.1512
-0.0821076
-0.122605
-0.0155512
0
00:17:691: <MSG>: 
22.9111
12.1856
0.397404
0.104399
12.1453
-0.0890777
-0.119751
-0.0137687
0
00:17:701: <MSG>: 
22.9111
12.1834
0.397825
0.104481
12.1395
-0.0955233
-0.1168
-0.0116538
0
00:17:710: <MSG>: 
22.9111
12.1835
0.393645
0.104522
12.1349
-0.100973
-0.11401
-0.0101815
0
00:17:720: <MSG>: 
22.9111
12.1816
0.396071
0.104586
12.1298
-0.106331
-0.110957
-0.00832684
0
00:17:729: <MSG>: 
22.9111
12.1835
0.393552
0.104633
12.1251
-0.111379
-0.10792
-0.00674442
0
00:17:738: <MSG>: 
22.9111
12.1835
0.393552
0.104734
12.1216
-0.115007
-0.105208
-0.00449876
0
00:17:748: <MSG>: 
22.9111
12.1857
0.400975
0.104906
12.1194
-0.117009
-0.102928
-0.00143354
0
00:17:758: <MSG>: 
22.9111
12.1821
0.397125
0.105059
12.1173
-0.118753
-0.100821
0.00128903
0
00:17:768: <MSG>: 
22.9111
12.1767
0.404328
0.105214
12.1151
-0.120346
-0.0980684
0.00417026
0
00:17:777: <MSG>: 
22.9111
12.1725
0.386591
0.105462
12.1147
-0.120351
-0.0972604
0.00775205
0
00:17:786: <MSG>: 
22.9111
12.1725
0.386591
0.105765
12.1151
-0.119309
-0.0967667
0.0119396
0
00:17:796: <MSG>: 
22.9111
12.1674
0.401598
0.105315
12.1098
-0.125318
-0.0956641
0.00587949
0
00:17:805: <MSG>: 
22.9111
12.1779
0.39033
0.10526
12.1104
-0.126548
-0.0977651
0.00445467
0
00:17:815: <MSG>: 
22.9523
12.1633
0.382013
0.105487
12.1102
-0.126214
-0.0884806
0.00754563
0
00:17:824: <MSG>: 
22.9523
12.1448
0.40237
0.105864
12.1086
-0.126434
-0.0863642
0.0131864
0
00:17:833: <MSG>: 
22.9523
12.1448
0.40237
0.10631
12.11
-0.124531
-0.0860896
0.0191448
0
00:17:843: <MSG>: 
22.9523
12.124
0.460104
0.107054
12.1104
-0.123459
-0.0833565
0.0297324
0
00:17:852: <MSG>: 
22.9523
12.1226
0.423028
0.107385
12.1122
-0.12158
-0.0823691
0.0340451
0
00:17:861: <MSG>: 
22.9523
12.1205
0.387307
0.10744
12.1124
-0.120634
-0.0810521
0.0347118
0
00:17:871: <MSG>: 
22.9523
12.1205
0.387307
0.107681
12.1124
-0.120293
-0.0809804
0.0374089
0
00:17:880: <MSG>: 
22.9523
12.1243
0.416664
0.107786
12.1125
-0.119943
-0.081099
0.0382753
0
00:17:889: <MSG>: 
22.9523
12.1286
0.418665
0.107811
12.1121
-0.119527
-0.0820932
0.0377556
0
00:17:898: <MSG>: 
22.9523
12.1309
0.409716
0.107834
12.1111
-0.120582
-0.0837118
0.0370569
0
00:17:908: <MSG>: 
22.9523
12.1387
0.4413
0.107793
12.1263
-0.0991208
-0.0807527
0.0370822
0
00:17:917: <MSG>: 
22.9523
12.1387
0.4413
0.107685
12.1416
-0.0776189
-0.0791896
0.0359997
0
00:17:926: <MSG>: 
22.9523
12.1346
0.429983
0.107835
12.1521
-0.0621947
-0.0765889
0.0380511
0
00:17:935: <MSG>: 
22.9523
12.1304
0.426914
0.108031
12.1578
-0.053379
-0.0740905
0.0405481
0
00:17:944: <MSG>: 
22.9523
12.1304
0.429026
0.108186
12.1673
-0.0404559
-0.0714448
0.0426607
0
00:17:953: <MSG>: 
22.9523
12.1304
0.429026
0.108353
12.1768
-0.0278349
-0.0689279
0.0448286
0
00:17:963: <MSG>: 
22.9523
12.1382
0.43249
0.108548
12.1884
-0.0133328
-0.0662849
0.0473425
0
00:17:972: <MSG>: 
22.9523
12.1345
0.419999
0.108456
12.2114
0.0155764
-0.0644038
0.0464268
0
00:17:981: <MSG>: 
22.9523
12.1371
0.432783
0.108611
12.2294
0.0377592
-0.0617714
0.0485296
0
00:17:991: <MSG>: 
22.9523
12.1371
0.432783
0.108712
12.2495
0.0611771
-0.0593693
0.0499563
0
00:17:999: <MSG>: 
22.9523
12.1381
0.435373
0.108878
12.2688
0.0836217
-0.0568536
0.0521653
0
00:18:009: <MSG>: 
22.9523
12.1399
0.42953
0.109033
12.2939
0.112669
-0.0543065
0.0542637
0
00:18:018: <MSG>: 
22.9523
12.141
0.440148
0.109212
12.2677
0.0829186
-0.0511239
0.0564642
0
00:18:027: <MSG>: 
22.9523
12.141
0.440148
0.109255
12.2684
0.0829176
-0.0506305
0.0564638
0
00:18:036: <MSG>: 
22.9523
12.1443
0.431657
0.1093
12.2686
0.0829165
-0.0501535
0.0564634
0
00:18:045: <MSG>: 
22.9523
12.1563
0.433902
0.109343
12.2697
0.0829156
-0.0496155
0.056463
0
00:18:053: <MSG>: 
22.9523
12.165
0.440749
0.109385
12.27
0.0829145
-0.0491461
0.0564626
0
00:18:062: <MSG>: 
22.9523
12.165
0.440749
0.109428
12.2707
0.0829135
-0.0486498
0.0564622
0
00:18:072: <MSG>: 
22.9523
12.1819
0.43796
0.109587
12.2544
0.0644721
-0.0449632
0.0586481
0
00:18:081: <MSG>: 
22.9523
12.1845
0.436914
0.10986
12.2438
0.0542216
-0.0412656
0.0622811
0
00:18:089: <MSG>: 
22.9523
12.1883
0.436397
0.109955
12.2276
0.0352499
-0.0380528
0.0635573
0
00:18:099: <MSG>: 
22.9523
12.1883
0.436397
0.109862
12.2196
0.0262534
-0.0442152
0.0593841
0
00:18:108: <MSG>: 
22.9523
12.182
0.440514
0.109674
12.2146
0.0218001
-0.0499086
0.0540799
0
00:18:117: <MSG>: 
22.9523
12.1831
0.436743
0.109543
12.2104
0.0170958
-0.0551482
0.0497977
0
00:18:126: <MSG>: 
22.9523
12.1833
0.440613
0.109456
12.2059
0.0131396
-0.0599566
0.0464052
0
00:18:135: <MSG>: 
22.9523
12.1833
0.440613
0.109195
12.2058
0.0137697
-0.0648036
0.0406045
0
00:18:144: <MSG>: 
22.9523
12.1842
0.442583
0.109056
12.2069
0.0156786
-0.0681474
0.0370983
0
00:18:153: <MSG>: 
22.9523
12.1832
0.43541
0.108827
12.2093
0.0191289
-0.0715472
0.0323221
0
00:18:162: <MSG>: 
22.9523
12.1823
0.442511
0.108724
12.2109
0.0220031
-0.0740793
0.0296571
0
00:18:171: <MSG>: 
22.9523
12.1823
0.442511
0.108897
12.2065
0.0172828
-0.0700139
0.0324721
0
00:18:181: <MSG>: 
22.9523
12.1847
0.434436
0.108996
12.2044
0.0139054
-0.0739792
0.0321963
1
00:18:190: <MSG>: 
22.9523
12.1791
0.437135
0.108875
12.2046
0.0153108
-0.0772129
0.0290919
0
00:18:199: <MSG>: 
22.9523
12.1837
0.434798
0.10886
12.2048
0.0158113
-0.0791117
0.0278621
0
00:18:209: <MSG>: 
22.9523
12.1784
0.435332
0.108882
12.2037
0.0157436
-0.0807407
0.0272562
0
00:18:218: <MSG>: 
22.9523
12.1784
0.435332
0.109082
12.2002
0.0119847
-0.082109
0.0291804
0
00:18:228: <MSG>: 
22.9523
12.1831
0.428837
0.10895
12.2031
0.0160046
-0.0829971
0.0266395
0
00:18:237: <MSG>: 
22.9523
12.179
0.429903
0.108827
12.2046
0.0192763
-0.0840776
0.024245
0
00:18:246: <MSG>: 
22.9523
12.1834
0.427156
0.108831
12.2039
0.0182423
-0.0853927
0.0235412
0
00:18:255: <MSG>: 
22.9523
12.1834
0.427156
0.108733
12.2053
0.020206
-0.0863244
0.021555
0
00:18:264: <MSG>: 
22.9523
12.1795
0.429969
0.108556
12.2086
0.0250822
-0.0867739
0.0187255
0
00:18:273: <MSG>: 
22.9523
12.1752
0.42276
0.108361
12.2122
0.0298659
-0.0878087
0.0154803
0
00:18:283: <MSG>: 
22.9523
12.175
0.425104
0.108258
12.2147
0.0331022
-0.0883959
0.0136725
0
00:18:292: <MSG>: 
22.9523
12.175
0.425104
0.107972
12.2225
0.043247
-0.0880763
0.00969849
0
00:18:302: <MSG>: 
22.9523
12.1734
0.423387
0.107594
12.2328
0.0566951
-0.0874955
0.0046294
0
00:18:312: <MSG>: 
22.9523
12.1784
0.425509
0.107508
12.237
0.0608045
-0.0868442
0.00356777
0
00:18:321: <MSG>: 
22.9523
12.1759
0.426603
0.107424
12.2392
0.0642557
-0.0864261
0.00251033
0
00:18:330: <MSG>: 
22.9523
12.1818
0.423203
0.10734
12.2431
0.0673979
-0.0862191
0.00138395
0
00:18:339: <MSG>: 
22.9523
12.1818
0.423203
0.107275
12.247
0.0716477
-0.0856243
0.000660662
0
00:18:349: <MSG>: 
22.9523
12.1774
0.423637
0.107079
12.256
0.0827541
-0.0843006
-0.00157322
0
00:18:358: <MSG>: 
22.9523
12.1786
0.416834
0.107561
12.2536
0.0773292
-0.0826155
0.00428816
0
00:18:367: <MSG>: 
22.9523
12.1761
0.420736
0.107999
12.2495
0.0714695
-0.0806428
0.00968384
0
00:18:376: <MSG>: 
22.9523
12.1785
0.416024
0.10824
12.2464
0.066189
-0.0802105
0.0123702
0
00:18:386: <MSG>: 
22.9523
12.1785
0.416024
0.108517
12.2454
0.0632187
-0.0789004
0.0156863
0
00:18:395: <MSG>: 
22.9523
12.1804
0.421328
0.108974
12.244
0.0599574
-0.0775039
0.0210556
0
00:18:404: <MSG>: 
22.9523
12.1762
0.415107
0.10949
12.2421
0.0566828
-0.0775638
0.0266266
0
00:18:413: <MSG>: 
22.9523
12.1788
0.419974
0.110014
12.2386
0.0514468
-0.0784023
0.0319405
0
00:18:423: <MSG>: 
22.9523
12.1788
0.419974
0.110444
12.2354
0.0469994
-0.0776505
0.036612
0
00:18:431: <MSG>: 
22.9523
12.1736
0.421589
0.110267
12.2483
0.061613
-0.0756529
0.0342658
0
00:18:441: <MSG>: 
22.9523
12.181
0.422891
0.110621
12.2441
0.0550435
-0.0774394
0.0372955
0
00:18:449: <MSG>: 
22.9523
12.1772
0.417069
0.110588
12.2506
0.0618914
-0.0758981
0.0367831
0
00:18:459: <MSG>: 
22.9523
12.1772
0.417069
0.11058
12.2587
0.0700066
-0.0744086
0.0365271
0
00:18:469: <MSG>: 
22.9523
12.1804
0.418787
0.110391
12.2778
0.0903276
-0.0724572
0.0340066
0
00:18:478: <MSG>: 
22.9523
12.1756
0.420034
0.110282
12.2953
0.110035
-0.0706984
0.0326167
0
00:18:486: <MSG>: 
22.9523
12.1781
0.423583
0.110278
12.3141
0.130069
-0.0685664
0.0327995
0
00:18:496: <MSG>: 
22.9523
12.1781
0.423583
0.110322
12.3289
0.145177
-0.0666122
0.0335674
0
00:18:505: <MSG>: 
22.9523
12.1786
0.427032
0.110356
12.3456
0.163552
-0.065111
0.0341176
0
00:18:513: <MSG>: 
22.9523
12.1808
0.420975
0.110438
12.3673
0.186567
-0.0629386
0.0355217
0
00:18:523: <MSG>: 
22.9523
12.179
0.424049
0.110542
12.3452
0.160387
-0.0608001
0.036978
0
00:18:531: <MSG>: 
22.9523
12.179
0.424049
0.110645
12.324
0.135105
-0.0586629
0.0384173
0
00:18:541: <MSG>: 
22.9523
12.183
0.418642
0.11072
12.3027
0.108777
-0.056816
0.0393274
0
00:18:549: <MSG>: 
22.9523
12.1869
0.423579
0.110784
12.2817
0.0828319
-0.0546504
0.0401907
0
00:18:558: <MSG>: 
22.9523
12.1944
0.42197
0.110828
12.2643
0.0616896
-0.0525583
0.0407561
0
00:18:567: <MSG>: 
22.9523
12.1944
0.42197
0.110768
12.244
0.0373828
-0.0505613
0.0398648
0
00:18:576: <MSG>: 
22.9523
12.207
0.431119
0.111002
12.2368
0.0281696
-0.0481748
0.043157
0
00:18:585: <MSG>: 
22.9523
12.2152
0.422465
0.111117
12.2248
0.0130942
-0.0459021
0.0447462
0
00:18:594: <MSG>: 
22.9523
12.2192
0.423146
0.110688
12.2139
-0.000413563
-0.0537934
0.0370809
0
00:18:605: <MSG>: 
22.9523
12.2192
0.423146
0.110181
12.2054
-0.010449
-0.0618726
0.0285522
0
00:18:614: <MSG>: 
22.9523
12.2148
0.425069
0.109694
12.1955
-0.0212235
-0.0687881
0.0207045
0
00:18:623: <MSG>: 
22.9523
12.2106
0.427582
0.109192
12.1871
-0.0303363
-0.0755007
0.0128052
0
00:18:632: <MSG>: 
22.9523
12.2061
0.429026
0.108733
12.1792
-0.0385004
-0.0818844
0.0055559
0
00:18:642: <MSG>: 
22.9523
12.2056
0.425456
0.108318
12.1744
-0.042971
-0.0878267
-0.000984251
0
00:18:651: <MSG>: 
22.9523
12.2056
0.425456
0.107774
12.1714
-0.0453216
-0.0932548
-0.00879712
0
00:18:661: <MSG>: 
22.9523
12.2044
0.426974
0.107635
12.1655
-0.052025
-0.0979481
-0.0116729
0
00:18:670: <MSG>: 
22.9523
12.2062
0.418279
0.107737
12.1557
-0.0630269
-0.102044
-0.0115776
1
00:18:679: <MSG>: 
22.9523
12.2026
0.427669
0.107722
12.1486
-0.0702994
-0.105245
-0.0125743
0
00:18:688: <MSG>: 
22.9523
12.1983
0.414098
0.107496
12.143
-0.0752885
-0.109741
-0.0163928
0
00:18:697: <MSG>: 
22.9523
12.1983
0.414098
0.107326
12.1372
-0.0804519
-0.113779
-0.0193871
0
00:18:706: <MSG>: 
22.9523
12.1963
0.425609
0.107028
12.1348
-0.0817238
-0.116546
-0.0235071
0
00:18:715: <MSG>: 
22.9523
12.1954
0.420108
0.106609
12.1341
-0.0806144
-0.119412
-0.029065
0
00:18:724: <MSG>: 
22.9523
12.1953
0.426392
0.10655
12.1292
-0.0852985
-0.121468
-0.0300367
0
00:18:734: <MSG>: 
22.9523
12.1953
0.426392
0.106284
12.1286
-0.0841265
-0.123002
-0.03333
0
00:18:743: <MSG>: 
22.9523
12.1914
0.413904
0.105959
12.1282
-0.0828105
-0.125392
-0.0375676
0
00:18:752: <MSG>: 
22.9523
12.1849
0.426048
0.10563
12.1295
-0.079213
-0.126764
-0.0415068
0
00:18:762: <MSG>: 
22.9523
12.1823
0.414077
0.105359
12.13
-0.0764661
-0.127902
-0.0446588
0
00:18:771: <MSG>: 
22.9523
12.1823
0.414077
0.104992
12.1326
-0.0721925
-0.128693
-0.0488815
0
00:18:780: <MSG>: 
22.9523
12.1797
0.411405
0.104917
12.1297
-0.0749832
-0.129358
-0.0494277
0
00:18:789: <MSG>: 
22.9523
12.1775
0.420766
0.104612
12.1326
-0.0708
-0.129859
-0.0527594
0
00:18:799: <MSG>: 
22.9523
12.1744
0.418261
0.104362
12.1349
-0.0669485
-0.13005
-0.0552925
0
00:18:808: <MSG>: 
22.9523
12.1701
0.398973
0.103968
12.14
-0.0595999
-0.130604
-0.059758
0
00:18:817: <MSG>: 
22.9523
12.1701
0.398973
0.103515
12.1479
-0.0490654
-0.130844
-0.0648471
0
00:18:826: <MSG>: 
22.9523
12.1724
0.405451
0.102183
12.1829
-0.00409314
-0.128424
-0.080488
0
00:18:835: <MSG>: 
22.9523
12.1882
0.399633
0.101737
12.1873
-0.00048382
-0.130839
-0.0859143
0
00:18:844: <MSG>: 
22.9523
12.1723
0.358564
0.101442
12.1901
0.00346886
-0.131753
-0.0889373
0
00:18:854: <MSG>: 
22.9523
12.1723
0.358564
0.101786
12.1868
-0.00229808
-0.130349
-0.0817347
0
00:18:863: <MSG>: 
23.0456
12.1562
0.366138
0.101754
12.183
-0.00750341
-0.108662
-0.080787
0
00:18:872: <MSG>: 
23.0456
12.1478
0.399389
0.102121
12.1803
-0.0121309
-0.106758
-0.073384
0
00:18:881: <MSG>: 
23.0456
12.1509
0.365015
0.102194
12.1785
-0.0165223
-0.107507
-0.0713608
0
00:18:890: <MSG>: 
23.0456
12.1509
0.365015
0.102473
12.1757
-0.021389
-0.106984
-0.0659484
0
00:18:900: <MSG>: 
23.0456
12.1508
0.329072
0.102643
12.1748
-0.0240074
-0.107417
-0.0624373
0
00:18:909: <MSG>: 
23.0456
12.1554
0.35944
0.102805
12.1733
-0.0269414
-0.108705
-0.0594096
0
00:18:919: <MSG>: 
23.0456
12.1598
0.368637
0.102865
12.1699
-0.031579
-0.109565
-0.0578624
0
00:18:928: <MSG>: 
23.0456
12.1598
0.368637
0.103247
12.1659
-0.0371977
-0.110271
-0.0515087
0
00:18:937: <MSG>: 
23.0456
12.1569
0.359244
0.102967
12.1743
-0.0279201
-0.111186
-0.0546403
0
00:18:946: <MSG>: 
23.0456
12.1583
0.39747
0.102876
12.1808
-0.0211978
-0.110075
-0.0547651
0
00:18:955: <MSG>: 
23.0456
12.1614
0.3775
0.102726
12.1891
-0.0131856
-0.110219
-0.056011
0
00:18:964: <MSG>: 
23.0456
12.1541
0.381047
0.102567
12.2035
0.00363302
-0.108798
-0.0568939
0
00:18:974: <MSG>: 
23.0456
12.1541
0.381047
0.102465
12.2198
0.0219673
-0.107364
-0.0569984
0
00:18:983: <MSG>: 
23.0456
12.1599
0.367489
0.102275
12.2419
0.046691
-0.106727
-0.0584771
0
00:18:992: <MSG>: 
23.0456
12.1582
0.389345
0.102336
12.2585
0.0661471
-0.105038
-0.0563489
0
00:19:001: <MSG>: 
23.0456
12.1582
0.369632
0.102365
12.2281
0.0294075
-0.104048
-0.055121
0
00:19:010: <MSG>: 
23.0456
12.1582
0.369632
0.102304
12.1961
-0.00832532
-0.102806
-0.0549862
0
00:19:019: <MSG>: 
23.0456
12.1561
0.387709
0.1023
12.1652
-0.044123
-0.100894
-0.053948
0
00:19:028: <MSG>: 
23.0456
12.1629
0.380872
0.102259
12.1402
-0.0734337
-0.099388
-0.0534456
0
00:19:037: <MSG>: 
23.0456
12.1666
0.376952
0.102287
12.1143
-0.103375
-0.0970386
-0.0518351
0
00:19:046: <MSG>: 
23.0456
12.1666
0.376952
0.102308
12.0923
-0.128796
-0.0946551
-0.050302
0
00:19:055: <MSG>: 
23.0456
12.171
0.382223
0.102492
12.077
-0.146901
-0.0925362
-0.0466536
0
00:19:064: <MSG>: 
23.0456
12.17
0.376784
0.102455
12.0755
-0.146919
-0.0927624
-0.0466587
0
00:19:073: <MSG>: 
23.0456
12.1673
0.377266
0.102413
12.0742
-0.146936
-0.0930363
-0.0466636
0
00:19:081: <MSG>: 
23.0456
12.1673
0.377266
0.102372
12.0729
-0.146953
-0.0933055
-0.0466687
0
00:19:090: <MSG>: 
23.0456
12.1634
0.38397
0.102333
12.0719
-0.146968
-0.0935907
-0.0466731
0
00:19:101: <MSG>: 
23.0456
12.1551
0.391672
0.101982
12.0764
-0.138203
-0.0998145
-0.0528371
0
00:19:110: <MSG>: 
23.0456
12.1489
0.37683
0.101497
12.0833
-0.127227
-0.106315
-0.0610222
0
00:19:119: <MSG>: 
23.0456
12.1489
0.37683
0.101244
12.0879
-0.119634
-0.112099
-0.0654248
0
00:19:129: <MSG>: 
23.0456
12.1392
0.394073
0.101118
12.0931
-0.111103
-0.116183
-0.0673916
0
00:19:138: <MSG>: 
23.0456
12.1396
0.387991
0.100955
12.102
-0.099652
-0.11911
-0.0695296
0
00:19:147: <MSG>: 
23.0456
12.1333
0.395428
0.100914
12.109
-0.0895928
-0.121033
-0.0696389
0
00:19:156: <MSG>: 
23.0456
12.1373
0.387333
0.100887
12.114
-0.08332
-0.123667
-0.0697364
0
00:19:165: <MSG>: 
23.0456
12.1373
0.387333
0.100839
12.1195
-0.0764078
-0.125586
-0.0699317
1
00:19:174: <MSG>: 
23.0456
12.1362
0.394713
0.100872
12.1217
-0.0732758
-0.126943
-0.0688535
0
00:19:183: <MSG>: 
23.0456
12.1385
0.383894
0.100853
12.1253
-0.0689499
-0.128773
-0.0686512
0
00:19:193: <MSG>: 
23.0456
12.1363
0.391022
0.10086
12.1293
-0.0640254
-0.130241
-0.0679091
0
00:19:202: <MSG>: 
23.0456
12.1363
0.391022
0.101323
12.124
-0.071326
-0.124777
-0.0596969
0
00:19:212: <MSG>: 
23.0456
12.1333
0.380939
0.101683
12.1184
-0.0785363
-0.120078
-0.0531036
0
00:19:221: <MSG>: 
23.0456
12.1388
0.380955
0.102052
12.1134
-0.0861413
-0.115429
-0.0464986
0
00:19:231: <MSG>: 
23.0456
12.14
0.384835
0.102515
12.109
-0.0916612
-0.110782
-0.0387754
0
00:19:239: <MSG>: 
23.0456
12.14
0.384835
0.102957
12.1056
-0.0963859
-0.106173
-0.0314423
0
00:19:249: <MSG>: 
23.0456
12.1453
0.388276
0.103133
12.1019
-0.10151
-0.101865
-0.0276272
0
00:19:258: <MSG>: 
23.0456
12.1405
0.383309
0.103367
12.0982
-0.105019
-0.0980789
-0.0232672
0
00:19:267: <MSG>: 
23.0456
12.1414
0.372776
0.103649
12.0974
-0.106486
-0.0947577
-0.0184641
0
00:19:277: <MSG>: 
23.0456
12.133
0.414208
0.103354
12.0949
-0.110422
-0.0938423
-0.0217348
0
00:19:286: <MSG>: 
23.0456
12.133
0.414208
0.103633
12.093
-0.113273
-0.0918685
-0.0173465
0
00:19:295: <MSG>: 
23.0456
12.1269
0.398452
0.103943
12.0906
-0.115164
-0.0876463
-0.0119802
0
00:19:304: <MSG>: 
23.0456
12.1199
0.401842
0.104583
12.0902
-0.114718
-0.082252
-0.00211304
0
00:19:314: <MSG>: 
22.942
12.1175
0.432754
0.105321
12.0917
-0.112818
-0.0997398
0.00885568
0
00:19:323: <MSG>: 
22.942
12.1175
0.432754
0.106024
12.0935
-0.110487
-0.0958987
0.0187954
0
00:19:332: <MSG>: 
22.942
12.1207
0.422265
0.10661
12.0946
-0.108318
-0.0907723
0.0274991
0
00:19:342: <MSG>: 
22.942
12.1163
0.367221
0.107061
12.095
-0.106755
-0.0877108
0.0337449
0
00:19:351: <MSG>: 
22.942
12.1188
0.394879
0.107619
12.0981
-0.103576
-0.0846872
0.0412595
0
00:19:360: <MSG>: 
22.942
12.1162
0.417347
0.107982
12.0993
-0.100782
-0.0816028
0.0462506
0
00:19:370: <MSG>: 
22.942
12.1162
0.417347
0.108225
12.1012
-0.0977454
-0.0792579
0.0494128
0
00:19:379: <MSG>: 
22.942
12.1159
0.386008
0.108455
12.1036
-0.0947684
-0.0781162
0.0520682
0
00:19:388: <MSG>: 
22.942
12.1149
0.416745
0.108911
12.1037
-0.0927051
-0.0765228
0.0576247
0
00:19:398: <MSG>: 
22.942
12.1276
0.415652
0.109196
12.1049
-0.091437
-0.0768636
0.060338
0
00:19:406: <MSG>: 
22.942
12.1276
0.415652
0.10957
12.1074
-0.0878523
-0.0750911
0.0648436
0
00:19:416: <MSG>: 
22.942
12.1218
0.4136
0.109956
12.1076
-0.0857437
-0.0728535
0.0695569
0
00:19:425: <MSG>: 
22.942
12.1186
0.399094
0.11048
12.1072
-0.0859395
-0.0744062
0.0747581
0
00:19:434: <MSG>: 
22.942
12.1188
0.419365
0.110366
12.1209
-0.069318
-0.0715271
0.0731
0
00:19:443: <MSG>: 
22.942
12.1188
0.419365
0.110297
12.1361
-0.0508879
-0.068679
0.0720327
0
00:19:452: <MSG>: 
22.942
12.1195
0.398959
0.110323
12.1514
-0.0322149
-0.0659794
0.07228
0
00:19:461: <MSG>: 
22.942
12.1165
0.4099
0.110461
12.1619
-0.0195717
-0.063119
0.0741208
0
00:19:470: <MSG>: 
22.942
12.1171
0.409567
0.11039
12.1812
0.00374101
-0.0606777
0.0729715
0
00:19:479: <MSG>: 
22.942
12.1171
0.409567
0.110524
12.1968
0.0224039
-0.0577795
0.0748318
0
00:19:489: <MSG>: 
22.942
12.1203
0.399442
0.110577
12.218
0.0472583
-0.0554644
0.0753236
0
00:19:498: <MSG>: 
22.942
12.119
0.403278
0.110681
12.2407
0.0748569
-0.0531487
0.0765656
0
00:19:506: <MSG>: 
22.942
12.1224
0.403
0.110737
12.2418
0.0748534
-0.0525104
0.0765624
0
00:19:515: <MSG>: 
22.942
12.1213
0.399291
0.110797
12.2421
0.0748502
-0.0519137
0.0765594
0
00:19:524: <MSG>: 
22.942
12.1213
0.399291
0.11086
12.2428
0.0748467
-0.0512493
0.0765562
0
00:19:533: <MSG>: 
22.942
12.1291
0.395212
0.110921
12.2436
0.0748438
-0.0505738
0.0765536
0
00:19:542: <MSG>: 
22.942
12.1324
0.409282
0.11098
12.2442
0.0748404
-0.0499406
0.0765505
0
00:19:551: <MSG>: 
22.942
12.1324
0.409282
0.111102
12.2304
0.0610055
-0.0462966
0.0781304
0
00:19:560: <MSG>: 
22.942
12.1396
0.397097
0.110992
12.207
0.0353936
-0.042602
0.0765128
0
00:19:569: <MSG>: 
22.942
12.1471
0.403069
0.110861
12.186
0.0122146
-0.0391322
0.0746318
0
00:19:579: <MSG>: 
22.942
12.1548
0.404109
0.110801
12.1719
-0.00301681
-0.0366857
0.0734353
0
00:19:588: <MSG>: 
22.942
12.1576
0.399343
0.110723
12.1575
-0.0184642
-0.0339079
0.0721104
0
00:19:598: <MSG>: 
22.942
12.1576
0.399343
0.109782
12.1595
-0.0142001
-0.0428164
0.0569759
0
00:19:607: <MSG>: 
22.942
12.1553
0.390593
0.10966
12.1558
-0.0184444
-0.0495665
0.0527251
0
00:19:616: <MSG>: 
22.942
12.1553
0.399225
0.109507
12.1538
-0.0206449
-0.0556247
0.0483762
0
00:19:626: <MSG>: 
22.942
12.1519
0.392873
0.109325
12.1518
-0.0228364
-0.0620929
0.0436192
0
00:19:636: <MSG>: 
22.942
12.1519
0.392873
0.109079
12.1522
-0.0219573
-0.0682369
0.0381962
0
00:19:645: <MSG>: 
22.942
12.152
0.396419
0.108666
12.1535
-0.0196261
-0.0738724
0.0310013
0
00:19:655: <MSG>: 
22.942
12.1515
0.394079
0.108546
12.148
-0.0244759
-0.0707898
0.029774
0
00:19:664: <MSG>: 
22.942
12.1497
0.398148
0.108603
12.1439
-0.0294424
-0.07587
0.0285803
0
00:19:674: <MSG>: 
22.942
12.152
0.391061
0.108594
12.1403
-0.0321178
-0.0794603
0.0269927
1
00:19:684: <MSG>: 
22.942
12.152
0.391061
0.108496
12.138
-0.0332263
-0.082965
0.0243844
0
00:19:693: <MSG>: 
22.942
12.1538
0.39145
0.108316
12.1375
-0.032331
-0.0862983
0.0208611
0
00:19:703: <MSG>: 
22.942
12.1537
0.391176
0.108128
12.1366
-0.0316032
-0.0897963
0.0172418
0
00:19:712: <MSG>: 
22.942
12.1509
0.390014
0.10812
12.1333
-0.0344985
-0.0932188
0.0159017
0
00:19:722: <MSG>: 
22.942
12.1503
0.396656
0.107928
12.1333
-0.0333702
-0.0956674
0.0125971
0
00:19:731: <MSG>: 
22.942
12.1503
0.396656
0.107762
12.1328
-0.033003
-0.098223
0.00961667
0
00:19:740: <MSG>: 
22.942
12.1526
0.393581
0.107689
12.132
-0.0330607
-0.0999567
0.00807225
0
00:19:750: <MSG>: 
22.942
12.1533
0.394441
0.10762
12.1312
-0.0331156
-0.101766
0.00656716
0
00:19:759: <MSG>: 
22.942
12.1548
0.396545
0.107462
12.1325
-0.030495
-0.103192
0.00408899
0
00:19:768: <MSG>: 
22.942
12.1526
0.394924
0.10724
12.1357
-0.0251156
-0.103927
0.00104853
0
00:19:777: <MSG>: 
22.942
12.1526
0.394924
0.107183
12.1364
-0.0232398
-0.104583
0.000123047
0
00:19:787: <MSG>: 
22.942
12.1491
0.38822
0.107071
12.1388
-0.019226
-0.104941
-0.00139573
0
00:19:796: <MSG>: 
22.942
12.1436
0.393521
0.106986
12.1398
-0.0175041
-0.105027
-0.00248467
0
00:19:806: <MSG>: 
22.942
12.1485
0.456386
0.107029
12.1459
-0.0111801
-0.101627
-0.000932278
0
00:19:815: <MSG>: 
22.942
12.1485
0.456386
0.107032
12.1489
-0.00758427
-0.0995876
-0.000299791
0
00:19:825: <MSG>: 
22.942
12.1523
0.466709
0.107283
12.1562
0.0017679
-0.0927841
0.00485871
0
00:19:835: <MSG>: 
23.0248
12.1341
0.419051
0.107276
12.1625
0.00948511
-0.0711533
0.00571821
0
00:19:844: <MSG>: 
23.0248
12.1439
0.43218
0.107303
12.1706
0.0178309
-0.0675379
0.007058
0
00:19:853: <MSG>: 
23.0248
12.1354
0.434294
0.107621
12.1711
0.0174683
-0.0632117
0.0127679
0
00:19:862: <MSG>: 
23.0248
12.1354
0.434294
0.107909
12.1725
0.0175815
-0.0575164
0.0183561
0
00:19:872: <MSG>: 
23.0248
12.1304
0.387448
0.1083
12.1745
0.0166727
-0.0542426
0.0245978
0
00:19:881: <MSG>: 
23.0248
12.1329
0.396218
0.108616
12.1758
0.016863
-0.0510833
0.029655
0
00:19:891: <MSG>: 
23.0248
12.145
0.425448
0.108763
12.1777
0.0171396
-0.0485051
0.0320493
0
00:19:900: <MSG>: 
23.0248
12.1475
0.415572
0.109097
12.1777
0.0161833
-0.0487512
0.0362335
0
00:19:909: <MSG>: 
23.0248
12.1475
0.415572
0.1094
12.1799
0.0170302
-0.0479428
0.0402005
0
00:19:918: <MSG>: 
23.0248
12.149
0.418248
0.109604
12.1832
0.0203574
-0.0448971
0.0431443
0
00:19:927: <MSG>: 
23.0248
12.1535
0.44603
0.109609
12.1967
0.0354955
-0.0408967
0.0439445
0
00:19:937: <MSG>: 
23.0248
12.1482
0.427503
0.109617
12.2132
0.0545291
-0.0365688
0.0448331
0
00:19:946: <MSG>: 
23.0248
12.1482
0.427503
0.109626
12.2282
0.0708518
-0.0323808
0.0457242
0
00:19:955: <MSG>: 
23.0248
12.1458
0.431873
0.109677
12.2445
0.0887701
-0.0280719
0.0471865
0
00:19:964: <MSG>: 
23.0248
12.1495
0.435765
0.109762
12.262
0.107999
-0.0236564
0.0491414
0
00:19:974: <MSG>: 
23.0248
12.156
0.436259
0.109983
12.2766
0.123172
-0.0196072
0.0526323
0
00:19:983: <MSG>: 
23.0248
12.156
0.436259
0.110203
12.2938
0.142002
-0.0152074
0.0562031
0
00:19:992: <MSG>: 
23.0248
12.1531
0.429534
0.110438
12.3114
0.161517
-0.0114375
0.0597595
0
00:20:001: <MSG>: 
23.0248
12.1572
0.432845
0.110642
12.3302
0.180897
-0.00804464
0.0627477
0
00:20:010: <MSG>: 
23.0248
12.1578
0.432929
0.110891
12.3502
0.202461
-0.00435329
0.0664558
0
00:20:019: <MSG>: 
23.0248
12.1663
0.424876
0.111095
12.3777
0.231781
-0.000612302
0.0695419
0
00:20:029: <MSG>: 
23.0248
12.1663
0.424876
0.11129
12.3518
0.199969
0.00220349
0.0719009
0
00:20:037: <MSG>: 
23.0248
12.1676
0.438847
0.111336
12.3529
0.199985
0.00285855
0.0719079
0
00:20:046: <MSG>: 
23.0248
12.1816
0.425104
0.111384
12.3548
0.200002
0.00364661
0.0719148
0
00:20:054: <MSG>: 
23.0248
12.1816
0.425104
0.111433
12.3565
0.200017
0.00439753
0.071921
0
00:20:063: <MSG>: 
23.0248
12.1946
0.430854
0.111482
12.3575
0.200034
0.00510333
0.0719283
0
00:20:072: <MSG>: 
23.0248
12.2154
0.429867
0.111532
12.3597
0.200049
0.00596825
0.0719344
0
00:20:082: <MSG>: 
23.0248
12.2275
0.433564
0.112118
12.3652
0.204237
0.00963789
0.0796922
0
00:20:091: <MSG>: 
23.0248
12.2275
0.433564
0.112303
12.3485
0.183201
0.0131952
0.0820764
0
00:20:101: <MSG>: 
23.0248
12.2335
0.427129
0.111933
12.3372
0.16903
0.0085596
0.0741809
0
00:20:110: <MSG>: 
23.0248
12.2394
0.437844
0.111792
12.3281
0.156893
0.0041267
0.0697524
0
00:20:120: <MSG>: 
23.0248
12.2347
0.429168
0.11156
12.3205
0.147099
-0.00168214
0.0636903
0
00:20:129: <MSG>: 
23.0248
12.2374
0.428485
0.111478
12.3134
0.137264
-0.00650538
0.0601513
0
00:20:138: <MSG>: 
23.0248
12.2374
0.428485
0.111194
12.308
0.131005
-0.01019
0.0542665
0
00:20:147: <MSG>: 
23.0248
12.2347
0.432552
0.111002
12.3041
0.126926
-0.0138539
0.0497586
0
00:20:156: <MSG>: 
23.0248
12.2413
0.430484
0.110766
12.3041
0.126384
-0.0164063
0.0450573
0
00:20:165: <MSG>: 
23.0248
12.2369
0.431918
0.110726
12.3017
0.123338
-0.0186211
0.0432581
0
00:20:174: <MSG>: 
23.0248
12.2369
0.431918
0.110594
12.3014
0.123006
-0.0205557
0.0402822
0
00:20:184: <MSG>: 
23.0248
12.2369
0.427863
0.110646
12.298
0.117591
-0.0238784
0.0394184
1
00:20:193: <MSG>: 
23.0248
12.2314
0.429141
0.110722
12.2931
0.112224
-0.0260059
0.03926
0
00:20:203: <MSG>: 
23.0248
12.2357
0.422257
0.110949
12.2867
0.104015
-0.0282216
0.041071
0
00:20:212: <MSG>: 
23.0248
12.2357
0.422257
0.111044
12.2815
0.0971741
-0.0306235
0.0410115
0
00:20:222: <MSG>: 
23.0248
12.2351
0.425712
0.11107
12.2779
0.0926068
-0.0325658
0.0401711
0
00:20:231: <MSG>: 
23.0248
12.2345
0.423036
0.111072
12.2764
0.0906166
-0.0333893
0.0393647
0
00:20:241: <MSG>: 
23.0248
12.2332
0.427899
0.111103
12.2743
0.088
-0.0341441
0.0389778
0
00:20:250: <MSG>: 
23.0248
12.2323
0.422206
0.111015
12.2743
0.0881704
-0.0349666
0.0370355
0
00:20:259: <MSG>: 
23.0248
12.2323
0.422206
0.11084
12.2771
0.0916147
-0.0354099
0.034048
0
00:20:269: <MSG>: 
23.0248
12.2331
0.426579
0.110699
12.2801
0.0950046
-0.0357159
0.0315934
0
00:20:278: <MSG>: 
23.0248
12.2287
0.419641
0.110411
12.2873
0.104478
-0.0352417
0.0275179
0
00:20:287: <MSG>: 
23.0248
12.2315
0.425089
0.110325
12.2928
0.110567
-0.0339792
0.0264011
0
00:20:296: <MSG>: 
23.0248
12.2253
0.420621
0.110056
12.2985
0.117371
-0.0337443
0.0225542
0
00:20:305: <MSG>: 
23.0248
12.2253
0.420621
0.109961
12.302
0.120788
-0.0331003
0.0212102
0
00:20:315: <MSG>: 
23.0248
12.2272
0.456888
0.109839
12.3092
0.127827
-0.031319
0.0198584
0
00:20:324: <MSG>: 
23.0248
12.2083
0.4267
0.109824
12.3142
0.134273
-0.0288209
0.0202148
0
00:20:333: <MSG>: 
23.0665
12.2129
0.399087
0.109764
12.3204
0.140813
-0.0179691
0.0197217
0
00:20:342: <MSG>: 
23.0665
12.2129
0.399087
0.109389
12.3324
0.154234
-0.01749
0.0146787
0
00:20:352: <MSG>: 
23.0665
12.2329
0.437724
0.109361
12.3406
0.16154
-0.014535
0.0150274
0
00:20:361: <MSG>: 
23.0665
12.2452
0.41982
0.109815
12.3337
0.150578
-0.0117212
0.0209356
0
00:20:371: <MSG>: 
23.0665
12.2377
0.382573
0.110411
12.3277
0.140833
-0.0101582
0.0280801
0
00:20:380: <MSG>: 
23.0665
12.2377
0.382573
0.110828
12.3211
0.130861
-0.00985144
0.0326238
0
00:20:389: <MSG>: 
23.0665
12.2321
0.403551
0.11098
12.3165
0.123453
-0.0100463
0.0339221
0
00:20:398: <MSG>: 
23.0665
12.2376
0.433321
0.111397
12.3142
0.118582
-0.00898563
0.0386557
0
00:20:407: <MSG>: 
23.0665
12.2371
0.392813
0.111747
12.31
0.112182
-0.00902518
0.042234
0
00:20:417: <MSG>: 
23.0665
12.2451
0.419516
0.112249
12.3066
0.106086
-0.00699446
0.048122
0
00:20:425: <MSG>: 
23.0665
12.2451
0.419516
0.111908
12.3215
0.121623
-0.0059694
0.0432477
0
00:20:434: <MSG>: 
23.0665
12.2498
0.423518
0.111683
12.3347
0.135564
-0.0051345
0.0399268
0
00:20:443: <MSG>: 
23.0665
12.2477
0.420977
0.111704
12.3434
0.144532
-0.00355417
0.0402176
0
00:20:452: <MSG>: 
23.0665
12.2439
0.417327
0.111641
12.3568
0.159181
-0.0018837
0.0394096
0
00:20:461: <MSG>: 
23.0665
12.2439
0.417327
0.111576
12.3728
0.176537
-0.000238776
0.0385948
0
00:20:470: <MSG>: 
23.0665
12.2476
0.424337
0.111559
12.3875
0.191697
0.00175838
0.038566
0
00:20:479: <MSG>: 
23.0665
12.2478
0.414582
0.111481
12.4074
0.212589
0.00344199
0.0376447
0
00:20:488: <MSG>: 
23.0665
12.2451
0.420615
0.111448
12.4281
0.234661
0.00511608
0.037335
0
00:20:497: <MSG>: 
23.0665
12.2451
0.420615
0.111428
12.4462
0.253866
0.0056493
0.0368491
0
00:20:506: <MSG>: 
23.0665
12.2499
0.440556
0.111512
12.4635
0.270957
0.00735978
0.0381413
0
00:20:515: <MSG>: 
23.0665
12.254
0.42776
0.111535
12.4873
0.29616
0.00873874
0.0385331
0
00:20:525: <MSG>: 
23.0665
12.2579
0.430265
0.11161
12.5123
0.322257
0.0102436
0.0396404
0
00:20:534: <MSG>: 
23.0665
12.2579
0.430265
0.111689
12.4892
0.293369
0.0114977
0.0404746
0
00:20:542: <MSG>: 
23.0665
12.2614
0.414983
0.11175
12.4686
0.267945
0.0128202
0.0411199
0
00:20:552: <MSG>: 
23.0665
12.2674
0.418054
0.111674
12.4456
0.239483
0.0137963
0.0397315
0
00:20:560: <MSG>: 
23.0665
12.2768
0.413902
0.111548
12.4216
0.209448
0.0146267
0.0376524
0
00:20:570: <MSG>: 
23.0665
12.2768
0.413902
0.111414
12.3982
0.179922
0.0155505
0.0355068
0
00:20:578: <MSG>: 
23.0665
12.2927
0.430606
0.111433
12.3999
0.179938
0.0160118
0.0355105
0
00:20:587: <MSG>: 
23.0665
12.3083
0.422163
0.111455
12.4013
0.179953
0.0164839
0.035514
0
00:20:596: <MSG>: 
23.0665
12.3174
0.417436
0.110175
12.3886
0.163789
0.00578629
0.0173145
0
00:20:605: <MSG>: 
23.0665
12.3174
0.417436
0.109568
12.3743
0.14449
-0.00311925
0.00749623
0
00:20:614: <MSG>: 
23.0665
12.3176
0.423007
0.108994
12.364
0.130353
-0.0111579
-0.00157251
0
00:20:624: <MSG>: 
23.0665
12.3121
0.418099
0.108572
12.3542
0.116704
-0.017966
-0.00841849
0
00:20:633: <MSG>: 
23.0665
12.3086
0.429842
0.108387
12.345
0.103869
-0.0239078
-0.0121972
0
00:20:643: <MSG>: 
23.0665
12.3086
0.429842
0.108158
12.3365
0.0922312
-0.0292212
-0.0162592
0
00:20:652: <MSG>: 
23.0665
12.3071
0.426941
0.108094
12.3259
0.0771035
-0.0347794
-0.0184672
0
00:20:662: <MSG>: 
23.0665
12.3077
0.430456
0.108012
12.3152
0.0628952
-0.0395701
-0.020616
0
00:20:671: <MSG>: 
23.0665
12.307
0.423395
0.107783
12.3068
0.0520651
-0.0445386
-0.0244894
0
00:20:680: <MSG>: 
23.0665
12.3055
0.424662
0.1078
12.2959
0.038958
-0.0480155
-0.0250457
1
00:20:690: <MSG>: 
23.0665
12.3055
0.424662
0.107613
12.2885
0.0308472
-0.0512445
-0.0278987
0
00:20:698: <MSG>: 
23.0665
12.3047
0.416664
0.107285
12.2835
0.0256707
-0.0548429
-0.032508
0
00:20:708: <MSG>: 
23.0665
12.3031
0.420611
0.106981
12.2785
0.0209888
-0.0582337
-0.0366967
0
00:20:717: <MSG>: 
23.0665
12.3009
0.422376
0.106494
12.2781
0.0221965
-0.0609938
-0.0428448
0
00:20:727: <MSG>: 
23.0665
12.3009
0.422376
0.106582
12.2676
0.00787792
-0.057658
-0.0400662
0
00:20:736: <MSG>: 
23.0665
12.2971
0.421486
0.106678
12.2579
-0.00508963
-0.0542699
-0.037231
0
00:20:745: <MSG>: 
23.0665
12.2937
0.424897
0.10692
12.25
-0.0158699
-0.0514095
-0.0324083
0
00:20:755: <MSG>: 
23.0665
12.2899
0.422526
0.10708
12.2424
-0.0262517
-0.0482199
-0.0287674
0
00:20:764: <MSG>: 
23.0665
12.2843
0.428485
0.107419
12.2359
-0.0348261
-0.0454504
-0.0227103
0
00:20:774: <MSG>: 
23.0665
12.2843
0.428485
0.107633
12.2295
-0.0432157
-0.0426199
-0.0185491
0
00:20:783: <MSG>: 
23.0665
12.2821
0.42513
0.107819
12.2237
-0.0507959
-0.0398545
-0.0148791
0
00:20:792: <MSG>: 
23.0665
12.2757
0.429613
0.108133
12.2185
-0.0573252
-0.0372584
-0.00947459
0
00:20:802: <MSG>: 
23.0665
12.2734
0.427067
0.108408
12.2135
-0.0644783
-0.0346911
-0.00472749
0
00:20:812: <MSG>: 
23.0665
12.2734
0.427067
0.108734
12.2093
-0.0701949
-0.0324123
0.000569638
0
00:20:822: <MSG>: 
23.0665
12.2663
0.433356
0.109181
12.2055
-0.0749667
-0.03014
0.00747768
0
00:20:831: <MSG>: 
23.0665
12.2648
0.425976
0.109484
12.2022
-0.0797681
-0.0277339
0.0122789
0
00:20:840: <MSG>: 
23.0665
12.2576
0.432699
0.110011
12.1994
-0.0833055
-0.0266168
0.0197542
0
00:20:850: <MSG>: 
23.0665
12.2544
0.422652
0.110475
12.1974
-0.0867884
-0.0260196
0.0260302
0
00:20:860: <MSG>: 
23.0665
12.2544
0.422652
0.110733
12.1953
-0.0892873
-0.0256169
0.0292643
0
00:20:869: <MSG>: 
23.0665
12.2489
0.432125
0.111138
12.1939
-0.0908502
-0.0261434
0.0342016
0
00:20:879: <MSG>: 
23.0665
12.2458
0.427215
0.111209
12.1938
-0.0914579
-0.026984
0.0343489
0
00:20:888: <MSG>: 
23.0665
12.2431
0.436349
0.11074
12.2063
-0.073723
-0.0271923
0.0286867
0
00:20:898: <MSG>: 
23.0665
12.2427
0.43882
0.110356
12.2201
-0.0543514
-0.0264319
0.0243061
0
00:20:907: <MSG>: 
23.0665
12.2427
0.43882
0.110036
12.2312
-0.0397353
-0.025577
0.0206952
0
00:20:916: <MSG>: 
23.0665
12.242
0.437689
0.109742
12.2433
-0.0242608
-0.0247282
0.0174045
0
00:20:925: <MSG>: 
23.0665
12.2363
0.434761
0.109329
12.2607
-0.00181739
-0.0239116
0.0127869
0
00:20:934: <MSG>: 
23.0665
12.2377
0.432667
0.109275
12.2709
0.0109907
-0.0222688
0.0125641
0
00:20:943: <MSG>: 
23.0665
12.2348
0.438495
0.109165
12.2863
0.0311303
-0.0201319
0.0118824
0
00:20:952: <MSG>: 
23.0665
12.2348
0.438495
0.109051
12.3045
0.0537724
-0.0180265
0.0111449
0
00:20:961: <MSG>: 
23.0665
12.2402
0.436145
0.108961
12.3224
0.0744254
-0.0160759
0.0106431
0
00:20:971: <MSG>: 
23.0665
12.2377
0.442207
0.108913
12.3407
0.0963427
-0.0138097
0.0107677
0
00:20:980: <MSG>: 
23.0665
12.2443
0.437425
0.108892
12.3609
0.119725
-0.0118361
0.0111158
0
00:20:989: <MSG>: 
23.0665
12.2443
0.437425
0.108884
12.3828
0.14523
-0.00994705
0.0116199
0
00:20:999: <MSG>: 
23.0665
12.2434
0.444508
0.108813
12.4162
0.184353
-0.00738496
0.0116167
0
00:21:008: <MSG>: 
23.0665
12.2475
0.440929
0.10884
12.3823
0.144734
-0.00506141
0.0123148
0
00:21:017: <MSG>: 
23.0665
12.2501
0.448741
0.108951
12.412
0.178314
-0.00208173
0.0146604
0
00:21:026: <MSG>: 
23.0665
12.2501
0.448741
0.10906
12.379
0.138736
0.001078
0.0166257
0
00:21:035: <MSG>: 
23.0665
12.2555
0.445468
0.109152
12.3506
0.104983
0.00395103
0.0182905
0
00:21:044: <MSG>: 
23.0665
12.266
0.448144
0.10924
12.325
0.0741009
0.00697903
0.0199529
0
00:21:054: <MSG>: 
23.0665
12.2757
0.447257
0.109319
12.2986
0.0436538
0.00990365
0.0214564
0
00:21:063: <MSG>: 
23.0665
12.2757
0.447257
0.109454
12.2783
0.0197342
0.0124815
0.0235988
0
00:21:072: <MSG>: 
23.0665
12.2867
0.441947
0.109609
12.2599
-0.00343386
0.0152207
0.0260135
0
00:21:081: <MSG>: 
23.0665
12.2865
0.442287
0.109826
12.2434
-0.0225609
0.0176828
0.0291538
0
00:21:090: <MSG>: 
23.0665
12.2875
0.437852
0.109966
12.2296
-0.0396826
0.0198313
0.0311794
0
00:21:099: <MSG>: 
23.0665
12.2751
0.445392
0.110183
12.2157
-0.055357
0.0224461
0.0343596
0
00:21:108: <MSG>: 
23.0665
12.2751
0.445392
0.110375
12.2041
-0.0687589
0.0251241
0.0371715
0
00:21:118: <MSG>: 
23.0665
12.2715
0.443376
0.109754
12.2072
-0.0623959
0.0209807
0.0257331
0
00:21:127: <MSG>: 
23.0665
12.2648
0.447836
0.109383
12.2104
-0.0566463
0.017391
0.0186105
0
00:21:137: <MSG>: 
23.0665
12.2629
0.441907
0.109198
12.2127
-0.0535397
0.0132387
0.0142873
0
00:21:146: <MSG>: 
23.0665
12.2629
0.441907
0.109004
12.2145
-0.0505867
0.00983782
0.0101402
0
00:21:156: <MSG>: 
23.0665
12.2567
0.438047
0.108926
12.2155
-0.0493402
0.00596631
0.00769956
0
00:21:165: <MSG>: 
23.0665
12.245
0.438551
0.108635
12.2195
-0.0432417
0.00323716
0.00244387
0
00:21:175: <MSG>: 
23.0665
12.2416
0.441976
0.108522
12.2213
-0.0410812
0.000593516
-2.58188e-05
1
00:21:184: <MSG>: 
23.0665
12.2372
0.443468
0.108515
12.2216
-0.0402507
-0.00214798
-0.000893395
0
00:21:194: <MSG>: 
23.0665
12.2372
0.443468
0.10823
12.2252
-0.0351534
-0.00448422
-0.00578778
0
00:21:203: <MSG>: 
23.0665
12.245
0.439245
0.108189
12.2247
-0.0361338
-0.00717388
-0.00707815
0
00:21:212: <MSG>: 
23.0665
12.2402
0.440818
0.108326
12.2215
-0.0394656
-0.00869899
-0.00535868
0
00:21:221: <MSG>: 
23.0665
12.2439
0.430878
0.108435
12.2186
-0.0436383
-0.0109001
-0.00431848
0
00:21:231: <MSG>: 
23.0665
12.2439
0.430878
0.108266
12.2208
-0.0402858
-0.0124266
-0.00715554
0
00:21:240: <MSG>: 
23.0665
12.2381
0.435953
0.108281
12.2199
-0.0405041
-0.0133866
-0.00709145
0
00:21:249: <MSG>: 
23.0665
12.2388
0.430745
0.108265
12.2198
-0.0403844
-0.0147341
-0.00758691
0
00:21:259: <MSG>: 
23.0665
12.2384
0.433762
0.108234
12.2207
-0.038304
-0.0152062
-0.00803831
0
00:21:268: <MSG>: 
23.0665
12.2385
0.427671
0.108182
12.2215
-0.0367553
-0.0161714
-0.008929
0
00:21:278: <MSG>: 
23.0665
12.2385
0.427671
0.107931
12.2264
-0.0306638
-0.0168327
-0.0125732
0
00:21:287: <MSG>: 
23.0665
12.2386
0.444189
0.107425
12.2359
-0.0192738
-0.0181559
-0.0200328
0
00:21:296: <MSG>: 
23.0665
12.2489
0.494881
0.107517
12.2384
-0.0169076
-0.0164428
-0.0178791
0
00:21:306: <MSG>: 
22.942
12.2265
0.446623
0.10754
12.2428
-0.0110545
-0.0415921
-0.016564
0
00:21:315: <MSG>: 
22.942
12.2265
0.446623
0.107695
12.2477
-0.00501107
-0.0383238
-0.013074
0
00:21:324: <MSG>: 
22.942
12.2177
0.474549
0.107699
12.2583
0.00775814
-0.0341296
-0.0114714
0
00:21:334: <MSG>: 
22.942
12.2198
0.506949
0.10805
12.2598
0.0100392
-0.0288184
-0.004647
0
00:21:343: <MSG>: 
22.942
12.2191
0.447419
0.108379
12.2637
0.0143431
-0.0240259
0.00160476
0
00:21:352: <MSG>: 
22.942
12.2179
0.417383
0.1088
12.2574
0.00448546
-0.0194626
0.00802213
0
00:21:361: <MSG>: 
22.942
12.2179
0.417383
0.108817
12.249
-0.00716602
-0.016983
0.00881639
0
00:21:371: <MSG>: 
22.942
12.2241
0.459896
0.10916
12.2449
-0.0134379
-0.0145649
0.0135894
0
00:21:380: <MSG>: 
22.942
12.225
0.449175
0.109512
12.2403
-0.0205031
-0.0129942
0.0181594
0
00:21:389: <MSG>: 
22.942
12.2172
0.435299
0.110245
12.2363
-0.0254793
-0.00949098
0.027919
0
00:21:398: <MSG>: 
22.942
12.2172
0.435299
0.110683
12.2325
-0.0308707
-0.00923077
0.032969
0
00:21:407: <MSG>: 
22.942
12.2276
0.474856
0.111299
12.2298
-0.0348528
-0.00755934
0.0405227
0
00:21:417: <MSG>: 
22.942
12.2369
0.465321
0.111348
12.2424
-0.0216613
-0.00275668
0.0421825
0
00:21:427: <MSG>: 
22.942
12.2321
0.463574
0.11146
12.2547
-0.00786334
0.00214596
0.0448061
0
00:21:436: <MSG>: 
22.942
12.2278
0.471119
0.111619
12.2681
0.00703786
0.00729696
0.0481569
0
00:21:445: <MSG>: 
22.942
12.2278
0.471119
0.111787
12.2827
0.0233115
0.0122277
0.0515553
0
00:21:454: <MSG>: 
22.942
12.227
0.469833
0.111966
12.2989
0.0418153
0.0169231
0.054971
0
00:21:464: <MSG>: 
22.942
12.2286
0.462406
0.11221
12.3184
0.0636026
0.0225418
0.0595749
0
00:21:473: <MSG>: 
22.942
12.2286
0.467397
0.112556
12.3327
0.079908
0.0272642
0.0652499
0
00:21:482: <MSG>: 
22.942
12.2286
0.467397
0.112766
12.3519
0.100892
0.031744
0.0689246
0
00:21:491: <MSG>: 
22.942
12.2357
0.463174
0.113085
12.3701
0.120831
0.0364927
0.0740973
0
00:21:500: <MSG>: 
22.942
12.2359
0.456254
0.113402
12.3884
0.141208
0.0405569
0.0790041
0
00:21:509: <MSG>: 
22.942
12.2383
0.466192
0.113648
12.4168
0.172948
0.0450363
0.0829943
0
00:21:518: <MSG>: 
22.942
12.2383
0.466192
0.113699
12.4182
0.172973
0.0459156
0.0830068
0
00:21:526: <MSG>: 
22.942
12.2379
0.459514
0.113752
12.4195
0.172997
0.0468031
0.0830193
0
00:21:535: <MSG>: 
22.942
12.2419
0.454436
0.113805
12.421
0.173018
0.0477415
0.0830302
0
00:21:544: <MSG>: 
22.942
12.2487
0.468155
0.113859
12.4226
0.173042
0.0487005
0.083043
0
00:21:553: <MSG>: 
22.942
12.2487
0.468155
0.113914
12.4241
0.173063
0.0496514
0.083054
0
00:21:563: <MSG>: 
22.942
12.2593
0.465704
0.114069
12.3992
0.14426
0.0546171
0.0854423
0
00:21:572: <MSG>: 
22.942
12.272
0.460615
0.114198
12.3733
0.114227
0.0590172
0.087387
0
00:21:581: <MSG>: 
22.942
12.284
0.466217
0.114525
12.3566
0.0942411
0.0631356
0.0919183
0
00:21:590: <MSG>: 
22.942
12.284
0.466217
0.114668
12.3377
0.0720576
0.0668886
0.0937819
0
00:21:600: <MSG>: 
22.942
12.2889
0.469693
0.115153
12.3223
0.0513808
0.0646345
0.0972538
0
00:21:610: <MSG>: 
22.942
12.2887
0.461502
0.115117
12.3135
0.0401015
0.0601637
0.0941879
0
00:21:618: <MSG>: 
22.942
12.2874
0.463674
0.115101
12.3034
0.0276768
0.0546085
0.0911444
0
00:21:627: <MSG>: 
22.942
12.2874
0.463674
0.114907
12.2948
0.0183106
0.0508782
0.0866615
0
00:21:636: <MSG>: 
22.942
12.2819
0.463551
0.114846
12.2858
0.00775001
0.0474355
0.0837775
0
00:21:645: <MSG>: 
22.942
12.2808
0.45766
0.114827
12.2795
0.000351212
0.0427572
0.0810934
0
00:21:655: <MSG>: 
22.942
12.2794
0.461214
0.114446
12.2778
0.000100878
0.0392198
0.0746225
0
00:21:664: <MSG>: 
22.942
12.2788
0.458844
0.114459
12.2733
-0.00514522
0.0351567
0.0725332
0
00:21:673: <MSG>: 
22.942
12.2788
0.458844
0.114764
12.2649
-0.0144348
0.0328023
0.0744046
1
00:21:683: <MSG>: 
22.942
12.2762
0.458879
0.115173
12.256
-0.0241915
0.0313691
0.0776402
0
00:21:693: <MSG>: 
22.942
12.2757
0.458298
0.1153
12.2506
-0.029829
0.029477
0.077477
0
00:21:702: <MSG>: 
22.942
12.2714
0.462885
0.115387
12.2463
-0.0336667
0.028384
0.0772055
0
00:21:712: <MSG>: 
22.942
12.2714
0.462885
0.115458
12.2423
-0.0372338
0.0271296
0.0765804
0
00:21:721: <MSG>: 
22.942
12.271
0.455013
0.11551
12.2379
-0.0413814
0.0251084
0.0755252
0
00:21:730: <MSG>: 
22.942
12.2691
0.463084
0.11543
12.2371
-0.040471
0.0244949
0.0734507
0
00:21:740: <MSG>: 
22.942
12.2712
0.45857
0.115316
12.237
-0.0392419
0.0234086
0.0708398
0
00:21:750: <MSG>: 
22.942
12.2655
0.462741
0.1153
12.2359
-0.0388965
0.0229954
0.069584
0
00:21:759: <MSG>: 
22.942
12.2655
0.462741
0.115174
12.2375
-0.0352732
0.0227037
0.0671168
0
00:21:769: <MSG>: 
22.942
12.2628
0.459301
0.114581
12.2406
-0.0303469
0.0178371
0.0576823
0
00:21:778: <MSG>: 
22.942
12.2689
0.465461
0.114358
12.2455
-0.0223803
0.0173263
0.0541729
0
00:21:787: <MSG>: 
22.942
12.2357
0.42876
0.11419
12.2468
-0.0191884
0.0169113
0.0513726
0
00:21:796: <MSG>: 
22.942
12.2273
0.47175
0.114246
12.2494
-0.0164696
0.019355
0.05218
0
00:21:805: <MSG>: 
22.942
12.2273
0.47175
0.11426
12.2491
-0.0164106
0.0196074
0.0517615
0
00:21:815: <MSG>: 
22.942
12.2166
0.513861
0.114376
12.2502
-0.0142934
0.0221847
0.0533368
0
00:21:824: <MSG>: 
22.942
12.226
0.464462
0.114431
12.2523
-0.0122914
0.0236039
0.0537728
0
00:21:834: <MSG>: 
22.942
12.2279
0.444112
0.114372
12.2572
-0.00554923
0.0255036
0.0529447
0
00:21:843: <MSG>: 
22.942
12.2279
0.444112
0.114314
12.2578
-0.00459839
0.0252107
0.0514772
0
00:21:852: <MSG>: 
22.942
12.2402
0.472407
0.114866
12.2532
-0.0119935
0.0276289
0.0595047
0
00:21:861: <MSG>: 
22.942
12.2318
0.472716
0.11526
12.2485
-0.0177467
0.0299106
0.0649979
0
00:21:871: <MSG>: 
22.942
12.2293
0.458466
0.115438
12.2456
-0.0222451
0.0325387
0.0673817
0
00:21:880: <MSG>: 
22.942
12.2344
0.493904
0.11586
12.2451
-0.0235312
0.0357123
0.0734168
0
00:21:889: <MSG>: 
22.942
12.2344
0.493904
0.116282
12.244
-0.0258596
0.0375591
0.0789581
0
00:21:899: <MSG>: 
22.942
12.2391
0.472041
0.116613
12.2417
-0.0296667
0.0383624
0.0826794
0
00:21:908: <MSG>: 
22.942
12.2323
0.476987
0.116726
12.2441
-0.0261365
0.040011
0.0835424
0
00:21:917: <MSG>: 
22.942
12.2308
0.469733
0.117117
12.2429
-0.0282581
0.0403793
0.0879017
0
00:21:926: <MSG>: 
22.942
12.2308
0.469733
0.1175
12.2387
-0.033961
0.0403735
0.0920307
0
00:21:935: <MSG>: 
22.942
12.2354
0.479192
0.117539
12.2444
-0.0282342
0.042072
0.091869
0
00:21:945: <MSG>: 
22.942
12.2299
0.465193
0.117335
12.2583
-0.0124576
0.0432629
0.088677
0
00:21:954: <MSG>: 
22.942
12.2306
0.468479
0.1172
12.2727
0.00351017
0.0446599
0.0864389
0
00:21:963: <MSG>: 
22.942
12.2306
0.468479
0.11708
12.2889
0.0219569
0.0460367
0.0843841
0
00:21:972: <MSG>: 
22.942
12.2287
0.464194
0.116941
12.3038
0.0384239
0.0470234
0.0820377
0
00:21:981: <MSG>: 
22.942
12.2341
0.458722
0.116944
12.3163
0.0510579
0.0480062
0.0813623
0
00:21:990: <MSG>: 
22.942
12.2311
0.469328
0.116951
12.3314
0.068011
0.0490049
0.0808158
0
00:21:998: <MSG>: 
22.942
12.2311
0.469328
0.117008
12.3319
0.0680096
0.0496507
0.0808145
0
00:22:007: <MSG>: 
22.942
12.2318
0.454895
0.11707
12.3329
0.0680082
0.050385
0.0808131
0
00:22:016: <MSG>: 
22.942
12.2279
0.462612
0.117131
12.3329
0.0680067
0.0510302
0.0808117
0
00:22:025: <MSG>: 
22.942
12.2377
0.45928
0.117193
12.3341
0.0680054
0.0517983
0.0808105
0
00:22:033: <MSG>: 
22.942
12.2377
0.45928
0.117255
12.3347
0.0680039
0.0525043
0.0808091
0
00:22:043: <MSG>: 
22.942
12.2376
0.464501
0.117187
12.3063
0.0359134
0.0536981
0.0790556
0
00:22:053: <MSG>: 
22.942
12.2439
0.452765
0.117038
12.2779
0.00196857
0.0540872
0.0761071
0
00:22:062: <MSG>: 
22.942
12.2486
0.465097
0.116967
12.2505
-0.0303441
0.0554865
0.0744878
0
00:22:071: <MSG>: 
22.942
12.2486
0.465097
0.117016
12.2301
-0.054537
0.0572479
0.0745783
0
00:22:080: <MSG>: 
22.942
12.2489
0.458428
0.116947
12.2078
-0.0804849
0.0588625
0.0731097
0
00:22:089: <MSG>: 
22.942
12.2487
0.458824
0.116849
12.1866
-0.105388
0.0605107
0.0713663
0
00:22:098: <MSG>: 
22.942
12.2468
0.459339
0.1169
12.1851
-0.105391
0.0612181
0.0713681
0
00:22:107: <MSG>: 
22.942
12.2508
0.460252
0.116439
12.1837
-0.105436
0.0526895
0.0611042
0
00:22:116: <MSG>: 
22.942
12.2508
0.460252
0.116311
12.1811
-0.10756
0.0450166
0.0560397
0
00:22:125: <MSG>: 
22.942
12.2421
0.454377
0.115919
12.1788
-0.108176
0.0380363
0.0476133
0
00:22:135: <MSG>: 
22.942
12.2399
0.456481
0.115497
12.1786
-0.107051
0.0309435
0.0388555
0
00:22:144: <MSG>: 
22.942
12.2291
0.462554
0.115134
12.1796
-0.103577
0.0252333
0.0314797
0
00:22:154: <MSG>: 
22.942
12.2291
0.462554
0.114915
12.1805
-0.100694
0.0207908
0.0266033
0
00:22:164: <MSG>: 
22.942
12.2292
0.454856
0.114575
12.1848
-0.0953257
0.0161107
0.0201239
0
00:22:174: <MSG>: 
22.942
12.2256
0.46368
0.114524
12.1829
-0.0963412
0.0108445
0.0175143
1
00:22:183: <MSG>: 
22.942
12.2264
0.451569
0.11443
12.1812
-0.0981941
0.00506953
0.0142023
0
00:22:193: <MSG>: 
22.942
12.2264
0.451569
0.114524
12.1764
-0.103207
0.000884659
0.0139783
0
00:22:202: <MSG>: 
22.942
12.2273
0.455249
0.114636
12.1707
-0.108945
-0.00325875
0.0139857
0
00:22:212: <MSG>: 
22.942
12.2264
0.446633
0.114557
12.1684
-0.110269
-0.00670418
0.0116276
0
00:22:221: <MSG>: 
22.942
12.227
0.455751
0.114432
12.1684
-0.109299
-0.00921046
0.00897666
0
00:22:231: <MSG>: 
22.942
12.2211
0.445173
0.114279
12.1665
-0.109672
-0.0125705
0.00573827
0
00:22:240: <MSG>: 
22.942
12.2211
0.445173
0.114039
12.1673
-0.107371
-0.0155032
0.00150575
0
00:22:249: <MSG>: 
22.942
12.2267
0.449587
0.113729
12.1713
-0.101414
-0.0177408
-0.00339354
0
00:22:258: <MSG>: 
22.942
12.2235
0.447796
0.113584
12.1712
-0.0992815
-0.0196831
-0.00591678
0
00:22:268: <MSG>: 
22.942
12.2252
0.444399
0.113411
12.1741
-0.0949473
-0.0210181
-0.00857806
0
00:22:277: <MSG>: 
22.942
12.2217
0.443532
0.113093
12.1781
-0.089065
-0.022439
-0.0131761
0
00:22:286: <MSG>: 
22.942
12.2217
0.443532
0.112829
12.1825
-0.0830257
-0.0234248
-0.0168631
0
00:22:296: <MSG>: 
22.942
12.225
0.43568
0.112669
12.1844
-0.0805118
-0.0249291
-0.0192609
0
00:22:305: <MSG>: 
22.942
12.2227
0.439233
0.112446
12.1882
-0.0748485
-0.0258704
-0.0222799
0
00:22:315: <MSG>: 
22.942
12.2228
0.43334
0.112125
12.1951
-0.0658046
-0.0267896
-0.026553
0
00:22:324: <MSG>: 
22.942
12.2228
0.43334
0.11183
12.2018
-0.057069
-0.0277852
-0.0304563
0
00:22:333: <MSG>: 
22.942
12.2219
0.437826
0.111536
12.2116
-0.0447547
-0.0276344
-0.0339213
0
00:22:343: <MSG>: 
22.942
12.2213
0.42661
0.111064
12.2231
-0.0313101
-0.0282118
-0.0399467
0
00:22:352: <MSG>: 
22.942
12.2229
0.432433
0.110779
12.2313
-0.0220072
-0.0284515
-0.0432853
0
00:22:362: <MSG>: 
22.942
12.2202
0.432922
0.111294
12.2266
-0.0278667
-0.0259922
-0.0360289
0
00:22:371: <MSG>: 
22.942
12.2202
0.432922
0.111746
12.2231
-0.0324806
-0.0237242
-0.0296672
0
00:22:380: <MSG>: 
22.942
12.2225
0.432468
0.112024
12.2218
-0.0348443
-0.0225394
-0.025738
0
00:22:390: <MSG>: 
22.942
12.2195
0.428268
0.112266
12.2206
-0.0361281
-0.0221468
-0.0224712
0
00:22:399: <MSG>: 
22.942
12.2218
0.424135
0.112786
12.2188
-0.0388641
-0.0225194
-0.0162179
0
00:22:408: <MSG>: 
22.942
12.2218
0.424135
0.11321
12.2162
-0.0419039
-0.0232075
-0.0112601
0
00:22:418: <MSG>: 
22.942
12.2252
0.422837
0.113454
12.2137
-0.0447921
-0.0247509
-0.00875364
0
00:22:427: <MSG>: 
22.942
12.2253
0.415889
0.113858
12.2123
-0.0467974
-0.0263127
-0.00438581
0
00:22:436: <MSG>: 
22.942
12.2241
0.426652
0.114418
12.2081
-0.0514298
-0.0277625
0.00178975
0
00:22:445: <MSG>: 
22.942
12.2218
0.417852
0.114135
12.2203
-0.0382072
-0.0279298
-0.00221077
0
00:22:454: <MSG>: 
22.942
12.2218
0.417852
0.113987
12.2297
-0.0275252
-0.027996
-0.00425684
0
00:22:464: <MSG>: 
22.942
12.2214
0.425535
0.113864
12.2422
-0.0133363
-0.0275859
-0.00576129
0
00:22:473: <MSG>: 
22.942
12.2233
0.419359
0.113653
12.2621
0.00922567
-0.0268644
-0.00831855
0
00:22:482: <MSG>: 
22.942
12.2229
0.426747
0.113583
12.2762
0.0242842
-0.0261235
-0.00892588
0
00:22:491: <MSG>: 
22.942
12.2229
0.426747
0.113468
12.2953
0.0453232
-0.0253245
-0.0101003
0
00:22:500: <MSG>: 
22.942
12.223
0.420119
0.113431
12.3148
0.0670906
-0.0245263
-0.0101719
0
00:22:509: <MSG>: 
22.942
12.2237
0.427819
0.113435
12.3389
0.0941059
-0.0233033
-0.00951892
0
00:22:519: <MSG>: 
22.942
12.2255
0.430265
0.113466
12.3643
0.122888
-0.0219928
-0.00846044
0
00:22:527: <MSG>: 
22.942
12.2255
0.430265
0.113516
12.3946
0.157345
-0.0207286
-0.00715568
0
00:22:537: <MSG>: 
22.942
12.227
0.432309
0.113573
12.3738
0.132427
-0.0193243
-0.00599723
0
00:22:546: <MSG>: 
22.942
12.2307
0.433424
0.113595
12.3546
0.109451
-0.0177754
-0.00529956
0
00:22:555: <MSG>: 
22.942
12.2323
0.432293
0.113632
12.3369
0.0885836
-0.0163007
-0.00441043
0
00:22:564: <MSG>: 
22.942
12.2361
0.438042
0.113625
12.3195
0.0680968
-0.0143686
-0.00398791
0
00:22:573: <MSG>: 
22.942
12.2361
0.438042
0.113576
12.3009
0.0463155
-0.0120453
-0.00403837
0
00:22:582: <MSG>: 
22.942
12.2455
0.436215
0.113108
12.2867
0.0284192
-0.0200554
-0.0117633
0
00:22:592: <MSG>: 
22.942
12.2569
0.43872
0.112744
12.2734
0.0121343
-0.0264806
-0.0177456
0
00:22:601: <MSG>: 
22.942
12.2654
0.43249
0.112403
12.264
0.000503506
-0.033541
-0.0235658
0
00:22:610: <MSG>: 
22.942
12.2654
0.43249
0.11192
12.2555
-0.00929065
-0.0412003
-0.031117
0
00:22:620: <MSG>: 
22.942
12.2635
0.43355
0.111533
12.2467
-0.0187612
-0.047506
-0.0370897
0
00:22:629: <MSG>: 
22.942
12.2599
0.429767
0.111234
12.2369
-0.0294847
-0.0527484
-0.0416756
0
00:22:639: <MSG>: 
22.942
12.2532
0.43978
0.110919
12.2312
-0.0346475
-0.0572121
-0.0461361
0
00:22:648: <MSG>: 
22.942
12.2532
0.43978
0.110673
12.2267
-0.0386131
-0.0612798
-0.0496744
0
00:22:657: <MSG>: 
22.942
12.2517
0.427503
0.110095
12.2247
-0.0388419
-0.0660976
-0.0573039
0
00:22:667: <MSG>: 
22.942
12.2517
0.435382
0.110067
12.218
-0.0459593
-0.0701033
-0.0580936
1
00:22:676: <MSG>: 
22.942
12.255
0.428582
0.110031
12.2114
-0.0527684
-0.0735744
-0.0588683
0
00:22:685: <MSG>: 
22.942
12.2492
0.435399
0.109846
12.2073
-0.0554734
-0.0763073
-0.0611304
0
00:22:694: <MSG>: 
22.942
12.2492
0.435399
0.109719
12.2034
-0.0582037
-0.0785453
-0.0625937
0
00:22:704: <MSG>: 
22.942
12.2481
0.42858
0.109481
12.2011
-0.0588754
-0.0810927
-0.0654441
0
00:22:713: <MSG>: 
22.942
12.2456
0.428932
0.109168
12.2009
-0.0566091
-0.0828538
-0.0689351
0
00:22:723: <MSG>: 
22.942
12.2449
0.429192
0.109044
12.1976
-0.0590665
-0.0844344
-0.0700126
0
00:22:732: <MSG>: 
22.942
12.2449
0.429192
0.10893
12.1942
-0.061799
-0.0860674
-0.0710429
0
00:22:741: <MSG>: 
22.942
12.2451
0.426415
0.108807
12.1928
-0.0620981
-0.0866094
-0.071845
0
00:22:751: <MSG>: 
22.942
12.2417
0.432266
0.108524
12.1936
-0.0592322
-0.0876448
-0.0747502
0
00:22:760: <MSG>: 
22.942
12.2471
0.484118
0.108555
12.1936
-0.0596744
-0.0866882
-0.0731962
0
00:22:769: <MSG>: 
22.942
12.2268
0.456411
0.108595
12.1966
-0.0536627
-0.0827241
-0.0706531
0
00:22:778: <MSG>: 
22.942
12.2268
0.456411
0.108878
12.1985
-0.0496088
-0.0777313
-0.0648643
0
00:22:788: <MSG>: 
22.9317
12.2071
0.457365
0.109177
12.1986
-0.0490827
-0.0753061
-0.0588972
0
00:22:797: <MSG>: 
22.9317
12.191
0.479772
0.109706
12.1928
-0.0546156
-0.0693578
-0.0498214
0
00:22:807: <MSG>: 
22.9317
12.1943
0.422999
0.109615
12.1979
-0.0472979
-0.0660351
-0.0493734
0
00:22:816: <MSG>: 
22.9317
12.1928
0.381515
0.109572
12.2019
-0.0417361
-0.0629454
-0.048373
0
00:22:825: <MSG>: 
22.9317
12.1928
0.381515
0.109571
12.206
-0.0364381
-0.05944
-0.0467722
0
00:22:835: <MSG>: 
22.9317
12.2043
0.417838
0.109633
12.2109
-0.0305476
-0.0553547
-0.0441855
0
00:22:844: <MSG>: 
22.9317
12.2081
0.431536
0.109736
12.2154
-0.0247686
-0.0511448
-0.0410382
0
00:22:853: <MSG>: 
22.9317
12.2025
0.399109
0.110336
12.2101
-0.0315693
-0.0467813
-0.0301059
0
00:22:863: <MSG>: 
22.9317
12.2025
0.399109
0.110853
12.2064
-0.0371384
-0.041809
-0.020496
0
00:22:872: <MSG>: 
22.9317
12.2068
0.438971
0.111387
12.2032
-0.0421749
-0.0369085
-0.0108452
0
00:22:881: <MSG>: 
22.9317
12.2087
0.427297
0.111763
12.2028
-0.0438998
-0.0320608
-0.00372167
0
00:22:891: <MSG>: 
22.9317
12.2056
0.419537
0.112224
12.2037
-0.0438553
-0.0283946
0.00419666
0
00:22:901: <MSG>: 
22.9317
12.2056
0.419537
0.112746
12.2009
-0.0478035
-0.0249957
0.012738
0
00:22:910: <MSG>: 
22.9317
12.2036
0.424518
0.113554
12.1983
-0.0509619
-0.0227777
0.0249165
0
00:22:919: <MSG>: 
22.9317
12.2123
0.432097
0.114318
12.1966
-0.0543564
-0.0210956
0.036008
0
00:22:929: <MSG>: 
22.9317
12.2079
0.424859
0.11518
12.1914
-0.0604447
-0.0193774
0.0482407
0
00:22:940: <MSG>: 
22.9317
12.2072
0.422068
0.115963
12.1878
-0.0653901
-0.0183769
0.0587006
0
00:22:949: <MSG>: 
22.9317
12.2072
0.422068
0.115894
12.1987
-0.0538707
-0.0147988
0.0582435
0
00:22:958: <MSG>: 
22.9317
12.2079
0.432399
0.116301
12.1989
-0.0539685
-0.00942958
0.0640842
0
00:22:967: <MSG>: 
22.9317
12.2108
0.41495
0.117049
12.1677
-0.0895974
-0.00247156
0.0743574
0
00:22:977: <MSG>: 
22.9317
12.2107
0.432613
0.117073
12.1843
-0.0705669
0.0018053
0.0750152
0
00:22:985: <MSG>: 
22.9317
12.2064
0.424945
0.117133
12.1835
-0.0705573
0.00226045
0.0750046
0
00:22:993: <MSG>: 
22.9317
12.2064
0.424945
0.117196
12.1829
-0.0705469
0.00274797
0.0749931
0
00:23:002: <MSG>: 
22.9317
12.2084
0.421096
0.11726
12.1824
-0.0705368
0.00323934
0.074982
0
00:23:011: <MSG>: 
22.9317
12.2098
0.429216
0.117324
12.1813
-0.0705286
0.00375036
0.0749729
0
00:23:020: <MSG>: 
22.9317
12.2161
0.433561
0.11739
12.1812
-0.0705187
0.00425843
0.0749619
0
00:23:028: <MSG>: 
22.9317
12.2161
0.433561
0.117455
12.1806
-0.0705103
0.00475899
0.0749527
0
00:23:038: <MSG>: 
22.9317
12.204
0.427658
0.11775
12.1584
-0.0946331
0.00999985
0.0790556
0
00:23:047: <MSG>: 
22.9317
12.2057
0.426649
0.117647
12.1302
-0.127659
0.0140773
0.077847
0
00:23:056: <MSG>: 
22.9317
12.2053
0.439024
0.117604
12.1017
-0.160324
0.0191126
0.0777575
0
00:23:066: <MSG>: 
22.9317
12.2053
0.439024
0.117561
12.0753
-0.190701
0.0241455
0.0776166
0
00:23:075: <MSG>: 
22.9317
12.208
0.425817
0.117757
12.058
-0.210542
0.0287678
0.0803966
0
00:23:083: <MSG>: 
22.9317
12.2065
0.428561
0.117821
12.056
-0.210532
0.0294605
0.0803914
0
00:23:092: <MSG>: 
22.9317
12.2059
0.420976
0.117885
12.054
-0.210521
0.0301523
0.0803862
0
00:23:101: <MSG>: 
22.9317
12.2059
0.420976
0.11795
12.0521
-0.210511
0.0308367
0.0803809
0
00:23:110: <MSG>: 
22.9317
12.2043
0.423225
0.118016
12.0504
-0.210502
0.0315147
0.0803764
0
00:23:120: <MSG>: 
22.9317
12.1932
0.415434
0.117515
12.0618
-0.193433
0.0231651
0.0698305
0
00:23:130: <MSG>: 
22.9317
12.1806
0.423265
0.117365
12.0716
-0.179355
0.0183807
0.065316
0
00:23:139: <MSG>: 
22.9317
12.1806
0.423265
0.117208
12.0816
-0.165553
0.0140862
0.0609728
0
00:23:149: <MSG>: 
22.9317
12.1578
0.416971
0.116919
12.0914
-0.151063
0.00995683
0.0550607
0
00:23:158: <MSG>: 
22.9317
12.1479
0.420874
0.116871
12.0965
-0.144506
0.00679117
0.0526795
1
00:23:167: <MSG>: 
22.9317
12.139
0.423184
0.116805
12.0987
-0.140227
0.00359045
0.0501254
0
00:23:177: <MSG>: 
22.9317
12.1429
0.418984
0.116803
12.1017
-0.136081
0.000808398
0.0484919
0
00:23:186: <MSG>: 
22.9317
12.1429
0.418984
0.116724
12.1061
-0.130178
-0.00227103
0.0458806
0
00:23:196: <MSG>: 
22.9317
12.1437
0.417722
0.116779
12.1072
-0.127651
-0.00513112
0.0450054
0
00:23:206: <MSG>: 
22.9317
12.1481
0.415123
0.116957
12.1062
-0.12791
-0.00731836
0.0459428
0
00:23:215: <MSG>: 
22.9317
12.1477
0.416036
0.117132
12.1041
-0.129086
-0.00970952
0.0467732
0
00:23:225: <MSG>: 
22.9317
12.1498
0.411016
0.117128
12.1062
-0.125533
-0.0111407
0.0455574
0
00:23:235: <MSG>: 
22.9317
12.1498
0.411016
0.117057
12.108
-0.122106
-0.0132564
0.0433332
0
00:23:244: <MSG>: 
22.9317
12.1478
0.416856
0.116986
12.1111
-0.11683
-0.0141793
0.0415045
0
00:23:254: <MSG>: 
22.9317
12.1468
0.411172
0.116764
12.116
-0.110242
-0.0150483
0.0378102
0
00:23:263: <MSG>: 
22.9317
12.1444
0.465014
0.115477
12.1477
-0.0717144
-0.0113051
0.0220404
0
00:23:272: <MSG>: 
22.9317
12.1444
0.465014
0.115458
12.154
-0.0638193
-0.00932122
0.0220868
0
00:23:281: <MSG>: 
22.9317
12.1274
0.457633
0.115667
12.1616
-0.0527598
-0.00289521
0.0264747
0
00:23:291: <MSG>: 
23.0456
12.1264
0.467708
0.115952
12.1671
-0.045444
0.0279627
0.0315461
0
00:23:300: <MSG>: 
23.0456
12.1326
0.486526
0.116321
12.1735
-0.0387658
0.0339647
0.0377008
0
00:23:310: <MSG>: 
23.0456
12.1403
0.463457
0.116729
12.1713
-0.0411942
0.0375173
0.04348
0
00:23:319: <MSG>: 
23.0456
12.1403
0.463457
0.116995
12.1797
-0.0308007
0.0434511
0.0481661
0
00:23:329: <MSG>: 
23.0456
12.1353
0.4218
0.11709
12.1868
-0.0219884
0.0469134
0.0498377
0
00:23:338: <MSG>: 
23.0456
12.1413
0.438237
0.117666
12.1849
-0.0253107
0.053746
0.057732
0
00:23:348: <MSG>: 
23.0456
12.1452
0.462551
0.118383
12.1838
-0.0268939
0.0607026
0.0670758
0
00:23:357: <MSG>: 
23.0456
12.1489
0.432023
0.118611
12.183
-0.0280942
0.0641839
0.0699083
0
00:23:366: <MSG>: 
23.0456
12.1489
0.432023
0.118961
12.1804
-0.0312656
0.0665389
0.0736186
0
00:23:375: <MSG>: 
23.0456
12.1513
0.472959
0.11952
12.1806
-0.0310542
0.0698749
0.08004
0
00:23:385: <MSG>: 
23.0456
12.1605
0.464275
0.120038
12.18
-0.0321711
0.0717382
0.0853337
0
00:23:395: <MSG>: 
23.0456
12.1547
0.466984
0.120982
12.1793
-0.032367
0.0750564
0.0958469
0
00:23:404: <MSG>: 
23.0456
12.1563
0.453006
0.12152
12.1773
-0.034236
0.0761265
0.100981
0
00:23:414: <MSG>: 
23.0456
12.1563
0.453006
0.122289
12.1744
-0.0370196
0.0780445
0.108878
0
00:23:423: <MSG>: 
23.0456
12.1583
0.468637
0.1229
12.1725
-0.0387986
0.080332
0.115023
0
00:23:432: <MSG>: 
23.0456
12.1572
0.459931
0.123745
12.1366
-0.0778262
0.0845254
0.125791
0
00:23:441: <MSG>: 
23.0456
12.1526
0.466944
0.123644
12.1505
-0.0631992
0.0887314
0.12413
0
00:23:450: <MSG>: 
23.0456
12.1526
0.466944
0.123436
12.1707
-0.0412613
0.0926801
0.121111
0
00:23:459: <MSG>: 
23.0456
12.1541
0.464711
0.123226
12.1938
-0.0155907
0.0964413
0.118012
0
00:23:468: <MSG>: 
23.0456
12.1546
0.453203
0.123186
12.2145
0.00771577
0.0998783
0.117092
0
00:23:478: <MSG>: 
23.0456
12.1555
0.462047
0.123198
12.2348
0.0294376
0.103737
0.117005
0
00:23:487: <MSG>: 
23.0456
12.1555
0.462047
0.123125
12.2577
0.0547792
0.106449
0.115496
0
00:23:495: <MSG>: 
23.0456
12.1538
0.455501
0.123212
12.2582
0.0547759
0.107369
0.11549
0
00:23:504: <MSG>: 
23.0456
12.1508
0.460582
0.123303
12.2585
0.0547726
0.108325
0.115483
0
00:23:512: <MSG>: 
23.0456
12.1571
0.458404
0.123393
12.2591
0.0547692
0.109298
0.115476
0
00:23:521: <MSG>: 
23.0456
12.1571
0.458404
0.123483
12.2596
0.0547661
0.110249
0.11547
0
00:23:530: <MSG>: 
23.0456
12.1612
0.468787
0.123574
12.2601
0.0547627
0.111221
0.115463
0
00:23:539: <MSG>: 
23.0456
12.1649
0.454995
0.12368
12.3002
0.0991928
0.113827
0.116329
0
00:23:549: <MSG>: 
23.0456
12.1659
0.466873
0.12367
12.2768
0.0735329
0.117113
0.115562
0
00:23:558: <MSG>: 
23.0456
12.1659
0.466873
0.123666
12.2544
0.0474021
0.120378
0.114884
0
00:23:567: <MSG>: 
23.0456
12.1729
0.458724
0.123577
12.2357
0.0255728
0.123102
0.112954
0
00:23:576: <MSG>: 
23.0456
12.1724
0.465011
0.123714
12.222
0.00972043
0.126343
0.114189
0
00:23:585: <MSG>: 
23.0456
12.1759
0.464568
0.123697
12.2069
-0.00753876
0.129972
0.113546
0
00:23:594: <MSG>: 
23.0456
12.1759
0.464568
0.123778
12.2069
-0.00753884
0.130962
0.113547
0
00:23:603: <MSG>: 
23.0456
12.1847
0.467676
0.123779
12.1989
-0.0168089
0.125827
0.110425
0
00:23:612: <MSG>: 
23.0456
12.1936
0.464365
0.123721
12.1933
-0.0233406
0.120187
0.106686
0
00:23:621: <MSG>: 
23.0456
12.1924
0.461121
0.123577
12.1903
-0.0268187
0.114855
0.102091
0
00:23:630: <MSG>: 
23.0456
12.1924
0.461121
0.123276
12.1899
-0.0265694
0.108925
0.0957205
0
00:23:640: <MSG>: 
23.0456
12.1873
0.465063
0.123147
12.1874
-0.0284924
0.10386
0.0914471
0
00:23:649: <MSG>: 
23.0456
12.1839
0.460854
0.122961
12.186
-0.0295815
0.0989559
0.0866948
0
00:23:659: <MSG>: 
23.0456
12.182
0.467335
0.123093
12.181
-0.0350073
0.0949518
0.0857544
0
00:23:668: <MSG>: 
23.0456
12.182
0.467335
0.123145
12.1766
-0.0399542
0.0908853
0.0839205
1
00:23:678: <MSG>: 
23.0456
12.1854
0.457812
0.122988
12.1745
-0.0412949
0.0873663
0.0799353
0
00:23:688: <MSG>: 
23.0456
12.1816
0.460295
0.122944
12.1708
-0.0438078
0.0844337
0.0774041
0
00:23:698: <MSG>: 
23.0456
12.1849
0.452753
0.122723
12.17
-0.043653
0.0810223
0.0728707
0
00:23:707: <MSG>: 
23.0456
12.1804
0.462283
0.122777
12.1659
-0.0469146
0.0790092
0.071877
0
00:23:716: <MSG>: 
23.0456
12.1804
0.462283
0.122585
12.1658
-0.0452956
0.0773096
0.0683091
0
00:23:726: <MSG>: 
23.0456
12.1821
0.452982
0.122529
12.1639
-0.046557
0.0752328
0.0660603
0
00:23:736: <MSG>: 
23.0456
12.1816
0.457267
0.122491
12.1612
-0.0480079
0.073221
0.0640996
0
00:23:745: <MSG>: 
23.0456
12.1816
0.458406
0.122234
12.1631
-0.0438569
0.0717185
0.0598588
0
00:23:754: <MSG>: 
23.0456
12.1796
0.453831
0.121921
12.1672
-0.0373803
0.0706899
0.0551742
0
00:23:763: <MSG>: 
23.0456
12.1796
0.453831
0.121601
12.1704
-0.0325403
0.0696065
0.05046
0
00:23:773: <MSG>: 
23.0456
12.1724
0.455352
0.121321
12.1724
-0.0287166
0.0684878
0.0461905
0
00:23:782: <MSG>: 
23.0456
12.1749
0.449826
0.121097
12.1754
-0.0246278
0.0680565
0.0428476
0
00:23:792: <MSG>: 
23.0456
12.1691
0.45543
0.120929
12.1767
-0.0217426
0.0678118
0.040196
0
00:23:801: <MSG>: 
23.0456
12.1852
0.476499
0.120025
12.1915
-0.00381774
0.0654018
0.0282428
0
00:23:810: <MSG>: 
23.0456
12.1852
0.476499
0.120016
12.1941
1.81664e-05
0.0665044
0.0281225
0
00:23:820: <MSG>: 
23.0456
12.1741
0.409233
0.119763
12.2002
0.00804616
0.066135
0.024636
0
00:23:829: <MSG>: 
23.0561
12.159
0.441904
0.119465
12.2082
0.0185209
0.068791
0.0208635
0
00:23:839: <MSG>: 
23.0561
12.1477
0.494215
0.11947
12.2109
0.0214666
0.071032
0.0213604
0
00:23:848: <MSG>: 
23.0561
12.1477
0.494215
0.119915
12.2095
0.0181179
0.073756
0.0282873
0
00:23:857: <MSG>: 
23.0561
12.1593
0.452685
0.120111
12.2097
0.0163906
0.0757981
0.0312658
0
00:23:866: <MSG>: 
23.0561
12.1599
0.424268
0.12016
12.2094
0.0148609
0.0763188
0.0316246
0
00:23:876: <MSG>: 
23.0561
12.1659
0.456716
0.120282
12.2112
0.0152335
0.0769166
0.0330464
0
00:23:885: <MSG>: 
23.0561
12.1645
0.469037
0.12051
12.2114
0.0146743
0.0771853
0.0358775
0
00:23:894: <MSG>: 
23.0561
12.1645
0.469037
0.120812
12.211
0.0130915
0.0781389
0.0398812
0
00:23:904: <MSG>: 
23.0561
12.1645
0.431985
0.121019
12.2094
0.0103736
0.0774907
0.0419642
0
00:23:913: <MSG>: 
23.0561
12.171
0.470352
0.121242
12.2075
0.00708108
0.0789836
0.0448747
0
00:23:923: <MSG>: 
23.0561
12.1758
0.457248
0.12135
12.206
0.00435699
0.0792059
0.0457501
0
00:23:931: <MSG>: 
23.0561
12.1762
0.45942
0.121829
12.2049
0.00181394
0.0783976
0.0514921
0
00:23:941: <MSG>: 
23.0561
12.1762
0.45942
0.121601
12.2148
0.012456
0.0788776
0.0483146
0
00:23:950: <MSG>: 
23.0561
12.1695
0.457432
0.121409
12.224
0.02327
0.0792076
0.0455465
0
00:23:959: <MSG>: 
23.0561
12.1758
0.464807
0.121244
12.2375
0.0378955
0.0800842
0.0433503
0
00:23:968: <MSG>: 
23.0561
12.1696
0.449467
0.121132
12.2511
0.053708
0.0809894
0.041816
0
00:23:977: <MSG>: 
23.0561
12.1696
0.449467
0.120993
12.2657
0.0693031
0.0819011
0.0399751
0
00:23:986: <MSG>: 
23.0561
12.1718
0.449379
0.120929
12.2802
0.0848098
0.0828492
0.0390626
0
00:23:995: <MSG>: 
23.0561
12.1722
0.454833
0.120864
12.2982
0.104742
0.0840801
0.0382821
0
00:24:004: <MSG>: 
23.0561
12.1748
0.43356
0.120737
12.2704
0.0721717
0.0840537
0.036043
0
00:24:013: <MSG>: 
23.0561
12.1748
0.43356
0.120615
12.245
0.0428065
0.0840309
0.0339214
0
00:24:023: <MSG>: 
23.0561
12.1738
0.452329
0.120591
12.2184
0.0114278
0.0852216
0.033409
0
00:24:030: <MSG>: 
23.0561
12.1762
0.436617
0.120614
12.2185
0.0114277
0.0854947
0.0334089
0
00:24:039: <MSG>: 
23.0561
12.1824
0.439516
0.120639
12.2188
0.0114277
0.0858216
0.0334089
0
00:24:048: <MSG>: 
23.0561
12.1824
0.439516
0.120665
12.2189
0.0114277
0.0861216
0.0334088
0
00:24:057: <MSG>: 
23.0561
12.1845
0.439097
0.12069
12.2187
0.0114277
0.0864227
0.0334088
0
00:24:066: <MSG>: 
23.0561
12.1886
0.444721
0.120716
12.2192
0.0114277
0.0867421
0.0334087
0
00:24:075: <MSG>: 
23.0561
12.1777
0.432353
0.120391
12.1969
-0.0141406
0.0868507
0.0288136
0
00:24:085: <MSG>: 
23.0561
12.1777
0.432353
0.120429
12.1875
-0.0257063
0.0879277
0.0291879
0
00:24:094: <MSG>: 
23.0561
12.1806
0.445759
0.120332
12.1746
-0.0414542
0.089062
0.0278682
0
00:24:103: <MSG>: 
23.0561
12.1799
0.447841
0.120223
12.1594
-0.0595739
0.0904411
0.0264726
0
00:24:112: <MSG>: 
23.0561
12.1831
0.439032
0.120046
12.1465
-0.0758639
0.0912695
0.0240974
0
00:24:123: <MSG>: 
23.0561
12.1831
0.439032
0.119085
12.1522
-0.0658401
0.0830233
0.00759546
0
00:24:132: <MSG>: 
23.0561
12.1805
0.442029
0.118408
12.1551
-0.0599651
0.0757289
-0.00430049
0
00:24:141: <MSG>: 
23.0561
12.1795
0.44065
0.117868
12.1587
-0.054154
0.0693121
-0.0137604
0
00:24:150: <MSG>: 
23.0561
12.1764
0.439006
0.117097
12.1645
-0.0452898
0.0631336
-0.0262495
0
00:24:160: <MSG>: 
23.0561
12.1715
0.430174
0.116468
12.1698
-0.0371653
0.0584291
-0.0360862
0
00:24:170: <MSG>: 
23.0561
12.1715
0.430174
0.117354
12.1829
-0.0244779
0.0598819
-0.0240446
1
00:24:179: <MSG>: 
23.0561
12.171
0.43909
0.116951
12.1859
-0.0208585
0.0543581
-0.0309463
0
00:24:189: <MSG>: 
23.0561
12.166
0.426139
0.116903
12.1827
-0.0242338
0.0495268
-0.0325975
0
00:24:198: <MSG>: 
23.0561
12.1701
0.430528
0.116762
12.1813
-0.0259026
0.0448208
-0.0354906
0
00:24:207: <MSG>: 
23.0561
12.1701
0.430528
0.116445
12.1827
-0.0233582
0.0409473
-0.0405547
0
00:24:217: <MSG>: 
23.0561
12.1684
0.42667
0.116174
12.1833
-0.0217629
0.0371821
-0.0447958
0
00:24:227: <MSG>: 
23.0561
12.169
0.422723
0.115852
12.186
-0.0180483
0.03412
-0.0494853
0
00:24:237: <MSG>: 
23.0561
12.1687
0.420643
0.115517
12.1875
-0.0149499
0.0307969
-0.0542988
0
00:24:246: <MSG>: 
23.0561
12.1742
0.422077
0.115277
12.1892
-0.0126932
0.0280131
-0.0576282
0
00:24:256: <MSG>: 
23.0561
12.1742
0.422077
0.115042
12.1902
-0.0108376
0.025146
-0.0608806
0
00:24:265: <MSG>: 
23.0561
12.1732
0.413542
0.114611
12.1964
-0.00234337
0.0231086
-0.0664797
0
00:24:275: <MSG>: 
23.0561
12.1721
0.406797
0.114162
12.2024
0.00579409
0.0206373
-0.0723981
0
00:24:284: <MSG>: 
23.0561
12.1724
0.465724
0.113366
12.2182
0.0239191
0.0197738
-0.0825423
0
00:24:293: <MSG>: 
23.0561
12.1709
0.437003
0.113067
12.2183
0.0245371
0.0167014
-0.0863718
0
00:24:303: <MSG>: 
23.0561
12.1709
0.437003
0.112988
12.2226
0.0294987
0.0174462
-0.0859802
0
00:24:312: <MSG>: 
23.0561
12.1469
0.441196
0.112874
12.2282
0.0364339
0.019225
-0.085809
0
00:24:322: <MSG>: 
23.0561
12.1511
0.468807
0.112949
12.2314
0.0392982
0.0216147
-0.082824
0
00:24:331: <MSG>: 
23.0561
12.1672
0.481419
0.112995
12.2327
0.0408868
0.0235614
-0.0804286
0
00:24:341: <MSG>: 
23.0561
12.1753
0.408857
0.113329
12.2244
0.028481
0.0242543
-0.0745481
0
00:24:350: <MSG>: 
23.0561
12.1753
0.408857
0.113377
12.2207
0.0229186
0.0270271
-0.0722514
0
00:24:360: <MSG>: 
23.0561
12.1724
0.412443
0.113367
12.2199
0.0203229
0.0282681
-0.0711059
0
00:24:369: <MSG>: 
23.0352
12.1708
0.447017
0.113739
12.2181
0.0174784
0.0259341
-0.0650563
0
00:24:379: <MSG>: 
23.0352
12.1698
0.424499
0.114082
12.2128
0.0105899
0.0256071
-0.0602104
0
00:24:388: <MSG>: 
23.0352
12.1799
0.439281
0.114658
12.2088
0.00512886
0.0290539
-0.051524
0
00:24:398: <MSG>: 
23.0352
12.1799
0.439281
0.114818
12.2061
0.00105572
0.0284095
-0.0491406
0
00:24:409: <MSG>: 
23.0352
12.1959
0.458233
0.115273
12.2045
-0.00228897
0.0276113
-0.0431829
0
00:24:418: <MSG>: 
23.0352
12.1878
0.44421
0.11528
12.2144
0.00896099
0.0307411
-0.0415045
0
00:24:429: <MSG>: 
23.0352
12.182
0.436175
0.11527
12.2234
0.0188376
0.0331765
-0.0401745
0
00:24:438: <MSG>: 
23.0352
12.1827
0.458179
0.115337
12.2364
0.0333093
0.0372826
-0.0373835
0
00:24:448: <MSG>: 
23.0352
12.1865
0.443865
0.115287
12.2511
0.0486613
0.0399438
-0.0366204
0
00:24:457: <MSG>: 
23.0352
12.1865
0.443865
0.115356
12.2658
0.0649266
0.0434855
-0.0340145
0
00:24:466: <MSG>: 
23.0352
12.1834
0.44669
0.115458
12.2812
0.0821902
0.0470277
-0.0309354
0
00:24:475: <MSG>: 
23.0352
12.185
0.443918
0.115553
12.298
0.10097
0.0497768
-0.0282441
0
00:24:484: <MSG>: 
23.0352
12.1836
0.440537
0.115601
12.3204
0.126516
0.0528032
-0.026091
0
00:24:493: <MSG>: 
23.0352
12.1836
0.440537
0.115768
12.3418
0.150697
0.0561517
-0.0222263
0
00:24:502: <MSG>: 
23.0352
12.187
0.439059
0.11592
12.3614
0.171508
0.0588583
-0.0188678
0
00:24:511: <MSG>: 
23.0352
12.1831
0.446292
0.115899
12.3627
0.171528
0.058796
-0.0188701
0
00:24:519: <MSG>: 
23.0352
12.1863
0.436203
0.115878
12.3639
0.171547
0.0587424
-0.0188725
0
00:24:528: <MSG>: 
23.0352
12.1863
0.436203
0.115857
12.3654
0.171565
0.0587108
-0.0188746
0
00:24:537: <MSG>: 
23.0352
12.1926
0.440401
0.115837
12.3669
0.171584
0.0586983
-0.018877
0
00:24:545: <MSG>: 
23.0352
12.1998
0.451923
0.115816
12.3683
0.171602
0.0586818
-0.0188791
0
00:24:554: <MSG>: 
23.0352
12.2102
0.446849
0.115795
12.3701
0.171622
0.0587062
-0.0188815
0
00:24:563: <MSG>: 
23.0352
12.2102
0.446849
0.116068
12.3529
0.152157
0.0631421
-0.0136094
0
00:24:573: <MSG>: 
23.0352
12.2185
0.445798
0.116323
12.3355
0.13137
0.0671203
-0.00882737
0
00:24:583: <MSG>: 
23.0352
12.2302
0.451799
0.116733
12.3278
0.121115
0.0711588
-0.00201326
0
00:24:592: <MSG>: 
23.0352
12.2328
0.448948
0.117029
12.3161
0.107009
0.0745839
0.00297542
0
00:24:602: <MSG>: 
23.0352
12.2328
0.448948
0.116602
12.2994
0.0865634
0.0687685
-0.00375941
0
00:24:611: <MSG>: 
23.0352
12.2374
0.439955
0.116398
12.2856
0.0692275
0.0640248
-0.00754301
0
00:24:621: <MSG>: 
23.0352
12.2349
0.444712
0.116157
12.2732
0.0547871
0.0583695
-0.0119564
0
00:24:630: <MSG>: 
23.0352
12.2375
0.444755
0.115895
12.2647
0.0445715
0.052979
-0.0164684
0
00:24:639: <MSG>: 
23.0352
12.2333
0.448392
0.11543
12.2583
0.0385628
0.0481341
-0.0230794
0
00:24:648: <MSG>: 
23.0352
12.2333
0.448392
0.115388
12.249
0.0276048
0.0443051
-0.0244532
0
00:24:657: <MSG>: 
23.0352
12.2306
0.451931
0.115238
12.2421
0.0197526
0.0406441
-0.0270052
0
00:24:667: <MSG>: 
23.0352
12.2282
0.448346
0.115125
12.2361
0.0133234
0.0373284
-0.0289772
0
00:24:676: <MSG>: 
23.0352
12.2262
0.443798
0.115167
12.2285
0.00598935
0.0357347
-0.0286135
1
00:24:686: <MSG>: 
23.0352
12.2262
0.443798
0.115218
12.2208
-0.00161936
0.0339162
-0.0282164
0
00:24:696: <MSG>: 
23.0352
12.2274
0.442254
0.115148
12.2153
-0.0063488
0.0320453
-0.0292536
0
00:24:705: <MSG>: 
23.0352
12.2228
0.443406
0.115147
12.2092
-0.0116258
0.0306247
-0.0293367
0
00:24:715: <MSG>: 
23.0352
12.2244
0.435455
0.11499
12.2061
-0.0137044
0.0287921
-0.0313608
0
00:24:725: <MSG>: 
23.0352
12.2157
0.435817
0.114726
12.2038
-0.0137245
0.0270566
-0.0345686
0
00:24:734: <MSG>: 
23.0352
12.2157
0.435817
0.114647
12.1989
-0.0185451
0.0256031
-0.0355177
0
00:24:744: <MSG>: 
23.0352
12.2166
0.428303
0.11426
12.1997
-0.0169128
0.0235981
-0.0402646
0
00:24:753: <MSG>: 
23.0352
12.2105
0.433281
0.114026
12.1986
-0.0166097
0.0229811
-0.0427236
0
00:24:763: <MSG>: 
23.0352
12.212
0.430543
0.113646
12.2011
-0.0129315
0.0219015
-0.0470592
0
00:24:772: <MSG>: 
23.0352
12.2049
0.433326
0.113332
12.2028
-0.00935354
0.0214832
-0.0503627
0
00:24:782: <MSG>: 
23.0352
12.2049
0.433326
0.113212
12.2018
-0.00962703
0.0211984
-0.0512442
0
00:24:791: <MSG>: 
23.0352
12.2032
0.434928
0.112726
12.2071
-0.00261955
0.0200081
-0.056898
0
00:24:801: <MSG>: 
23.0041
12.1909
0.415519
0.112589
12.2087
0.000270352
0.0141154
-0.0574619
0
00:24:810: <MSG>: 
23.0041
12.1751
0.383162
0.112303
12.2095
0.00231262
0.0127603
-0.0606309
0
00:24:820: <MSG>: 
23.0041
12.1751
0.383162
0.111805
12.2143
0.00879618
0.0101069
-0.0667528
0
00:24:829: <MSG>: 
23.0041
12.1766
0.417344
0.111419
12.2226
0.0175128
0.0103298
-0.0706253
0
00:24:839: <MSG>: 
23.0041
12.1777
0.411946
0.111075
12.219
0.0135223
0.00772929
-0.0748023
0
00:24:848: <MSG>: 
23.0041
12.1852
0.373942
0.110695
12.2248
0.0194296
0.00636609
-0.0790477
0
00:24:857: <MSG>: 
23.0041
12.1796
0.390243
0.110978
12.2187
0.0107558
0.00732099
-0.0733549
0
00:24:867: <MSG>: 
23.0041
12.1796
0.390243
0.110955
12.2154
0.00516236
0.00667626
-0.0727954
0
00:24:876: <MSG>: 
23.0041
12.182
0.410876
0.111086
12.212
-0.000307481
0.00691479
-0.0696857
0
00:24:885: <MSG>: 
23.0041
12.1773
0.385476
0.111167
12.2072
-0.00641152
0.00662119
-0.0675947
0
00:24:894: <MSG>: 
23.0041
12.1851
0.393987
0.111083
12.2044
-0.0110276
0.00675522
-0.0678158
0
00:24:903: <MSG>: 
23.0041
12.1963
0.40705
0.110991
12.2029
-0.0146321
0.0060114
-0.0684705
0
00:24:912: <MSG>: 
23.0041
12.1963
0.40705
0.110791
12.209
-0.0079197
0.00604853
-0.0700709
0
00:24:922: <MSG>: 
23.0041
12.1925
0.394487
0.110901
12.2049
-0.0139254
0.00445877
-0.0678975
0
00:24:931: <MSG>: 
23.0041
12.1865
0.394815
0.110765
12.2128
-0.00480305
0.00474412
-0.0686185
0
00:24:940: <MSG>: 
23.0041
12.1861
0.403225
0.110741
12.2206
0.00478953
0.00611055
-0.067568
0
00:24:949: <MSG>: 
23.0041
12.1861
0.403225
0.110539
12.2364
0.0231722
0.00669851
-0.0690386
0
00:24:958: <MSG>: 
23.0041
12.1916
0.398101
0.110504
12.2478
0.0345631
0.00780978
-0.0681919
0
00:24:967: <MSG>: 
23.0041
12.1832
0.394091
0.110389
12.2647
0.0540718
0.00942464
-0.0682406
0
00:24:976: <MSG>: 
23.0041
12.1899
0.396468
0.110395
12.2778
0.0682308
0.0103834
-0.0668762
0
00:24:986: <MSG>: 
23.0041
12.1899
0.396468
0.110315
12.2371
0.0217548
0.0112659
-0.0669005
0
00:24:994: <MSG>: 
23.0041
12.189
0.385584
0.110248
12.2628
0.0517735
0.0123585
-0.0664475
0
00:25:004: <MSG>: 
23.0041
12.1926
0.392841
0.110334
12.2358
0.0202621
0.0134228
-0.0642156
0
00:25:013: <MSG>: 
23.0041
12.186
0.387605
0.110393
12.2554
0.0425699
0.0143113
-0.0621939
0
00:25:021: <MSG>: 
23.0041
12.186
0.387605
0.110338
12.2558
0.0425777
0.0139977
-0.0622055
0
00:25:030: <MSG>: 
23.0041
12.1899
0.38921
0.110282
12.2562
0.0425854
0.0136828
-0.0622169
0
00:25:039: <MSG>: 
23.0041
12.1921
0.389603
0.110225
12.2564
0.0425925
0.0133545
-0.0622275
0
00:25:048: <MSG>: 
23.0041
12.2
0.394305
0.110169
12.2572
0.0426007
0.0130692
-0.0622397
0
00:25:056: <MSG>: 
23.0041
12.2
0.394305
0.110113
12.2576
0.0426075
0.0127439
-0.0622498
0
00:25:066: <MSG>: 
23.0041
12.1945
0.390881
0.110078
12.2334
0.0142767
0.014661
-0.061373
0
00:25:075: <MSG>: 
23.0041
12.193
0.387163
0.110017
12.2094
-0.0130871
0.0164124
-0.0609556
0
00:25:084: <MSG>: 
23.0041
12.1983
0.396483
0.109998
12.1883
-0.0374499
0.0189551
-0.0597428
0
00:25:093: <MSG>: 
23.0041
12.1983
0.396483
0.110173
12.173
-0.055916
0.0209895
-0.0560709
0
00:25:103: <MSG>: 
23.0041
12.1966
0.388708
0.10969
12.1758
-0.050769
0.0131772
-0.0645467
0
00:25:112: <MSG>: 
23.0041
12.1981
0.397835
0.109607
12.1758
-0.0497814
0.00847372
-0.0660898
0
00:25:121: <MSG>: 
23.0041
12.1927
0.379492
0.109376
12.1763
-0.0480082
0.0025807
-0.0702099
0
00:25:130: <MSG>: 
23.0041
12.1927
0.379492
0.109051
12.1806
-0.0416016
-0.00251034
-0.0753073
0
00:25:139: <MSG>: 
23.0041
12.1969
0.384857
0.108923
12.1845
-0.036461
-0.00642226
-0.0771626
0
00:25:148: <MSG>: 
23.0041
12.1908
0.386547
0.108934
12.1875
-0.0327869
-0.00983525
-0.0768242
0
00:25:157: <MSG>: 
23.0041
12.1903
0.377048
0.108939
12.1905
-0.0298454
-0.0131133
-0.0766128
0
00:25:166: <MSG>: 
23.0041
12.1903
0.377048
0.108891
12.1923
-0.0275264
-0.0161873
-0.0769897
1
00:25:176: <MSG>: 
23.0041
12.187
0.372077
0.108808
12.1924
-0.0268808
-0.0204923
-0.0782539
0
00:25:185: <MSG>: 
23.0041
12.1896
0.382684
0.10877
12.1934
-0.026022
-0.0240276
-0.0786471
0
00:25:194: <MSG>: 
23.0041
12.1913
0.387993
0.108808
12.1932
-0.026245
-0.0270903
-0.0778791
0
00:25:203: <MSG>: 
23.0041
12.1913
0.387993
0.109026
12.1896
-0.0308435
-0.0291179
-0.0742565
0
00:25:213: <MSG>: 
23.0041
12.1901
0.378599
0.109196
12.1851
-0.0361851
-0.031886
-0.0715978
0
00:25:221: <MSG>: 
23.0041
12.1927
0.381958
0.109229
12.1846
-0.036826
-0.0336348
-0.0706666
0
00:25:231: <MSG>: 
23.0041
12.1933
0.382641
0.109178
12.1858
-0.0349376
-0.0350513
-0.0707704
0
00:25:240: <MSG>: 
23.0041
12.1926
0.384601
0.109139
12.1869
-0.0332529
-0.0364638
-0.0707149
0
00:25:250: <MSG>: 
23.0041
12.1926
0.384601
0.109116
12.1896
-0.0293042
-0.0366004
-0.0700677
0
00:25:259: <MSG>: 
23.0041
12.1889
0.368959
0.109014
12.1918
-0.0270145
-0.0376785
-0.070834
0
00:25:268: <MSG>: 
23.0041
12.1892
0.376261
0.108967
12.1932
-0.0256432
-0.0384754
-0.0707227
0
00:25:277: <MSG>: 
23.0041
12.1859
0.368634
0.108921
12.1943
-0.024446
-0.0393375
-0.0706281
0
00:25:286: <MSG>: 
23.0041
12.1859
0.368634
0.107366
12.2322
0.0231019
-0.0376158
-0.0906025
0
00:25:296: <MSG>: 
23.0041
12.1898
0.446198
0.107416
12.2389
0.0305025
-0.0348337
-0.087837
0
00:25:305: <MSG>: 
23.0041
12.1822
0.39853
0.107653
12.2462
0.0379281
-0.0301497
-0.0819349
0
00:25:315: <MSG>: 
23.0041
12.1748
0.409363
0.107775
12.2544
0.0483306
-0.0257023
-0.0777027
0
00:25:324: <MSG>: 
23.0041
12.1748
0.409363
0.107947
12.2589
0.0524574
-0.0223202
-0.0732373
0
00:25:334: <MSG>: 
23.0041
12.1717
0.435156
0.108774
12.2517
0.0422328
-0.0133648
-0.0597943
0
00:25:343: <MSG>: 
23.0041
12.1793
0.409095
0.109428
12.2457
0.0335285
-0.00666079
-0.0492317
0
00:25:352: <MSG>: 
23.0041
12.1813
0.363815
0.110122
12.2401
0.0256323
-0.00105836
-0.0386737
0
00:25:361: <MSG>: 
23.0561
12.1879
0.383867
0.110638
12.2356
0.0190432
0.0144625
-0.0307838
0
00:25:371: <MSG>: 
23.0561
12.1879
0.383867
0.111094
12.2291
0.0106469
0.0161457
-0.0244252
0
00:25:380: <MSG>: 
23.0561
12.1912
0.404881
0.111719
12.2262
0.00643203
0.0191108
-0.0157455
0
00:25:389: <MSG>: 
23.0561
12.1931
0.376949
0.11217
12.2223
0.000934673
0.0199435
-0.00988904
0
00:25:398: <MSG>: 
23.0561
12.1955
0.421252
0.112976
12.2182
-0.00412181
0.0243801
0.00124247
0
00:25:407: <MSG>: 
23.0561
12.1955
0.421252
0.113049
12.2267
0.00421388
0.0281691
0.00343155
0
00:25:417: <MSG>: 
23.0561
12.1992
0.409483
0.11377
12.2236
-0.000847513
0.0296673
0.0124508
0
00:25:426: <MSG>: 
23.0561
12.1894
0.411672
0.113818
12.236
0.0132049
0.0339404
0.0143239
0
00:25:435: <MSG>: 
23.0561
12.1897
0.407105
0.113857
12.2509
0.0294904
0.0378115
0.0159415
0
00:25:444: <MSG>: 
23.0561
12.1896
0.422373
0.113959
12.2675
0.0480323
0.0424675
0.0186708
0
00:25:453: <MSG>: 
23.0561
12.1896
0.422373
0.114091
12.2813
0.0623755
0.0468999
0.0217207
0
00:25:462: <MSG>: 
23.0561
12.1929
0.409806
0.114405
12.2894
0.0705399
0.051121
0.0271351
0
00:25:471: <MSG>: 
23.0561
12.1929
0.407873
0.114652
12.3041
0.0865038
0.0554209
0.0316275
0
00:25:480: <MSG>: 
23.0561
12.1918
0.415465
0.114774
12.3258
0.110881
0.0594706
0.0342937
0
00:25:489: <MSG>: 
23.0561
12.1918
0.415465
0.115086
12.3433
0.13056
0.0638572
0.0396555
0
00:25:498: <MSG>: 
23.0561
12.1932
0.399313
0.115321
12.3609
0.14873
0.0672714
0.0435213
0
00:25:507: <MSG>: 
23.0561
12.1867
0.410301
0.115615
12.3791
0.168912
0.0710103
0.0483187
0
00:25:515: <MSG>: 
23.0561
12.1923
0.395147
0.115646
12.3809
0.168923
0.0715707
0.0483224
0
00:25:524: <MSG>: 
23.0561
12.1923
0.395147
0.115678
12.3824
0.168934
0.0720898
0.048326
0
00:25:533: <MSG>: 
23.0561
12.1936
0.402392
0.115709
12.3833
0.168945
0.0725219
0.0483297
0
00:25:542: <MSG>: 
23.0561
12.2046
0.401709
0.115742
12.3852
0.168955
0.0731178
0.048333
0
00:25:550: <MSG>: 
23.0561
12.2124
0.411892
0.115773
12.3865
0.168966
0.0736277
0.0483368
0
00:25:559: <MSG>: 
23.0561
12.2124
0.411892
0.116361
12.3943
0.176976
0.0776319
0.056926
0
00:25:569: <MSG>: 
23.0561
12.223
0.397816
0.116313
12.3714
0.150143
0.0810828
0.0564774
0
00:25:578: <MSG>: 
23.0561
12.2324
0.404037
0.116412
12.348
0.122056
0.0846082
0.0580368
0
00:25:588: <MSG>: 
23.0561
12.2445
0.411711
0.116495
12.3296
0.0996802
0.0881131
0.0593623
0
00:25:597: <MSG>: 
23.0561
12.2445
0.411711
0.116473
12.3087
0.0747189
0.0918738
0.0594177
0
00:25:607: <MSG>: 
23.0561
12.2461
0.401696
0.115841
12.2987
0.0624861
0.0846586
0.049204
0
00:25:616: <MSG>: 
23.0561
12.2458
0.404364
0.115762
12.288
0.0485189
0.0791458
0.0459682
0
00:25:625: <MSG>: 
23.0561
12.2485
0.401213
0.115635
12.2807
0.0387506
0.0735576
0.0421872
0
00:25:635: <MSG>: 
23.0561
12.2485
0.401213
0.115378
12.2766
0.0334106
0.0677574
0.0369448
0
00:25:644: <MSG>: 
23.0561
12.2446
0.404574
0.115091
12.2704
0.0265392
0.0621051
0.031465
0
00:25:653: <MSG>: 
23.0561
12.2458
0.399589
0.114986
12.2639
0.017565
0.0569593
0.0282771
0
00:25:663: <MSG>: 
23.0561
12.2413
0.406994
0.114812
12.2595
0.0126292
0.0526059
0.0245509
0
00:25:673: <MSG>: 
23.0561
12.2392
0.394361
0.114709
12.2548
0.0062379
0.0481316
0.0216635
0
00:25:683: <MSG>: 
23.0561
12.2392
0.394361
0.115136
12.2434
-0.00721692
0.0456426
0.0254635
1
00:25:694: <MSG>: 
23.0561
12.2333
0.403944
0.115225
12.2366
-0.0136015
0.0434155
0.025417
0
00:25:702: <MSG>: 
23.0561
12.2389
0.39532
0.115207
12.2326
-0.0175293
0.0411997
0.0242071
0
00:25:712: <MSG>: 
23.0561
12.2334
0.405451
0.115243
12.2274
-0.0220376
0.0394386
0.0237377
0
00:25:721: <MSG>: 
23.0561
12.2338
0.394573
0.115266
12.2226
-0.026632
0.0373319
0.0230366
0
00:25:731: <MSG>: 
23.0561
12.2338
0.394573
0.115084
12.2219
-0.0255794
0.0355897
0.0200694
0
00:25:740: <MSG>: 
23.0561
12.232
0.400453
0.114952
12.2211
-0.0245184
0.0341214
0.0178077
0
00:25:750: <MSG>: 
23.0561
12.2283
0.395064
0.115005
12.2176
-0.0271428
0.0329808
0.0178358
0
00:25:759: <MSG>: 
23.0561
12.2272
0.394479
0.114774
12.2187
-0.0250003
0.0317558
0.0144911
0
00:25:768: <MSG>: 
23.0561
12.2221
0.400616
0.114736
12.2164
-0.0261628
0.0310371
0.013611
0
00:25:777: <MSG>: 
23.0561
12.2221
0.400616
0.114739
12.2147
-0.02719
0.0307319
0.0133712
0
00:25:786: <MSG>: 
23.0561
12.2222
0.397512
0.114638
12.2158
-0.0251736
0.0304283
0.0118893
0
00:25:796: <MSG>: 
23.0561
12.2135
0.400689
0.114349
12.2216
-0.01645
0.0308314
0.00839674
0
00:25:805: <MSG>: 
23.0561
12.2165
0.428555
0.113966
12.228
-0.00827182
0.0291951
0.00314313
0
00:25:815: <MSG>: 
23.0561
12.2165
0.428555
0.113755
12.2342
0.000346427
0.0297287
0.000719449
0
00:25:824: <MSG>: 
23.0561
12.2194
0.374067
0.11343
12.2395
0.0071111
0.0288206
-0.00354358
0
00:25:834: <MSG>: 
23.0561
12.1929
0.343983
0.113314
12.2404
0.00881007
0.0286674
-0.00494896
0
00:25:843: <MSG>: 
23.0561
12.1857
0.385555
0.113105
12.2488
0.0187281
0.0303176
-0.00694302
0
00:25:852: <MSG>: 
23.0561
12.1877
0.396793
0.113304
12.2445
0.012363
0.0320592
-0.00342965
0
00:25:862: <MSG>: 
23.0561
12.1877
0.396793
0.113434
12.2412
0.0070358
0.0329208
-0.00125279
0
00:25:871: <MSG>: 
23.2346
12.1999
0.356332
0.113434
12.2393
0.0019278
0.0704774
-0.00156124
0
00:25:880: <MSG>: 
23.2346
12.1923
0.357945
0.113509
12.2347
-0.00359206
0.0690606
-0.000901741
0
00:25:890: <MSG>: 
23.2346
12.1972
0.398282
0.113313
12.2332
-0.00668677
0.0690268
-0.00380855
0
00:25:899: <MSG>: 
23.2346
12.1957
0.376224
0.113203
12.2305
-0.0103389
0.0680326
-0.00569378
0
00:25:909: <MSG>: 
23.2346
12.1957
0.376224
0.113249
12.2302
-0.0121983
0.0674976
-0.00514109
0
00:25:917: <MSG>: 
23.2346
12.2023
0.37927
0.112864
12.2465
0.00588501
0.0684378
-0.00947996
0
00:25:927: <MSG>: 
23.2346
12.2089
0.400818
0.11275
12.2552
0.0160293
0.0691881
-0.0104916
0
00:25:936: <MSG>: 
23.2346
12.2054
0.386594
0.112757
12.2614
0.0229145
0.069807
-0.0100397
0
00:25:945: <MSG>: 
23.2346
12.2054
0.386594
0.112756
12.2685
0.0313249
0.070375
-0.0096954
0
00:25:954: <MSG>: 
23.2346
12.194
0.388116
0.112625
12.2846
0.0506111
0.0714936
-0.0107475
0
00:25:964: <MSG>: 
23.2346
12.1978
0.395781
0.112632
12.296
0.0625179
0.072903
-0.0100296
0
00:25:973: <MSG>: 
23.2346
12.2031
0.392319
0.112701
12.3038
0.0704036
0.0737768
-0.00871008
0
00:25:982: <MSG>: 
23.2346
12.2031
0.392319
0.112694
12.3234
0.0923492
0.0756884
-0.00797094
0
00:25:991: <MSG>: 
23.2346
12.2016
0.378998
0.112587
12.3463
0.118516
0.0766651
-0.00876987
0
00:26:000: <MSG>: 
23.2346
12.2073
0.392611
0.112693
12.3663
0.14072
0.078297
-0.00667751
0
00:26:009: <MSG>: 
23.2346
12.2087
0.380924
0.112729
12.3896
0.166964
0.0791097
-0.0057036
0
00:26:019: <MSG>: 
23.2346
12.2087
0.380924
0.112808
12.4145
0.193837
0.0804434
-0.00403313
0
00:26:028: <MSG>: 
23.2346
12.2102
0.383961
0.112918
12.4432
0.224835
0.0819932
-0.00189656
0
00:26:037: <MSG>: 
23.2346
12.206
0.38833
0.112996
12.4178
0.193801
0.0830165
-0.000648658
0
00:26:046: <MSG>: 
23.2346
12.2124
0.380661
0.113086
12.3971
0.167995
0.0841869
0.000793041
0
00:26:056: <MSG>: 
23.2346
12.2188
0.383674
0.113184
12.3746
0.140893
0.0855248
0.00238117
0
00:26:065: <MSG>: 
23.2346
12.2188
0.383674
0.11324
12.3542
0.115976
0.0869065
0.00341731
0
00:26:074: <MSG>: 
23.2346
12.2346
0.384326
0.113266
12.3363
0.0938257
0.087918
0.00393612
0
00:26:083: <MSG>: 
23.2346
12.2497
0.385653
0.113397
12.3223
0.0760401
0.0892893
0.00595738
0
00:26:092: <MSG>: 
23.2346
12.2634
0.373276
0.113282
12.3019
0.0511711
0.0904767
0.0046173
0
00:26:102: <MSG>: 
23.2346
12.2634
0.373276
0.113334
12.2891
0.0352126
0.0911883
0.00541601
0
00:26:111: <MSG>: 
23.2346
12.2695
0.386429
0.112373
12.2865
0.0344628
0.0855964
-0.0109167
0
00:26:120: <MSG>: 
23.2346
12.2654
0.377997
0.111888
12.2812
0.0291741
0.0805984
-0.0195802
0
00:26:130: <MSG>: 
23.2346
12.2578
0.377156
0.111583
12.2753
0.0226666
0.0756005
-0.0253788
0
00:26:139: <MSG>: 
23.2346
12.2517
0.371435
0.111321
12.2726
0.0192394
0.0706293
-0.030386
0
00:26:148: <MSG>: 
23.2346
12.2517
0.371435
0.110941
12.2693
0.0157634
0.065339
-0.0371756
0
00:26:157: <MSG>: 
23.2346
12.2529
0.380899
0.110613
12.2683
0.014971
0.0618074
-0.0425792
0
00:26:167: <MSG>: 
23.2346
12.2518
0.36476
0.110269
12.2666
0.014287
0.0580132
-0.0481611
0
00:26:176: <MSG>: 
23.2346
12.2525
0.379225
0.110138
12.2655
0.0126686
0.0545093
-0.0504145
1
00:26:186: <MSG>: 
23.2346
12.2525
0.379225
0.110347
12.2574
0.00293869
0.0511066
-0.0475817
0
00:26:195: <MSG>: 
23.2346
12.2509
0.36725
0.110487
12.2501
-0.00505997
0.0476672
-0.0458595
0
00:26:205: <MSG>: 
23.2346
12.25
0.375507
0.110475
12.2465
-0.00929527
0.0449126
-0.0461497
0
00:26:214: <MSG>: 
23.2346
12.2492
0.374819
0.110451
12.2424
-0.0136903
0.042021
-0.0466879
0
00:26:223: <MSG>: 
23.2346
12.2492
0.374819
0.110433
12.2399
-0.0160211
0.0403162
-0.0467999
0
00:26:232: <MSG>: 
23.2346
12.249
0.375908
0.110434
12.2371
-0.0188158
0.0385095
-0.0466599
0
00:26:241: <MSG>: 
23.2346
12.2464
0.372211
0.110423
12.2337
-0.0221447
0.0363668
-0.0468404
0
00:26:251: <MSG>: 
23.2346
12.2467
0.377123
0.11025
12.2354
-0.018847
0.0352581
-0.0489315
0
00:26:260: <MSG>: 
23.2346
12.2454
0.377325
0.11011
12.2364
-0.0165672
0.0340426
-0.0506197
0
00:26:270: <MSG>: 
23.2346
12.2454
0.377325
0.109972
12.2397
-0.0112324
0.0340611
-0.0518281
0
00:26:279: <MSG>: 
23.2346
12.2426
0.371153
0.109945
12.2392
-0.0117197
0.0336497
-0.0515847
0
00:26:288: <MSG>: 
23.2346
12.239
0.371205
0.109846
12.241
-0.00917795
0.0335526
-0.0522957
0
00:26:297: <MSG>: 
23.2346
12.232
0.40555
0.108889
12.2681
0.0254026
0.0359162
-0.0643907
0
00:26:307: <MSG>: 
23.2346
12.232
0.40555
0.10874
12.277
0.0367198
0.0376474
-0.0650029
0
00:26:316: <MSG>: 
23.2346
12.2172
0.367455
0.108828
12.2789
0.0393318
0.0389237
-0.0624062
0
00:26:325: <MSG>: 
23.2346
12.2068
0.381128
0.108836
12.2809
0.0426942
0.0394141
-0.061199
0
00:26:335: <MSG>: 
23.2346
12.198
0.409212
0.108883
12.2857
0.0482694
0.0413766
-0.0590001
0
00:26:344: <MSG>: 
23.0769
12.2037
0.390234
0.108923
12.2846
0.0457761
0.00803828
-0.0573348
0
00:26:354: <MSG>: 
23.0769
12.2037
0.390234
0.108985
12.2748
0.0322214
0.00914233
-0.0555371
0
00:26:364: <MSG>: 
23.0769
12.2099
0.345763
0.109222
12.2678
0.0224027
0.0087655
-0.0520401
0
00:26:373: <MSG>: 
23.0769
12.2171
0.370571
0.109293
12.2602
0.0118918
0.00697179
-0.0510696
0
00:26:382: <MSG>: 
23.0769
12.2173
0.382699
0.109471
12.2546
0.00387637
0.00524955
-0.0487814
0
00:26:391: <MSG>: 
23.0769
12.2125
0.364213
0.10959
12.2484
-0.00406631
0.00327019
-0.0472778
0
00:26:401: <MSG>: 
23.0769
12.2125
0.364213
0.109716
12.2438
-0.0104389
0.00092245
-0.0458336
0
00:26:409: <MSG>: 
23.0769
12.2195
0.388191
0.109531
12.2577
0.00536808
0.00289907
-0.0472218
0
00:26:418: <MSG>: 
23.0769
12.2251
0.380739
0.109411
12.2677
0.0160748
0.00447739
-0.0477544
0
00:26:427: <MSG>: 
23.0769
12.2217
0.373385
0.10946
12.2755
0.024426
0.00661835
-0.0457303
0
00:26:436: <MSG>: 
23.0769
12.2217
0.373385
0.109571
12.2819
0.0312644
0.00855761
-0.0428719
0
00:26:445: <MSG>: 
23.0769
12.2154
0.375793
0.109687
12.2897
0.0403214
0.0105532
-0.0399841
0
00:26:454: <MSG>: 
23.0769
12.2184
0.386945
0.109801
12.3016
0.0532636
0.013
-0.0369888
0
00:26:464: <MSG>: 
23.0769
12.2148
0.377268
0.109826
12.3142
0.0667818
0.0148292
-0.035445
0
00:26:474: <MSG>: 
23.0769
12.2148
0.377268
0.110026
12.3227
0.0756529
0.0171801
-0.0313604
0
00:26:482: <MSG>: 
23.0769
12.2186
0.375475
0.110155
12.3377
0.0918933
0.0192475
-0.0284016
0
00:26:491: <MSG>: 
23.0769
12.2222
0.379425
0.110422
12.3465
0.1013
0.0215265
-0.0235008
0
00:26:501: <MSG>: 
23.0769
12.2245
0.36956
0.110579
12.3662
0.123163
0.0235664
-0.0202214
0
00:26:510: <MSG>: 
23.0769
12.2245
0.36956
0.110742
12.3886
0.148638
0.0255342
-0.0169355
0
00:26:519: <MSG>: 
23.0769
12.2242
0.37552
0.111066
12.3845
0.143033
0.0269975
-0.0117497
0
00:26:527: <MSG>: 
23.0769
12.2208
0.37225
0.111055
12.3854
0.14304
0.0269142
-0.0117504
0
00:26:536: <MSG>: 
23.0769
12.2247
0.365558
0.111043
12.3867
0.143047
0.0268812
-0.0117511
0
00:26:544: <MSG>: 
23.0769
12.2247
0.365558
0.111031
12.388
0.143053
0.026831
-0.0117517
0
00:26:553: <MSG>: 
23.0769
12.2266
0.377865
0.111019
12.3889
0.14306
0.0267564
-0.0117524
0
00:26:561: <MSG>: 
23.0769
12.2372
0.377924
0.111008
12.3906
0.143067
0.0267871
-0.011753
0
00:26:571: <MSG>: 
23.0769
12.2364
0.366849
0.111264
12.375
0.124676
0.0291862
-0.00740584
0
00:26:580: <MSG>: 
23.0769
12.2364
0.366849
0.111277
12.3479
0.0891903
0.0219319
-0.00946638
0
00:26:589: <MSG>: 
23.0769
12.2489
0.364223
0.111142
12.3278
0.0625629
0.0142789
-0.0133433
0
00:26:599: <MSG>: 
23.0769
12.2522
0.376901
0.110916
12.3122
0.042753
0.0061806
-0.0182971
0
00:26:608: <MSG>: 
23.0769
12.2535
0.362852
0.110715
12.298
0.0247699
-0.00184061
-0.0228722
0
00:26:617: <MSG>: 
23.0769
12.2535
0.362852
0.110107
12.2861
0.0115055
-0.00946276
-0.0320361
0
00:26:626: <MSG>: 
23.0769
12.2503
0.367968
0.109827
12.2719
-0.00451565
-0.0158672
-0.0368936
0
00:26:635: <MSG>: 
23.0769
12.2525
0.362803
0.109433
12.259
-0.0184041
-0.0229766
-0.0432376
0
00:26:644: <MSG>: 
23.0769
12.2527
0.358756
0.108817
12.2534
-0.0225282
-0.0287862
-0.0516889
0
00:26:653: <MSG>: 
23.0769
12.2527
0.358756
0.108652
12.244
-0.0329993
-0.034213
-0.0546285
0
00:26:662: <MSG>: 
23.0769
12.2432
0.355083
0.108832
12.2301
-0.0480912
-0.0385484
-0.0531576
0
00:26:671: <MSG>: 
23.0769
12.2409
0.359998
0.108994
12.223
-0.0569475
-0.0357918
-0.049451
1
00:26:680: <MSG>: 
23.0769
12.2386
0.356199
0.109218
12.2158
-0.0647526
-0.0329952
-0.0449161
0
00:26:690: <MSG>: 
23.0769
12.2386
0.356199
0.109332
12.2088
-0.0726047
-0.0302964
-0.042013
0
00:26:699: <MSG>: 
23.0769
12.2458
0.34937
0.109399
12.2015
-0.08179
-0.0278917
-0.039941
0
00:26:708: <MSG>: 
23.0769
12.2395
0.354582
0.109483
12.1935
-0.0906404
-0.0250205
-0.0374866
0
00:26:717: <MSG>: 
23.0769
12.2375
0.348368
0.109635
12.1883
-0.0970478
-0.0229462
-0.0343635
0
00:26:726: <MSG>: 
23.0769
12.2375
0.348368
0.10977
12.1835
-0.102244
-0.0207563
-0.0314725
0
00:26:735: <MSG>: 
23.0769
12.2298
0.355481
0.110026
12.1795
-0.106006
-0.0184526
-0.0269148
0
00:26:744: <MSG>: 
23.0769
12.2263
0.350113
0.110243
12.176
-0.109649
-0.0163939
-0.0230484
0
00:26:753: <MSG>: 
23.0769
12.223
0.349959
0.110296
12.1708
-0.115695
-0.0141972
-0.0214414
0
00:26:763: <MSG>: 
23.0769
12.223
0.349959
0.110495
12.1669
-0.119825
-0.0118735
-0.0178263
0
00:26:772: <MSG>: 
23.0769
12.2203
0.344547
0.110748
12.1636
-0.122693
-0.0101621
-0.0137081
0
00:26:781: <MSG>: 
23.0769
12.2184
0.349259
0.111057
12.162
-0.124346
-0.00906121
-0.00906701
0
00:26:791: <MSG>: 
23.0769
12.2137
0.348378
0.111184
12.1586
-0.126919
-0.00831707
-0.00708049
0
00:26:800: <MSG>: 
23.0769
12.2137
0.348378
0.111457
12.1566
-0.129025
-0.0068768
-0.00295466
0
00:26:809: <MSG>: 
23.0769
12.2109
0.352517
0.111663
12.155
-0.130345
-0.00603327
5.51785e-05
0
00:26:818: <MSG>: 
23.0769
12.206
0.349748
0.111945
12.1531
-0.131878
-0.00564252
0.00387406
0
00:26:827: <MSG>: 
23.0769
12.2062
0.348778
0.112211
12.1519
-0.133051
-0.00519985
0.00744042
0
00:26:837: <MSG>: 
23.0769
12.1988
0.350842
0.112602
12.1501
-0.133949
-0.00437327
0.0127051
0
00:26:846: <MSG>: 
23.0769
12.1988
0.350842
0.113047
12.1492
-0.134587
-0.00382294
0.0185191
0
00:26:855: <MSG>: 
23.0769
12.2011
0.35089
0.113257
12.1477
-0.135924
-0.00394085
0.0209279
0
00:26:864: <MSG>: 
23.0769
12.195
0.354516
0.113488
12.1451
-0.137223
-0.00459464
0.0234171
0
00:26:874: <MSG>: 
23.0769
12.1962
0.350436
0.113571
12.1431
-0.13924
-0.00525125
0.0239131
0
00:26:883: <MSG>: 
23.0769
12.1962
0.350436
0.113524
12.1423
-0.139095
-0.0058597
0.0227163
0
00:26:892: <MSG>: 
23.0769
12.1928
0.357298
0.113657
12.1404
-0.140221
-0.00751049
0.0235646
0
00:26:902: <MSG>: 
23.0769
12.1934
0.348072
0.114027
12.1383
-0.141926
-0.00891442
0.0275525
0
00:26:911: <MSG>: 
23.0769
12.1936
0.349422
0.114483
12.136
-0.144053
-0.010909
0.0324122
0
00:26:920: <MSG>: 
23.0769
12.1907
0.343714
0.114735
12.1323
-0.146996
-0.0130567
0.0344717
0
00:26:929: <MSG>: 
23.0769
12.1907
0.343714
0.114015
12.1494
-0.123104
-0.0169473
0.0253918
0
00:26:938: <MSG>: 
23.0769
12.1921
0.347313
0.113571
12.1612
-0.107061
-0.0193496
0.0197047
0
00:26:947: <MSG>: 
23.0769
12.187
0.345638
0.113209
12.172
-0.0914974
-0.0214866
0.0149983
0
00:26:956: <MSG>: 
23.0769
12.1876
0.347409
0.112876
12.1858
-0.0734845
-0.0232866
0.0107482
0
00:26:965: <MSG>: 
23.0769
12.1876
0.347409
0.112649
12.2008
-0.0535772
-0.0242498
0.00794004
0
00:26:974: <MSG>: 
23.0769
12.1831
0.345823
0.1123
12.1648
-0.0900678
-0.0238015
0.00387775
0
00:26:983: <MSG>: 
23.0769
12.1859
0.342436
0.112073
12.1824
-0.0686927
-0.0250542
0.00104664
0
00:26:992: <MSG>: 
23.0769
12.1872
0.349666
0.112003
12.2002
-0.0466931
-0.0250098
0.000351256
0
00:27:001: <MSG>: 
23.0769
12.1872
0.349666
0.111917
12.2235
-0.0184759
-0.0250216
-0.000492914
0
00:27:010: <MSG>: 
23.0769
12.1894
0.341422
0.111809
12.2009
-0.0425129
-0.0246322
-0.00178465
0
00:27:019: <MSG>: 
23.0769
12.1877
0.344108
0.111721
12.1818
-0.0627591
-0.0241148
-0.00277722
0
00:27:028: <MSG>: 
23.0769
12.1867
0.335793
0.111588
12.1601
-0.0867753
-0.0241601
-0.00445823
0
00:27:037: <MSG>: 
23.0769
12.1867
0.335793
0.111356
12.1373
-0.111731
-0.0238582
-0.00716897
0
00:27:046: <MSG>: 
23.0769
12.1863
0.347289
0.111163
12.114
-0.136924
-0.0227235
-0.00918673
0
00:27:054: <MSG>: 
23.0769
12.1883
0.333441
0.11101
12.0977
-0.154055
-0.0227455
-0.0110093
0
00:27:063: <MSG>: 
23.0769
12.1906
0.33949
0.110757
12.0751
-0.179371
-0.0219876
-0.0138181
0
00:27:072: <MSG>: 
23.0769
12.1906
0.33949
0.11055
12.0569
-0.198995
-0.0211783
-0.0160212
0
00:27:082: <MSG>: 
23.0769
12.1883
0.334194
0.110404
12.0417
-0.214734
-0.0208945
-0.0176075
0
00:27:091: <MSG>: 
23.0769
12.1851
0.341224
0.110175
12.0245
-0.232872
-0.0197839
-0.0199339
0
00:27:101: <MSG>: 
23.0769
12.1763
0.331667
0.109687
12.0279
-0.225178
-0.0266484
-0.0290639
0
00:27:110: <MSG>: 
23.0769
12.1763
0.331667
0.109294
12.0317
-0.217574
-0.0330362
-0.036437
0
00:27:119: <MSG>: 
23.0769
12.1725
0.334989
0.108986
12.038
-0.208343
-0.0412435
-0.0428537
0
00:27:128: <MSG>: 
23.0769
12.1673
0.33578
0.108612
12.0439
-0.198689
-0.0463999
-0.0493317
0
00:27:137: <MSG>: 
23.0769
12.1585
0.329392
0.108402
12.0502
-0.189457
-0.0514213
-0.0531627
0
00:27:146: <MSG>: 
23.0769
12.1585
0.329392
0.108116
12.0573
-0.179233
-0.0564611
-0.0581068
0
00:27:156: <MSG>: 
23.0769
12.1435
0.332104
0.107858
12.0622
-0.171657
-0.0609014
-0.0623195
1
00:27:165: <MSG>: 
23.0769
12.1325
0.332264
0.107758
12.063
-0.16933
-0.0657167
-0.0642629
0
00:27:174: <MSG>: 
23.0769
12.1262
0.33932
0.107628
12.0643
-0.166959
-0.0696604
-0.0663922
0
00:27:183: <MSG>: 
23.0769
12.1262
0.33932
0.107443
12.0678
-0.1617
-0.0730998
-0.0691205
0
00:27:192: <MSG>: 
23.0769
12.1262
0.335705
0.107389
12.0687
-0.159885
-0.0766595
-0.069924
0
00:27:201: <MSG>: 
23.0769
12.1293
0.336777
0.107483
12.0669
-0.161128
-0.0793143
-0.0683826
0
00:27:211: <MSG>: 
23.0769
12.132
0.327537
0.107461
12.0662
-0.160748
-0.0822092
-0.0685626
0
00:27:220: <MSG>: 
23.0769
12.1313
0.330808
0.107373
12.067
-0.158403
-0.0845752
-0.0695569
0
00:27:230: <MSG>: 
23.0769
12.1313
0.330808
0.107297
12.067
-0.157501
-0.0870487
-0.0703614
0
00:27:239: <MSG>: 
23.0769
12.1303
0.327122
0.107248
12.0664
-0.157268
-0.0893014
-0.0707805
0
00:27:248: <MSG>: 
23.0769
12.1288
0.333186
0.107067
12.0694
-0.152471
-0.0904768
-0.0727242
0
00:27:257: <MSG>: 
23.0769
12.1289
0.339668
0.106842
12.0747
-0.145049
-0.0908963
-0.0750364
0
00:27:266: <MSG>: 
23.0769
12.1289
0.339668
0.106185
12.082
-0.134899
-0.0951248
-0.0845766
0
00:27:276: <MSG>: 
23.0769
12.1377
0.357755
0.106096
12.0883
-0.126507
-0.0945425
-0.0845062
0
00:27:285: <MSG>: 
23.0769
12.1231
0.31977
0.105974
12.096
-0.115075
-0.0929588
-0.0846025
0
00:27:294: <MSG>: 
23.0769
12.1072
0.306902
0.105814
12.1024
-0.107682
-0.0921878
-0.0854749
0
00:27:303: <MSG>: 
23.0769
12.1072
0.306902
0.105712
12.1063
-0.102702
-0.092363
-0.0858448
0
00:27:313: <MSG>: 
23.0769
12.0896
0.340783
0.105653
12.111
-0.0959627
-0.0908482
-0.0850675
0
00:27:321: <MSG>: 
23.1293
12.0995
0.30082
0.105574
12.1173
-0.0889007
-0.0782201
-0.0847774
0
00:27:331: <MSG>: 
23.1293
12.102
0.254794
0.105688
12.115
-0.091259
-0.077026
-0.0821306
0
00:27:340: <MSG>: 
23.1293
12.1091
0.290694
0.105883
12.1157
-0.0908603
-0.0759613
-0.0785655
0
00:27:349: <MSG>: 
23.1293
12.1091
0.290694
0.105957
12.1162
-0.0903621
-0.0750237
-0.0765503
0
00:27:358: <MSG>: 
23.1293
12.1044
0.311221
0.106049
12.115
-0.0910981
-0.0749508
-0.0745376
0
00:27:367: <MSG>: 
23.1293
12.1063
0.29483
0.106223
12.1163
-0.0892547
-0.0737836
-0.0713077
0
00:27:377: <MSG>: 
23.1293
12.1177
0.332122
0.106742
12.1157
-0.0889298
-0.0715248
-0.0636458
0
00:27:386: <MSG>: 
23.1293
12.1177
0.332122
0.107321
12.1167
-0.0870355
-0.0697984
-0.0555113
0
00:27:395: <MSG>: 
23.1293
12.1266
0.31555
0.10761
12.1167
-0.0864368
-0.0696604
-0.051373
0
00:27:404: <MSG>: 
23.1293
12.1159
0.315611
0.108113
12.1153
-0.0865647
-0.0690603
-0.0446233
0
00:27:413: <MSG>: 
23.1293
12.1159
0.316802
0.108576
12.1137
-0.0873873
-0.0692877
-0.03866
0
00:27:422: <MSG>: 
23.1293
12.1159
0.316802
0.109229
12.1134
-0.0866349
-0.0709028
-0.0308727
0
00:27:431: <MSG>: 
23.1293
12.1186
0.325608
0.109312
12.1193
-0.0804506
-0.0681924
-0.0285128
0
00:27:440: <MSG>: 
23.1293
12.1176
0.312187
0.109299
12.13
-0.0682743
-0.0654661
-0.0275546
0
00:27:449: <MSG>: 
23.1293
12.1195
0.317482
0.109309
12.1432
-0.0527171
-0.0625306
-0.0261813
0
00:27:458: <MSG>: 
23.1293
12.1195
0.317482
0.109298
12.1546
-0.0400425
-0.0601531
-0.0252921
0
00:27:467: <MSG>: 
23.1293
12.1176
0.320324
0.109259
12.1735
-0.0180995
-0.0567954
-0.0244897
0
00:27:476: <MSG>: 
23.1293
12.1194
0.310393
0.109142
12.1988
0.0106513
-0.0536888
-0.0248353
0
00:27:486: <MSG>: 
23.1293
12.1163
0.324954
0.109214
12.2184
0.0340995
-0.0506357
-0.0224968
0
00:27:494: <MSG>: 
23.1293
12.1163
0.324954
0.109204
12.2187
0.0340953
-0.0509807
-0.0224941
0
00:27:503: <MSG>: 
23.1293
12.1194
0.309776
0.109193
12.2194
0.0340908
-0.051321
-0.0224912
0
00:27:511: <MSG>: 
23.1293
12.12
0.316391
0.109183
12.2192
0.0340864
-0.0517259
-0.0224883
0
00:27:520: <MSG>: 
23.1293
12.1288
0.316311
0.109172
12.22
0.0340827
-0.0520423
-0.0224859
0
00:27:528: <MSG>: 
23.1293
12.1288
0.316311
0.109162
12.2203
0.0340782
-0.052406
-0.022483
0
00:27:537: <MSG>: 
23.1293
12.1318
0.329095
0.109152
12.2204
0.0340745
-0.0527755
-0.0224806
0
00:27:547: <MSG>: 
23.1293
12.1388
0.313614
0.109214
12.2035
0.015641
-0.0487299
-0.0202406
0
00:27:556: <MSG>: 
23.1293
12.1475
0.32513
0.109339
12.1873
-0.00169747
-0.04392
-0.0169549
0
00:27:565: <MSG>: 
23.1293
12.1475
0.32513
0.109517
12.177
-0.0123125
-0.0396034
-0.0131023
0
00:27:574: <MSG>: 
23.1293
12.1516
0.323624
0.109581
12.1598
-0.0316085
-0.0350111
-0.0108181
0
00:27:583: <MSG>: 
23.1293
12.1541
0.320644
0.109789
12.1508
-0.0420225
-0.0305714
-0.0066222
0
00:27:592: <MSG>: 
23.1293
12.1521
0.322894
0.109482
12.1465
-0.045399
-0.0366699
-0.01185
0
00:27:601: <MSG>: 
23.1293
12.1521
0.322894
0.109276
12.1445
-0.0466247
-0.0419091
-0.0156081
0
00:27:610: <MSG>: 
23.1293
12.1542
0.32425
0.109074
12.1428
-0.0478526
-0.0470592
-0.0192514
0
00:27:619: <MSG>: 
23.1293
12.1466
0.322082
0.109246
12.1394
-0.0513214
-0.0517505
-0.0184029
0
00:27:629: <MSG>: 
23.1293
12.1469
0.321372
0.109349
12.1372
-0.0540104
-0.0557447
-0.0181656
0
00:27:638: <MSG>: 
23.1293
12.1469
0.321372
0.109057
12.1383
-0.0516623
-0.0606006
-0.0227151
0
00:27:647: <MSG>: 
23.1293
12.1424
0.328615
0.108856
12.1313
-0.058021
-0.0556919
-0.0238533
0
00:27:656: <MSG>: 
23.1293
12.146
0.316191
0.10879
12.1303
-0.0584241
-0.0595938
-0.0254728
0
00:27:666: <MSG>: 
23.1293
12.147
0.320362
0.108852
12.1271
-0.0602934
-0.0619507
-0.0251495
1
00:27:675: <MSG>: 
23.1293
12.147
0.320362
0.108705
12.1271
-0.0581679
-0.0639596
-0.0271447
0
00:27:684: <MSG>: 
23.1293
12.1498
0.314744
0.108847
12.1235
-0.0614014
-0.0658464
-0.0257309
0
00:27:693: <MSG>: 
23.1293
12.1505
0.315841
0.108779
12.1234
-0.0601784
-0.0672691
-0.0266648
0
00:27:703: <MSG>: 
23.1293
12.1441
0.311764
0.108662
12.1233
-0.0580853
-0.0683355
-0.0280421
0
00:27:711: <MSG>: 
23.1293
12.1476
0.318972
0.108378
12.1267
-0.0527567
-0.069767
-0.031481
0
00:27:721: <MSG>: 
23.1293
12.1476
0.318972
0.108319
12.1273
-0.0503486
-0.0705083
-0.0320297
0
00:27:730: <MSG>: 
23.1293
12.1423
0.312717
0.108254
12.1272
-0.0483467
-0.0713235
-0.0326645
0
00:27:740: <MSG>: 
23.1293
12.1466
0.314196
0.108077
12.1295
-0.045077
-0.072274
-0.0346523
0
00:27:749: <MSG>: 
23.1293
12.1444
0.318497
0.107969
12.1304
-0.0421689
-0.0725633
-0.0356173
0
00:27:758: <MSG>: 
23.1293
12.1444
0.318497
0.107826
12.134
-0.0367325
-0.0720814
-0.036783
0
00:27:767: <MSG>: 
23.1293
12.1451
0.303824
0.106556
12.155
-0.00956288
-0.0744853
-0.052394
0
00:27:777: <MSG>: 
23.1293
12.1476
0.366988
0.106517
12.1612
-0.00139362
-0.072049
-0.0514978
0
00:27:786: <MSG>: 
23.1293
12.1328
0.348329
0.106871
12.1637
0.00340914
-0.0667251
-0.0449761
0
00:27:795: <MSG>: 
23.1293
12.1328
0.348329
0.107225
12.1678
0.00905091
-0.0610508
-0.0384462
0
00:27:804: <MSG>: 
23.1293
12.1214
0.339867
0.107498
12.169
0.0103875
-0.0567804
-0.0333339
0
00:27:814: <MSG>: 
23.1293
12.1174
0.366579
0.107943
12.1619
0.00190874
-0.0523992
-0.0261568
0
00:27:823: <MSG>: 
22.5564
12.1359
0.330042
0.107956
12.1697
0.0108379
-0.177697
-0.0243447
0
00:27:832: <MSG>: 
22.5564
12.1372
0.281519
0.107853
12.1801
0.023335
-0.173711
-0.0241848
0
00:27:841: <MSG>: 
22.5564
12.1372
0.281519
0.107833
12.1879
0.0322445
-0.170316
-0.0231603
0
00:27:850: <MSG>: 
22.5564
12.1433
0.312285
0.107827
12.1961
0.0412703
-0.167233
-0.0220396
0
00:27:860: <MSG>: 
22.5564
12.1382
0.333177
0.108076
12.1965
0.0402519
-0.16195
-0.0165494
0
00:27:868: <MSG>: 
22.5564
12.136
0.308912
0.108341
12.1991
0.0410535
-0.158184
-0.0113325
0
00:27:878: <MSG>: 
22.5564
12.136
0.308912
0.108748
12.201
0.0415622
-0.155444
-0.00437466
0
00:27:886: <MSG>: 
22.5564
12.1379
0.339292
0.109469
12.2027
0.0421267
-0.152631
0.00707936
0
00:27:896: <MSG>: 
22.5564
12.1471
0.312863
0.109879
12.2024
0.0398424
-0.14899
0.0139573
0
00:27:905: <MSG>: 
22.5564
12.1482
0.305028
0.110325
12.1996
0.0358603
-0.14575
0.021116
0
00:27:915: <MSG>: 
22.5564
12.1482
0.305028
0.110633
12.1979
0.0324338
-0.142469
0.0261639
0
00:27:924: <MSG>: 
22.5564
12.1477
0.293687
0.111342
12.1959
0.0287013
-0.14422
0.0354024
0
00:27:933: <MSG>: 
22.5564
12.1475
0.323187
0.111499
12.2047
0.0373518
-0.139554
0.0382923
0
00:27:942: <MSG>: 
22.5564
12.1436
0.302299
0.111364
12.2219
0.0553542
-0.135719
0.0373359
0
00:27:951: <MSG>: 
22.5564
12.1436
0.302299
0.112029
12.2038
0.0343658
-0.131447
0.0462708
0
00:27:961: <MSG>: 
22.5564
12.1425
0.31185
0.112614
12.171
-0.00243721
-0.126455
0.0541924
0
00:27:970: <MSG>: 
22.5564
12.1485
0.300737
0.112988
12.1398
-0.0387315
-0.12217
0.0592361
0
00:27:979: <MSG>: 
22.5564
12.1494
0.299418
0.113138
12.1529
-0.0257702
-0.1183
0.0615428
0
00:27:988: <MSG>: 
22.5564
12.149
0.29992
0.113316
12.1676
-0.0103052
-0.11455
0.0641703
0
00:27:997: <MSG>: 
22.5564
12.149
0.29992
0.113446
12.1868
0.0104135
-0.111443
0.0660065
0
00:28:005: <MSG>: 
22.5564
12.1467
0.299158
0.113493
12.187
0.0104134
-0.110919
0.0660055
0
00:28:014: <MSG>: 
22.5564
12.1483
0.294553
0.113544
12.1868
0.0104132
-0.110347
0.0660044
0
00:28:023: <MSG>: 
22.5564
12.147
0.302436
0.113594
12.1871
0.010413
-0.109777
0.0660033
0
00:28:032: <MSG>: 
22.5564
12.147
0.302436
0.113647
12.1872
0.0104129
-0.109172
0.0660023
0
00:28:041: <MSG>: 
22.5564
12.1473
0.306601
0.113699
12.1873
0.0104127
-0.108583
0.0660012
0
00:28:051: <MSG>: 
22.5564
12.146
0.296599
0.113815
12.1667
-0.0135809
-0.105453
0.0673695
0
00:28:060: <MSG>: 
22.5564
12.1497
0.307028
0.11399
12.1467
-0.0380268
-0.101618
0.0697232
0
00:28:069: <MSG>: 
22.5564
12.1497
0.307028
0.114113
12.1273
-0.0615153
-0.0978107
0.0713472
0
00:28:079: <MSG>: 
22.5564
12.1517
0.30849
0.114218
12.1113
-0.0808769
-0.0939507
0.0727818
0
00:28:088: <MSG>: 
22.5564
12.1451
0.308387
0.114221
12.0918
-0.103945
-0.0897839
0.0729977
0
00:28:097: <MSG>: 
22.5564
12.1444
0.305193
0.11429
12.078
-0.1202
-0.0862259
0.0739441
0
00:28:106: <MSG>: 
22.5564
12.1467
0.310464
0.114346
12.077
-0.120206
-0.0854522
0.0739469
0
00:28:116: <MSG>: 
22.5564
12.1467
0.310464
0.114189
12.0815
-0.112806
-0.0915769
0.0688499
0
00:28:125: <MSG>: 
22.5564
12.1479
0.305087
0.11397
12.0874
-0.104072
-0.0969454
0.0632819
0
00:28:134: <MSG>: 
22.5564
12.1438
0.310536
0.11392
12.0923
-0.0973468
-0.102467
0.0600708
0
00:28:144: <MSG>: 
22.5564
12.1408
0.30467
0.11369
12.0973
-0.0904566
-0.106991
0.0547051
0
00:28:154: <MSG>: 
22.5564
12.1408
0.30467
0.113438
12.1037
-0.0816228
-0.111183
0.0492389
1
00:28:164: <MSG>: 
22.5564
12.1353
0.30705
0.113416
12.1064
-0.0777619
-0.114779
0.0471727
0
00:28:173: <MSG>: 
22.5564
12.1351
0.307479
0.113385
12.1086
-0.0749124
-0.118822
0.0449012
0
00:28:182: <MSG>: 
22.5564
12.1365
0.311894
0.113755
12.1036
-0.0804007
-0.121978
0.0483248
0
00:28:191: <MSG>: 
22.5564
12.1382
0.306618
0.113902
12.1016
-0.0819941
-0.124731
0.0488197
0
00:28:201: <MSG>: 
22.5564
12.1382
0.306618
0.114107
12.0984
-0.0848949
-0.127228
0.0501097
0
00:28:210: <MSG>: 
22.5564
12.1384
0.301023
0.114088
12.0988
-0.0832627
-0.12923
0.0485311
0
00:28:220: <MSG>: 
22.5564
12.1401
0.308384
0.11401
12.1005
-0.0803422
-0.130367
0.0464466
0
00:28:229: <MSG>: 
22.5564
12.1371
0.300334
0.113911
12.1016
-0.0784128
-0.132209
0.0439444
0
00:28:238: <MSG>: 
22.5564
12.1371
0.300334
0.113603
12.1077
-0.0700267
-0.133004
0.03898
0
00:28:247: <MSG>: 
22.5564
12.1342
0.304559
0.113403
12.1124
-0.0631464
-0.133292
0.0356961
0
00:28:257: <MSG>: 
22.5564
12.1364
0.297459
0.113093
12.1202
-0.0533185
-0.133557
0.0309944
0
00:28:266: <MSG>: 
22.5564
12.1278
0.29746
0.112939
12.1235
-0.0481911
-0.13408
0.0283459
0
00:28:275: <MSG>: 
22.5564
12.1278
0.29746
0.112253
12.1302
-0.0394163
-0.139073
0.0173932
0
00:28:285: <MSG>: 
22.5564
12.131
0.342543
0.112037
12.1365
-0.0329046
-0.138718
0.0143831
0
00:28:294: <MSG>: 
22.5564
12.1262
0.313477
0.111899
12.145
-0.0224043
-0.136264
0.0130802
0
00:28:303: <MSG>: 
22.5564
12.1243
0.321043
0.112016
12.1493
-0.0164587
-0.132731
0.0155054
0
00:28:312: <MSG>: 
23.224
12.1235
0.342688
0.112067
12.1579
-0.00660849
0.0210926
0.0173431
0
00:28:322: <MSG>: 
23.224
12.1235
0.342688
0.112166
12.1659
0.00290061
0.0253728
0.0197633
0
00:28:331: <MSG>: 
23.224
12.1282
0.30406
0.11224
12.1738
0.0125926
0.0290799
0.0216471
0
00:28:341: <MSG>: 
23.224
12.1252
0.247893
0.112854
12.173
0.0105582
0.0327346
0.0296449
0
00:28:350: <MSG>: 
23.224
12.1262
0.281677
0.113519
12.172
0.00832103
0.0387202
0.0388523
0
00:28:359: <MSG>: 
23.224
12.1262
0.281677
0.113802
12.1718
0.0071848
0.0416352
0.0425446
0
00:28:368: <MSG>: 
23.224
12.1301
0.297993
0.114024
12.1717
0.00640343
0.0434291
0.0451339
0
00:28:377: <MSG>: 
23.224
12.1293
0.294309
0.114385
12.172
0.00646352
0.0445308
0.0491545
0
00:28:386: <MSG>: 
23.224
12.1383
0.336161
0.114898
12.1714
0.0052088
0.046291
0.0550579
0
00:28:395: <MSG>: 
23.224
12.1439
0.348576
0.115637
12.1704
0.00378506
0.0481513
0.0635948
0
00:28:405: <MSG>: 
23.224
12.1439
0.348576
0.116117
12.1705
0.00321548
0.05056
0.0690802
0
00:28:414: <MSG>: 
23.224
12.1429
0.341109
0.116527
12.1689
0.0010738
0.0532092
0.0737826
0
00:28:424: <MSG>: 
23.224
12.1418
0.335469
0.11725
12.1672
-0.00098738
0.0546927
0.0817274
0
00:28:432: <MSG>: 
23.224
12.143
0.340309
0.116992
12.1836
0.0163387
0.0573684
0.0780558
0
00:28:441: <MSG>: 
23.224
12.143
0.340309
0.116963
12.1956
0.0294439
0.0599493
0.0774287
0
00:28:450: <MSG>: 
23.224
12.1402
0.330706
0.116916
12.2121
0.0477498
0.0628916
0.076794
0
00:28:459: <MSG>: 
23.224
12.1361
0.332578
0.116803
12.2295
0.0663768
0.0657287
0.0752039
0
00:28:468: <MSG>: 
23.224
12.1388
0.339137
0.116846
12.2422
0.0797355
0.0681447
0.0756128
0
00:28:477: <MSG>: 
23.224
12.1388
0.339137
0.116886
12.2591
0.0982969
0.070721
0.076073
0
00:28:486: <MSG>: 
23.224
12.1378
0.327237
0.116948
12.2778
0.119281
0.0729642
0.0766814
0
00:28:494: <MSG>: 
23.224
12.1405
0.333696
0.116996
12.2991
0.142878
0.0750336
0.0771292
0
00:28:503: <MSG>: 
23.224
12.1376
0.332478
0.117052
12.2998
0.142875
0.0755978
0.0771283
0
00:28:512: <MSG>: 
23.224
12.1376
0.332478
0.117113
12.301
0.142872
0.0762755
0.0771273
0
00:28:520: <MSG>: 
23.224
12.1465
0.330002
0.117172
12.3025
0.142869
0.076987
0.0771264
0
00:28:529: <MSG>: 
23.224
12.1525
0.336114
0.117229
12.3034
0.142866
0.0776038
0.0771255
0
00:28:537: <MSG>: 
23.224
12.1683
0.340782
0.117286
12.3048
0.142862
0.0783173
0.0771245
0
00:28:547: <MSG>: 
23.224
12.1683
0.340782
0.117348
12.3061
0.14286
0.0790082
0.0771236
0
00:28:556: <MSG>: 
23.224
12.1789
0.332362
0.117438
12.291
0.125819
0.0816803
0.0780358
0
00:28:565: <MSG>: 
23.224
12.1933
0.32874
0.117384
12.2773
0.109854
0.0835549
0.0767997
0
00:28:574: <MSG>: 
23.224
12.1933
0.32874
0.117055
12.2617
0.0894153
0.0736136
0.0688513
0
00:28:583: <MSG>: 
23.224
12.1972
0.341626
0.117021
12.2455
0.0689828
0.0657521
0.0651167
0
00:28:592: <MSG>: 
23.224
12.2001
0.322975
0.116348
12.2351
0.0566666
0.0570661
0.0538946
0
00:28:601: <MSG>: 
23.224
12.1973
0.327948
0.115993
12.2231
0.0431825
0.0499862
0.0469313
0
00:28:611: <MSG>: 
23.224
12.1973
0.327948
0.115515
12.216
0.0355733
0.0424582
0.0385288
0
00:28:619: <MSG>: 
23.224
12.1976
0.325314
0.115124
12.2093
0.0283734
0.0352045
0.0313263
0
00:28:629: <MSG>: 
23.224
12.1975
0.323723
0.11471
12.2052
0.0233087
0.0280964
0.0239901
0
00:28:638: <MSG>: 
23.224
12.1918
0.320699
0.114424
12.1994
0.0177383
0.0220945
0.0185441
0
00:28:647: <MSG>: 
23.224
12.197
0.321003
0.11423
12.194
0.011262
0.0167275
0.0144044
0
00:28:657: <MSG>: 
23.224
12.197
0.321003
0.114102
12.1873
0.00411562
0.0111775
0.0110326
0
00:28:667: <MSG>: 
23.224
12.1918
0.314254
0.114211
12.1774
-0.00591769
0.00698711
0.0108347
1
00:28:676: <MSG>: 
23.224
12.1938
0.314336
0.113967
12.1735
-0.00895455
0.00286631
0.00659276
0
00:28:685: <MSG>: 
23.224
12.1878
0.316735
0.113607
12.1697
-0.0115231
-0.00148905
0.0009759
0
00:28:694: <MSG>: 
23.224
12.1878
0.316735
0.113174
12.1686
-0.0112334
-0.00501874
-0.00519037
0
00:28:704: <MSG>: 
23.224
12.1901
0.31406
0.112909
12.1658
-0.0135852
-0.00843197
-0.00930062
0
00:28:713: <MSG>: 
23.224
12.188
0.314999
0.112626
12.1637
-0.0143794
-0.0110262
-0.0133266
0
00:28:722: <MSG>: 
23.224
12.1858
0.312182
0.112065
12.1664
-0.00937708
-0.0137625
-0.0206607
0
00:28:731: <MSG>: 
23.224
12.1858
0.312182
0.111855
12.1642
-0.0107903
-0.0160565
-0.0236123
0
00:28:741: <MSG>: 
23.224
12.1851
0.314544
0.111554
12.1645
-0.00885999
-0.0179391
-0.0274893
0
00:28:749: <MSG>: 
23.224
12.1815
0.309404
0.111228
12.1633
-0.00937858
-0.0201541
-0.0317654
0
00:28:759: <MSG>: 
23.224
12.1817
0.312928
0.110748
12.1676
-0.00362758
-0.021453
-0.0375827
0
00:28:768: <MSG>: 
23.224
12.1738
0.352856
0.110019
12.1785
0.00967261
-0.0217151
-0.0460646
0
00:28:777: <MSG>: 
23.224
12.1738
0.352856
0.109588
12.1835
0.0161977
-0.0215689
-0.0507692
0
00:28:786: <MSG>: 
23.224
12.1759
0.350931
0.109673
12.1827
0.0170514
-0.0187846
-0.0482764
0
00:28:796: <MSG>: 
23.0456
12.1586
0.326405
0.10962
12.1851
0.0207728
-0.0552992
-0.0475276
0
00:28:805: <MSG>: 
23.0456
12.1449
0.345077
0.109383
12.1936
0.0300898
-0.0519005
-0.0488511
0
00:28:815: <MSG>: 
23.0456
12.1449
0.345077
0.109635
12.1845
0.0189101
-0.0507837
-0.0447789
0
00:28:824: <MSG>: 
23.0456
12.1394
0.342468
0.109767
12.1819
0.0158097
-0.0483821
-0.0418864
0
00:28:833: <MSG>: 
23.0456
12.1478
0.281123
0.109421
12.1899
0.0242116
-0.0474074
-0.0454229
0
00:28:843: <MSG>: 
23.0456
12.1513
0.311713
0.109332
12.1945
0.0289878
-0.0449658
-0.0452246
0
00:28:852: <MSG>: 
23.0456
12.1535
0.331207
0.109634
12.1912
0.0237437
-0.0407289
-0.0389632
0
00:28:862: <MSG>: 
23.0456
12.1535
0.331207
0.10988
12.1884
0.0189582
-0.0376043
-0.033936
0
00:28:871: <MSG>: 
23.0456
12.1539
0.302134
0.110135
12.1862
0.0153004
-0.0352863
-0.0291023
0
00:28:880: <MSG>: 
23.0456
12.1601
0.309977
0.11038
12.1864
0.0139952
-0.0317944
-0.0241539
0
00:28:889: <MSG>: 
23.0456
12.1746
0.329128
0.110677
12.1863
0.0118911
-0.0300175
-0.0190408
0
00:28:898: <MSG>: 
23.0456
12.1746
0.329128
0.111177
12.1849
0.00909199
-0.0282247
-0.0110832
0
00:28:907: <MSG>: 
23.0456
12.1649
0.308175
0.111587
12.1824
0.00573549
-0.0275508
-0.00487004
0
00:28:917: <MSG>: 
23.0456
12.1639
0.317442
0.112031
12.1789
0.000567597
-0.0276998
0.00144812
0
00:28:925: <MSG>: 
23.0456
12.1629
0.328398
0.111984
12.1866
0.00930994
-0.0251823
0.0016235
0
00:28:935: <MSG>: 
23.0456
12.1629
0.328398
0.112278
12.1389
-0.0444163
-0.0224925
0.00582271
0
00:28:943: <MSG>: 
23.0456
12.1652
0.319793
0.112935
12.1077
-0.081083
-0.0178348
0.0151372
0
00:28:953: <MSG>: 
23.0456
12.1607
0.318014
0.113578
12.0732
-0.120109
-0.0119092
0.0245092
0
00:28:962: <MSG>: 
23.0456
12.1642
0.321751
0.113512
12.0846
-0.107602
-0.00987203
0.0240159
0
00:28:971: <MSG>: 
23.0456
12.1663
0.310078
0.113386
12.1022
-0.0877545
-0.00779816
0.0228405
0
00:28:980: <MSG>: 
23.0456
12.1663
0.310078
0.113255
12.1255
-0.0610439
-0.0057415
0.0216401
0
00:28:989: <MSG>: 
23.0456
12.1667
0.310972
0.113241
12.1424
-0.0426028
-0.00396098
0.0218025
0
00:28:998: <MSG>: 
23.0456
12.1614
0.316857
0.113256
12.142
-0.0426035
-0.00376833
0.0218028
0
00:29:006: <MSG>: 
23.0456
12.1495
0.310914
0.113271
12.1414
-0.0426043
-0.00357736
0.0218032
0
00:29:015: <MSG>: 
23.0456
12.1495
0.310914
0.113287
12.141
-0.0426051
-0.00335462
0.0218035
0
00:29:024: <MSG>: 
23.0456
12.147
0.318635
0.113303
12.1408
-0.0426058
-0.0031342
0.0218038
0
00:29:033: <MSG>: 
23.0456
12.1504
0.325412
0.113318
12.1404
-0.0426065
-0.00290098
0.0218041
0
00:29:041: <MSG>: 
23.0456
12.1504
0.325412
0.113334
12.14
-0.0426072
-0.00267289
0.0218044
0
00:29:051: <MSG>: 
23.0456
12.1528
0.316088
0.113134
12.1134
-0.0736028
0.000324122
0.019723
0
00:29:060: <MSG>: 
23.0456
12.1545
0.316174
0.113013
12.0916
-0.0982924
0.00313299
0.018665
0
00:29:069: <MSG>: 
23.0456
12.1578
0.319812
0.113041
12.0727
-0.120948
0.0059962
0.019526
0
00:29:078: <MSG>: 
23.0456
12.1578
0.319812
0.112978
12.0525
-0.144444
0.00918032
0.019339
0
00:29:087: <MSG>: 
23.0456
12.1535
0.320245
0.112896
12.035
-0.164704
0.0124373
0.0189423
0
00:29:096: <MSG>: 
23.0456
12.1499
0.317721
0.112495
12.0463
-0.148061
0.00509769
0.0109417
0
00:29:105: <MSG>: 
23.0456
12.1527
0.322474
0.112146
12.0565
-0.132805
-0.000193032
0.00439981
0
00:29:115: <MSG>: 
23.0456
12.1527
0.322474
0.11188
12.0665
-0.119161
-0.00566463
-0.000921638
0
00:29:124: <MSG>: 
23.0456
12.155
0.316259
0.111837
12.0732
-0.110318
-0.0106997
-0.0029167
0
00:29:133: <MSG>: 
23.0456
12.1509
0.318601
0.111716
12.0813
-0.0992643
-0.014597
-0.00564051
0
00:29:142: <MSG>: 
23.0456
12.1434
0.319802
0.111543
12.0897
-0.088421
-0.017892
-0.00885732
0
00:29:151: <MSG>: 
23.0456
12.1434
0.319802
0.111541
12.0961
-0.0798988
-0.0205968
-0.00948517
1
00:29:160: <MSG>: 
23.0456
12.1322
0.321933
0.111576
12.1001
-0.0746304
-0.0233417
-0.00962771
0
00:29:169: <MSG>: 
23.0456
12.1287
0.318303
0.111611
12.1035
-0.0710476
-0.0261017
-0.00980358
0
00:29:179: <MSG>: 
23.0456
12.1296
0.324593
0.11153
12.1091
-0.0640718
-0.0282691
-0.0113748
0
00:29:188: <MSG>: 
23.0456
12.1339
0.318281
0.11157
12.1117
-0.0614666
-0.0310206
-0.0114494
0
00:29:198: <MSG>: 
23.0456
12.1339
0.318281
0.11176
12.111
-0.0620231
-0.0324813
-0.00914987
0
00:29:207: <MSG>: 
23.0456
12.1344
0.323777
0.111856
12.1114
-0.060765
-0.0338808
-0.00813939
0
00:29:216: <MSG>: 
23.0456
12.1393
0.319692
0.112056
12.1099
-0.0626736
-0.0356444
-0.0058667
0
00:29:226: <MSG>: 
23.0456
12.1373
0.319823
0.112084
12.1114
-0.0598777
-0.0366604
-0.00571434
0
00:29:235: <MSG>: 
23.0456
12.1373
0.319823
0.112109
12.1125
-0.0587226
-0.0377774
-0.00564905
0
00:29:244: <MSG>: 
23.0456
12.1378
0.317837
0.112091
12.1153
-0.0556235
-0.0381956
-0.00594244
0
00:29:253: <MSG>: 
23.0456
12.1415
0.354165
0.111408
12.1397
-0.0257089
-0.033078
-0.0134404
0
00:29:263: <MSG>: 
23.0456
12.1458
0.321064
0.111181
12.1471
-0.016382
-0.0335105
-0.0163985
0
00:29:272: <MSG>: 
23.0456
12.122
0.300368
0.111136
12.1532
-0.00836175
-0.0320014
-0.0162862
0
00:29:282: <MSG>: 
23.0456
12.122
0.300368
0.110922
12.1627
0.00288227
-0.0310597
-0.0186029
0
00:29:291: <MSG>: 
23.0456
12.1162
0.350291
0.110966
12.1707
0.012931
-0.0273965
-0.0166276
0
00:29:301: <MSG>: 
22.8597
12.127
0.357865
0.111322
12.1719
0.013267
-0.0651143
-0.0105483
0
00:29:310: <MSG>: 
22.8597
12.133
0.309518
0.11121
12.179
0.0207427
-0.0637034
-0.0114477
0
00:29:320: <MSG>: 
22.8597
12.1391
0.302557
0.111223
12.1875
0.0290168
-0.0607745
-0.010228
0
00:29:329: <MSG>: 
22.8597
12.1391
0.302557
0.111587
12.184
0.0236582
-0.0569776
-0.00476053
0
00:29:338: <MSG>: 
22.8597
12.1374
0.34748
0.112262
12.181
0.0200375
-0.0517351
0.00473567
0
00:29:348: <MSG>: 
22.8597
12.1416
0.318016
0.112408
12.1811
0.0186611
-0.0487149
0.00725675
0
00:29:357: <MSG>: 
22.8597
12.1411
0.331098
0.112882
12.1781
0.015063
-0.0434017
0.0142871
0
00:29:367: <MSG>: 
22.8597
12.1411
0.331098
0.1132
12.1761
0.0120448
-0.0408327
0.018585
0
00:29:376: <MSG>: 
22.8597
12.1574
0.342822
0.113722
12.1754
0.00999451
-0.037735
0.025402
0
00:29:385: <MSG>: 
22.8597
12.1565
0.33037
0.114411
12.175
0.00884956
-0.0347289
0.0340797
0
00:29:394: <MSG>: 
22.8597
12.1557
0.32237
0.115039
12.1732
0.00650035
-0.0326449
0.0416419
0
00:29:403: <MSG>: 
22.8597
12.1551
0.332641
0.115433
12.1723
0.00487183
-0.0303062
0.0464564
0
00:29:412: <MSG>: 
22.8597
12.1551
0.332641
0.115428
12.181
0.0135496
-0.027528
0.0466222
0
00:29:422: <MSG>: 
22.8597
12.1537
0.333364
0.115322
12.1963
0.0299095
-0.0240289
0.0456648
0
00:29:431: <MSG>: 
22.8597
12.1528
0.326033
0.115238
12.2139
0.0487572
-0.020553
0.0450137
0
00:29:441: <MSG>: 
22.8597
12.147
0.340859
0.115254
12.2276
0.0636555
-0.0164596
0.0459534
0
00:29:450: <MSG>: 
22.8597
12.147
0.340859
0.115509
12.1753
0.00432066
-0.0124259
0.0497872
0
00:29:459: <MSG>: 
22.8597
12.1543
0.323835
0.115577
12.1903
0.0194998
-0.00895602
0.051168
0
00:29:468: <MSG>: 
22.8597
12.1505
0.328115
0.115728
12.2034
0.0337176
-0.00555745
0.0537039
0
00:29:477: <MSG>: 
22.8597
12.1568
0.325315
0.115623
12.228
0.0604484
-0.00328123
0.052392
0
00:29:485: <MSG>: 
22.8597
12.1568
0.325315
0.115655
12.2285
0.0604524
-0.00277387
0.0523956
0
00:29:494: <MSG>: 
22.8597
12.1541
0.324903
0.11569
12.2285
0.0604562
-0.00225532
0.0523991
0
00:29:502: <MSG>: 
22.8597
12.1578
0.314461
0.115725
12.2292
0.0604604
-0.00168603
0.0524029
0
00:29:511: <MSG>: 
22.8597
12.159
0.326823
0.115761
12.2298
0.0604637
-0.00111046
0.052406
0
00:29:520: <MSG>: 
22.8597
12.159
0.326823
0.115796
12.2303
0.0604676
-0.000565767
0.0524095
0
00:29:528: <MSG>: 
22.8597
12.156
0.320656
0.115832
12.2306
0.0604712
-3.02549e-05
0.0524128
0
00:29:538: <MSG>: 
22.8597
12.1607
0.31954
0.115992
12.213
0.0394353
0.00321037
0.0547477
0
00:29:547: <MSG>: 
22.8597
12.1663
0.333811
0.116226
12.1999
0.0249533
0.00734084
0.0583419
0
00:29:555: <MSG>: 
22.8597
12.1663
0.333811
0.116297
12.1814
0.00392396
0.0111648
0.0596415
0
00:29:565: <MSG>: 
22.8597
12.1725
0.326989
0.116321
12.1638
-0.017365
0.0145321
0.0601042
0
00:29:574: <MSG>: 
22.8597
12.1661
0.328429
0.116374
12.1466
-0.0366435
0.0185776
0.0611858
0
00:29:582: <MSG>: 
22.8597
12.1661
0.328429
0.116412
12.1463
-0.0366475
0.0192422
0.0611923
0
00:29:591: <MSG>: 
22.8597
12.169
0.320159
0.116452
12.1465
-0.0366515
0.0199525
0.061199
0
00:29:601: <MSG>: 
22.8597
12.1648
0.33174
0.116127
12.1492
-0.0316862
0.0112795
0.0541604
0
00:29:609: <MSG>: 
22.8597
12.166
0.320975
0.116075
12.1504
-0.0306037
0.00354285
0.0506366
0
00:29:619: <MSG>: 
22.8597
12.166
0.320975
0.116042
12.1512
-0.029641
-0.0038541
0.0474313
0
00:29:627: <MSG>: 
22.8597
12.1644
0.329428
0.115724
12.1544
-0.0245389
-0.00974121
0.0415703
0
00:29:637: <MSG>: 
22.8597
12.1622
0.321232
0.115515
12.1573
-0.0199459
-0.0149447
0.0371614
0
00:29:647: <MSG>: 
22.8597
12.1623
0.325746
0.115009
12.162
-0.0120774
-0.0194605
0.0296726
0
00:29:656: <MSG>: 
22.8597
12.1593
0.321842
0.114816
12.162
-0.0108555
-0.0247428
0.0255629
1
00:29:665: <MSG>: 
22.8597
12.1593
0.321842
0.11524
12.1546
-0.0196677
-0.0280243
0.0290599
0
00:29:675: <MSG>: 
22.8597
12.1639
0.317401
0.115466
12.1507
-0.0244211
-0.0308098
0.0304
0
00:29:685: <MSG>: 
22.8597
12.1616
0.313554
0.115263
12.1508
-0.0224541
-0.0340642
0.0267162
0
00:29:695: <MSG>: 
22.8597
12.1651
0.312307
0.115077
12.1517
-0.0207336
-0.0374266
0.0232593
0
00:29:704: <MSG>: 
22.8597
12.1618
0.318467
0.11497
12.1512
-0.0197683
-0.0399161
0.0210102
0
00:29:714: <MSG>: 
22.8597
12.1618
0.318467
0.114748
12.1531
-0.0163243
-0.0422172
0.0175206
0
00:29:723: <MSG>: 
22.8597
12.1628
0.310692
0.114455
12.1567
-0.0109412
-0.0442147
0.0133422
0
00:29:733: <MSG>: 
22.8597
12.1615
0.31493
0.114212
12.1591
-0.00650533
-0.0460226
0.00983139
0
00:29:742: <MSG>: 
22.8597
12.1643
0.308329
0.113833
12.1646
0.000882764
-0.0479851
0.00472709
0
00:29:751: <MSG>: 
22.8597
12.1643
0.308329
0.113526
12.1695
0.00781427
-0.0494137
0.000676297
0
00:29:761: <MSG>: 
22.8597
12.1589
0.31486
0.113309
12.1738
0.0139482
-0.0499048
-0.0020159
0
00:29:770: <MSG>: 
22.8597
12.1615
0.314241
0.113103
12.1775
0.0181277
-0.0504121
-0.00457601
0
00:29:779: <MSG>: 
22.8597
12.1592
0.322536
0.112953
12.1804
0.0219883
-0.0505103
-0.00632251
0
00:29:788: <MSG>: 
22.8597
12.1605
0.309247
0.112678
12.1864
0.0290376
-0.0506312
-0.00955184
0
00:29:798: <MSG>: 
22.8597
12.1605
0.309247
0.112493
12.1911
0.0345146
-0.0503179
-0.0115492
0
00:29:807: <MSG>: 
22.8597
12.1648
0.316828
0.11235
12.196
0.0402549
-0.0495888
-0.0129002
0
00:29:816: <MSG>: 
22.8597
12.1655
0.307056
0.112066
12.2044
0.050322
-0.0492251
-0.0160539
0
00:29:826: <MSG>: 
22.8597
12.1653
0.31319
0.111988
12.2096
0.0559233
-0.0483915
-0.016515
0
00:29:835: <MSG>: 
22.8597
12.1653
0.31319
0.111775
12.2166
0.0631198
-0.0477444
-0.018692
0
00:29:845: <MSG>: 
22.8597
12.1609
0.30795
0.11197
12.2163
0.0609286
-0.045356
-0.0148912
0
00:29:854: <MSG>: 
22.8597
12.1639
0.311316
0.112081
12.2171
0.059377
-0.0423941
-0.0122221
0
00:29:864: <MSG>: 
22.8597
12.1648
0.304444
0.11214
12.2158
0.056288
-0.0398058
-0.0104493
0
00:29:873: <MSG>: 
22.8597
12.1711
0.306289
0.11234
12.2182
0.0568598
-0.0385089
-0.00701095
0
00:29:883: <MSG>: 
22.8597
12.1711
0.306289
0.112591
12.2198
0.056847
-0.0377295
-0.00305895
0
00:29:892: <MSG>: 
22.8597
12.1702
0.305626
0.112722
12.2187
0.0541865
-0.0360999
-0.000661957
0
00:29:901: <MSG>: 
22.8597
12.1703
0.301405
0.112937
12.2168
0.0504635
-0.0351758
0.00268435
0
00:29:911: <MSG>: 
22.8597
12.1674
0.308357
0.113246
12.2138
0.0454937
-0.0352646
0.00700358
0
00:29:920: <MSG>: 
22.8597
12.1658
0.301787
0.113741
12.2117
0.0412488
-0.0383715
0.0130045
0
00:29:929: <MSG>: 
22.8597
12.1658
0.301787
0.113323
12.2282
0.0583951
-0.0373256
0.00816949
0
00:29:938: <MSG>: 
22.8597
12.1691
0.308228
0.112979
12.2468
0.0780827
-0.0357459
0.00443228
0
00:29:947: <MSG>: 
22.8597
12.1697
0.298106
0.11293
12.2578
0.0895165
-0.0343243
0.00425926
0
00:29:956: <MSG>: 
22.8597
12.1716
0.30397
0.112868
12.2716
0.103935
-0.0330698
0.00390522
0
00:29:965: <MSG>: 
22.8597
12.1716
0.30397
0.112802
12.2845
0.116744
-0.0318609
0.00347799
0
00:29:974: <MSG>: 
22.8597
12.1684
0.296961
0.112697
12.3029
0.136055
-0.0303137
0.00271684
0
00:29:984: <MSG>: 
22.8597
12.1668
0.297615
0.11255
12.3254
0.15986
-0.029247
0.00131195
0
00:29:992: <MSG>: 
22.8597
12.168
0.298451
0.112616
12.3445
0.180116
-0.027369
0.00280546
0
00:30:002: <MSG>: 
22.8597
12.168
0.298451
0.112529
12.3745
0.212769
-0.0257579
0.00236697
0
00:30:011: <MSG>: 
22.8597
12.1709
0.303748
0.112641
12.3483
0.181291
-0.0235665
0.00429067
0
00:30:020: <MSG>: 
22.8597
12.1748
0.304199
0.112753
12.3258
0.154164
-0.0213894
0.00620789
0
00:30:029: <MSG>: 
22.8597
12.1828
0.304876
0.112857
12.3016
0.124247
-0.0191538
0.0080048
0
00:30:039: <MSG>: 
22.8597
12.1828
0.304876
0.113039
12.2865
0.104945
-0.0172696
0.0107242
0
00:30:048: <MSG>: 
22.8597
12.1918
0.304952
0.113198
12.2729
0.0875295
-0.0153684
0.0131306
0
00:30:057: <MSG>: 
22.8597
12.2042
0.301211
0.113135
12.2528
0.0627477
-0.0135574
0.012597
0
00:30:066: <MSG>: 
22.8597
12.2148
0.303014
0.113075
12.2338
0.0398843
-0.0115949
0.0121538
0
00:30:075: <MSG>: 
22.8597
12.2211
0.297085
0.112951
12.2151
0.0172411
-0.00995339
0.0108094
0
00:30:084: <MSG>: 
22.8597
12.2211
0.297085
0.112843
12.1965
-0.00569424
-0.00824277
0.00969741
0
00:30:094: <MSG>: 
22.8597
12.2183
0.301124
0.11237
12.1959
-0.00459793
-0.0154551
0.000417991
0
00:30:103: <MSG>: 
22.8597
12.2139
0.293629
0.112141
12.1971
-0.00304882
-0.0224446
-0.00498929
0
00:30:112: <MSG>: 
22.8597
12.2089
0.29954
0.111726
12.1993
0.000976204
-0.029009
-0.0129278
0
00:30:123: <MSG>: 
22.8597
12.2089
0.29954
0.11146
12.2023
0.00517508
-0.0348291
-0.0182675
0
00:30:132: <MSG>: 
22.8597
12.207
0.300782
0.111242
12.2046
0.00834813
-0.0401114
-0.0226701
0
00:30:141: <MSG>: 
22.8597
12.2041
0.301554
0.111064
12.2064
0.0111976
-0.0446117
-0.0262092
0
00:30:151: <MSG>: 
22.8597
12.2037
0.300207
0.110825
12.2093
0.0144601
-0.0492076
-0.0306
0
00:30:160: <MSG>: 
22.8597
12.2048
0.297697
0.110765
12.2114
0.0162869
-0.0537989
-0.0323148
1
00:30:169: <MSG>: 
22.8597
12.2048
0.297697
0.110672
12.2127
0.0174625
-0.0581907
-0.0344566
0
00:30:178: <MSG>: 
22.8597
12.2021
0.29652
0.110619
12.212
0.0163172
-0.0625866
-0.0359585
0
00:30:187: <MSG>: 
22.8597
12.206
0.292712
0.110637
12.211
0.0151098
-0.0654334
-0.0360022
0
00:30:197: <MSG>: 
22.8597
12.2051
0.30336
0.110539
12.2124
0.0179377
-0.0669699
-0.0373169
0
00:30:206: <MSG>: 
22.8597
12.2051
0.30336
0.110429
12.2142
0.0208503
-0.0686037
-0.0387994
0
00:30:215: <MSG>: 
22.8597
12.2056
0.292309
0.110304
12.2156
0.0219599
-0.0709578
-0.0406921
0
00:30:225: <MSG>: 
22.8597
12.2013
0.300255
0.110116
12.2176
0.0251336
-0.0725482
-0.0432178
0
00:30:234: <MSG>: 
22.8597
12.2057
0.301147
0.109919
12.2228
0.0308911
-0.0732045
-0.0455634
0
00:30:243: <MSG>: 
22.8597
12.2057
0.301147
0.109758
12.2271
0.036416
-0.0734951
-0.0472754
0
00:30:252: <MSG>: 
22.8597
12.2041
0.302422
0.109759
12.2281
0.0385087
-0.0735027
-0.0465695
0
00:30:262: <MSG>: 
22.8597
12.2065
0.295852
0.109665
12.2323
0.0433147
-0.07349
-0.0471965
0
00:30:271: <MSG>: 
22.8597
12.2004
0.303287
0.109506
12.2381
0.0507427
-0.0732383
-0.0486895
0
00:30:280: <MSG>: 
22.8597
12.1963
0.345244
0.109294
12.2488
0.0631783
-0.0705815
-0.0501381
0
00:30:290: <MSG>: 
22.8597
12.1963
0.345244
0.10923
12.2524
0.0666988
-0.0695548
-0.0500078
0
00:30:299: <MSG>: 
22.8597
12.1934
0.329557
0.109373
12.2564
0.0708134
-0.066259
-0.0463052
0
00:30:308: <MSG>: 
23.1397
12.1876
0.329928
0.109538
12.2606
0.0770774
-0.000454539
-0.0421727
0
00:30:318: <MSG>: 
23.1397
12.1997
0.339964
0.109685
12.2692
0.0854277
0.004004
-0.0381364
0
00:30:327: <MSG>: 
23.1397
12.1997
0.339964
0.109878
12.2758
0.0928111
0.00863394
-0.0334568
0
00:30:337: <MSG>: 
23.1397
12.208
0.320149
0.110063
12.2819
0.10013
0.0128033
-0.0290935
0
00:30:346: <MSG>: 
23.1397
12.2104
0.268043
0.110854
12.2781
0.0925541
0.0184932
-0.01747
0
00:30:355: <MSG>: 
23.1397
12.2019
0.292099
0.111479
12.2732
0.0847144
0.0255991
-0.00758735
0
00:30:364: <MSG>: 
23.1397
12.2049
0.321927
0.112049
12.2693
0.077852
0.0316652
0.00119947
0
00:30:375: <MSG>: 
23.1397
12.2049
0.321927
0.112352
12.2666
0.0726011
0.0349671
0.00580979
0
00:30:385: <MSG>: 
23.1397
12.203
0.302931
0.11304
12.2612
0.0650629
0.0375755
0.0147827
0
00:30:395: <MSG>: 
23.1397
12.2119
0.329386
0.113872
12.2573
0.0585114
0.0410243
0.0255996
0
00:30:405: <MSG>: 
23.1397
12.2183
0.340237
0.114596
12.2548
0.0539007
0.0442645
0.034892
0
00:30:414: <MSG>: 
23.1397
12.2142
0.325156
0.115211
12.2502
0.0473805
0.0473185
0.0427348
0
00:30:423: <MSG>: 
23.1397
12.2142
0.325156
0.115058
12.2656
0.0644978
0.0499575
0.0409545
0
00:30:432: <MSG>: 
23.1397
12.2126
0.322943
0.114928
12.2834
0.0845772
0.0529462
0.0395988
0
00:30:441: <MSG>: 
23.1397
12.2128
0.331508
0.114936
12.2989
0.102099
0.0559327
0.0402454
0
00:30:450: <MSG>: 
23.1397
12.2141
0.324449
0.115044
12.3147
0.119004
0.0594037
0.0424048
0
00:30:459: <MSG>: 
23.1397
12.2063
0.317987
0.115043
12.3324
0.138929
0.0625987
0.043013
0
00:30:468: <MSG>: 
23.1397
12.2063
0.317987
0.11515
12.3452
0.152378
0.0651446
0.0447998
0
00:30:477: <MSG>: 
23.1397
12.214
0.326039
0.115256
12.3634
0.171681
0.0679217
0.0466744
0
00:30:486: <MSG>: 
23.1397
12.2111
0.312803
0.115294
12.3859
0.197054
0.0702524
0.0474995
0
00:30:495: <MSG>: 
23.1397
12.2162
0.315379
0.115428
12.4081
0.221461
0.0726866
0.0496606
0
00:30:504: <MSG>: 
23.1397
12.2162
0.315379
0.115513
12.4303
0.245265
0.0745342
0.0509268
0
00:30:512: <MSG>: 
23.1397
12.213
0.32352
0.115543
12.4317
0.245285
0.0749441
0.0509319
0
00:30:521: <MSG>: 
23.1397
12.2201
0.316361
0.115575
12.4341
0.245305
0.0755548
0.0509369
0
00:30:529: <MSG>: 
23.1397
12.2252
0.324166
0.115607
12.4359
0.245326
0.0760789
0.0509422
0
00:30:538: <MSG>: 
23.1397
12.2252
0.324166
0.11564
12.438
0.245345
0.0766298
0.0509467
0
00:30:546: <MSG>: 
23.1397
12.2414
0.32762
0.115672
12.4403
0.245366
0.0772756
0.0509521
0
00:30:556: <MSG>: 
23.1397
12.2557
0.324425
0.11569
12.4187
0.21929
0.0802732
0.0513436
0
00:30:565: <MSG>: 
23.1397
12.2557
0.324425
0.115687
12.3942
0.188449
0.0832554
0.0514567
0
00:30:574: <MSG>: 
23.1397
12.2681
0.324456
0.115574
12.3672
0.155165
0.086664
0.0501905
0
00:30:584: <MSG>: 
23.1397
12.2813
0.335385
0.115608
12.3469
0.129439
0.0905713
0.0510909
0
00:30:593: <MSG>: 
23.1397
12.2848
0.327831
0.114882
12.3336
0.113446
0.0814301
0.0392431
0
00:30:604: <MSG>: 
23.1397
12.289
0.327601
0.114467
12.324
0.100721
0.0746336
0.0318202
0
00:30:612: <MSG>: 
23.1397
12.289
0.327601
0.114242
12.3155
0.0899021
0.0684431
0.0269371
0
00:30:621: <MSG>: 
23.1397
12.2869
0.326899
0.113924
12.3088
0.0818568
0.0617169
0.0208702
0
00:30:631: <MSG>: 
23.1397
12.2883
0.324878
0.113353
12.3048
0.0768503
0.054167
0.011701
0
00:30:640: <MSG>: 
23.1397
12.2784
0.324607
0.112939
12.2978
0.0685307
0.0471206
0.00463015
0
00:30:650: <MSG>: 
23.1397
12.2784
0.324607
0.112891
12.2889
0.0572181
0.0418988
0.00239374
0
00:30:659: <MSG>: 
23.1397
12.2774
0.324972
0.112642
12.2833
0.0503288
0.0363314
-0.00222819
0
00:30:669: <MSG>: 
23.1397
12.2767
0.323307
0.11263
12.2758
0.0425679
0.0338064
-0.00312264
1
00:30:678: <MSG>: 
23.1397
12.2779
0.311632
0.112553
12.2688
0.0348943
0.0302896
-0.00506951
0
00:30:688: <MSG>: 
23.1397
12.2778
0.316952
0.112422
12.2632
0.0294335
0.0272169
-0.00747887
0
00:30:697: <MSG>: 
23.1397
12.2778
0.316952
0.112175
12.26
0.0270896
0.0242459
-0.0111939
0
00:30:706: <MSG>: 
23.1397
12.273
0.307241
0.111871
12.2565
0.0244213
0.0204879
-0.0157742
0
00:30:716: <MSG>: 
23.1397
12.2716
0.310555
0.111491
12.2548
0.0232741
0.0172479
-0.0210486
0
00:30:725: <MSG>: 
23.1397
12.267
0.303179
0.11131
12.2499
0.0182298
0.01433
-0.0238359
0
00:30:735: <MSG>: 
23.1397
12.267
0.303179
0.111015
12.2475
0.0160887
0.0116163
-0.0278678
0
00:30:744: <MSG>: 
23.1397
12.268
0.313325
0.110874
12.2447
0.0130837
0.0101462
-0.029658
0
00:30:753: <MSG>: 
23.1397
12.2635
0.305953
0.11059
12.2438
0.0131707
0.00834254
-0.0332522
0
00:30:762: <MSG>: 
23.1397
12.2629
0.300876
0.11045
12.241
0.00987618
0.00646306
-0.035102
0
00:30:772: <MSG>: 
23.1397
12.2548
0.305799
0.110125
12.243
0.0134369
0.00543483
-0.0388953
0
00:30:781: <MSG>: 
23.1397
12.2548
0.305799
0.109913
12.2413
0.0113609
0.00413274
-0.0414031
0
00:30:790: <MSG>: 
23.1397
12.2531
0.380589
0.109958
12.2413
0.0112494
0.0069345
-0.0394937
0
00:30:799: <MSG>: 
23.1397
12.2369
0.324889
0.109777
12.2481
0.0188939
0.00992553
-0.0403177
0
00:30:809: <MSG>: 
23.0248
12.2286
0.337649
0.109808
12.2513
0.0231599
-0.0111592
-0.0381577
0
00:30:817: <MSG>: 
23.0248
12.2286
0.337649
0.109913
12.2514
0.0232658
-0.00838248
-0.0355756
0
00:30:827: <MSG>: 
23.0248
12.2268
0.367709
0.10987
12.2594
0.0324985
-0.00410788
-0.0342916
0
00:30:836: <MSG>: 
23.0248
12.2288
0.341632
0.110367
12.2419
0.0115308
-0.00299095
-0.0273293
0
00:30:845: <MSG>: 
23.0248
12.2247
0.299178
0.110441
12.241
0.00950956
-0.00110418
-0.025454
0
00:30:854: <MSG>: 
23.0248
12.2247
0.299178
0.110843
12.2346
0.000129345
0.00236255
-0.0180984
0
00:30:864: <MSG>: 
23.0248
12.2228
0.336646
0.111078
12.2319
-0.00494646
0.00583698
-0.013345
0
00:30:873: <MSG>: 
23.0248
12.2237
0.355222
0.111604
12.2254
-0.0141693
0.00936209
-0.00437211
0
00:30:882: <MSG>: 
23.0248
12.2194
0.315947
0.11177
12.2207
-0.0209805
0.0135854
-0.000639387
0
00:30:892: <MSG>: 
23.0248
12.2194
0.315947
0.111825
12.2158
-0.0281186
0.0177627
0.00138125
0
00:30:901: <MSG>: 
23.0248
12.2252
0.346595
0.11184
12.211
-0.0346139
0.0203076
0.0023032
0
00:30:910: <MSG>: 
23.0248
12.2355
0.343521
0.111789
12.221
-0.0241164
0.0234775
0.00266761
0
00:30:919: <MSG>: 
23.0248
12.227
0.342917
0.111829
12.2317
-0.0122334
0.0275586
0.00447547
0
00:30:928: <MSG>: 
23.0248
12.2215
0.335549
0.111849
12.2438
0.00147707
0.0310357
0.00584227
0
00:30:937: <MSG>: 
23.0248
12.2215
0.335549
0.11201
12.2526
0.0114017
0.0346407
0.00900208
0
00:30:946: <MSG>: 
23.0248
12.2248
0.354665
0.112166
12.2681
0.0291714
0.0391477
0.0123891
0
00:30:955: <MSG>: 
23.0248
12.2276
0.337686
0.112401
12.2764
0.0375745
0.0426507
0.0163883
0
00:30:964: <MSG>: 
23.0248
12.2265
0.346042
0.112676
12.2889
0.0512331
0.0470724
0.0211857
0
00:30:973: <MSG>: 
23.0248
12.2265
0.346042
0.112827
12.3078
0.0724794
0.0506485
0.0241163
0
00:30:982: <MSG>: 
23.0248
12.229
0.351477
0.113173
12.3234
0.0901409
0.0551515
0.0298028
0
00:30:991: <MSG>: 
23.0248
12.2313
0.336356
0.11335
12.2869
0.0476942
0.0585998
0.0326262
0
00:31:001: <MSG>: 
23.0248
12.2311
0.3511
0.1136
12.2503
0.00468899
0.0629331
0.0366299
0
00:31:009: <MSG>: 
23.0248
12.2311
0.3511
0.113616
12.2504
0.00468985
0.0634694
0.0366366
0
00:31:017: <MSG>: 
23.0248
12.2336
0.340595
0.113633
12.2506
0.00469078
0.0640532
0.0366438
0
00:31:026: <MSG>: 
23.0248
12.233
0.340721
0.11365
12.2503
0.0046916
0.0646304
0.0366502
0
00:31:035: <MSG>: 
23.0248
12.2383
0.33655
0.113667
12.2507
0.00469249
0.0652352
0.0366572
0
00:31:043: <MSG>: 
23.0248
12.2383
0.33655
0.113684
12.2507
0.00469328
0.0658193
0.0366633
0
00:31:052: <MSG>: 
23.0248
12.2391
0.347632
0.1137
12.2506
0.00469416
0.0663921
0.0366702
0
00:31:061: <MSG>: 
23.0248
12.2324
0.340419
0.114104
12.2327
-0.0161546
0.0709321
0.0427886
0
00:31:071: <MSG>: 
23.0248
12.2298
0.351803
0.114566
12.2173
-0.0348212
0.0756321
0.0496185
0
00:31:080: <MSG>: 
23.0248
12.2298
0.351803
0.115005
12.2008
-0.0545591
0.0801581
0.0560039
0
00:31:090: <MSG>: 
23.0248
12.2328
0.355816
0.115291
12.1813
-0.0775188
0.0851469
0.0604228
0
00:31:099: <MSG>: 
23.0248
12.2357
0.344875
0.115497
12.1649
-0.0967574
0.0892056
0.0635255
0
00:31:108: <MSG>: 
23.0248
12.2338
0.350747
0.114658
12.18
-0.0732489
0.0851528
0.0494535
0
00:31:117: <MSG>: 
23.0248
12.2338
0.350747
0.114426
12.1881
-0.0613695
0.0810563
0.0442652
0
00:31:127: <MSG>: 
23.0248
12.2362
0.347239
0.114019
12.1948
-0.0513448
0.0765917
0.0365353
0
00:31:136: <MSG>: 
23.0248
12.2302
0.353348
0.11385
12.1995
-0.0445276
0.0727373
0.032521
0
00:31:145: <MSG>: 
23.0248
12.2282
0.346676
0.113614
12.2057
-0.0365279
0.069974
0.0279717
0
00:31:154: <MSG>: 
23.0248
12.2211
0.355294
0.11369
12.2074
-0.0342763
0.0671081
0.0278531
0
00:31:164: <MSG>: 
23.0248
12.2211
0.355294
0.113679
12.2135
-0.0270082
0.0654985
0.0268867
1
00:31:174: <MSG>: 
23.0248
12.2227
0.342679
0.113666
12.2191
-0.0210635
0.0629801
0.0256274
0
00:31:183: <MSG>: 
23.0248
12.2193
0.350552
0.113517
12.2229
-0.0149674
0.0620498
0.022993
0
00:31:193: <MSG>: 
23.0248
12.2242
0.343388
0.113501
12.2259
-0.0120091
0.0596525
0.021765
0
00:31:202: <MSG>: 
23.0248
12.2242
0.343388
0.113643
12.2272
-0.0100102
0.0590823
0.0233178
0
00:31:211: <MSG>: 
23.0248
12.2241
0.346889
0.113935
12.2253
-0.0127919
0.0585009
0.0269039
0
00:31:220: <MSG>: 
23.0248
12.2232
0.345896
0.113907
12.2293
-0.00798509
0.0585657
0.0262227
0
00:31:230: <MSG>: 
23.0248
12.2254
0.350038
0.11414
12.2283
-0.0098168
0.0582046
0.0289873
0
00:31:239: <MSG>: 
23.0248
12.2222
0.352647
0.114201
12.2312
-0.00626998
0.0586784
0.0296328
0
00:31:248: <MSG>: 
23.0248
12.2222
0.352647
0.114386
12.2313
-0.00629162
0.0590003
0.0318795
0
00:31:258: <MSG>: 
23.0248
12.2263
0.349526
0.114364
12.2373
0.000473326
0.0599978
0.0315039
0
00:31:267: <MSG>: 
23.0248
12.2231
0.349681
0.11431
12.2412
0.00598385
0.0601847
0.0304627
0
00:31:277: <MSG>: 
23.0248
12.2375
0.349488
0.113586
12.262
0.0291805
0.0604786
0.0204008
0
00:31:285: <MSG>: 
23.0248
12.2375
0.349488
0.113528
12.2698
0.0379508
0.0616349
0.019783
0
00:31:295: <MSG>: 
23.0248
12.2227
0.335414
0.11378
12.2727
0.0410369
0.0646027
0.0239515
0
00:31:304: <MSG>: 
22.973
12.2186
0.338088
0.113728
12.2811
0.0512986
0.0557041
0.0237582
0
00:31:314: <MSG>: 
22.973
12.2119
0.388717
0.113984
12.2859
0.0560151
0.0598574
0.0283035
0
00:31:323: <MSG>: 
22.973
12.2222
0.348991
0.114561
12.2773
0.044228
0.0625016
0.0356252
0
00:31:332: <MSG>: 
22.973
12.2222
0.348991
0.115232
12.27
0.0340268
0.0668675
0.0445031
0
00:31:341: <MSG>: 
22.973
12.2259
0.329848
0.115584
12.263
0.024121
0.0695593
0.0489478
0
00:31:350: <MSG>: 
22.973
12.2266
0.358926
0.115415
12.2548
0.013302
0.0715638
0.0469033
0
00:31:360: <MSG>: 
22.973
12.2273
0.360213
0.115384
12.2485
0.00492369
0.0721306
0.0460671
0
00:31:369: <MSG>: 
22.973
12.2273
0.360213
0.115758
12.2406
-0.00488326
0.0736962
0.0504473
0
00:31:379: <MSG>: 
22.973
12.2218
0.335591
0.116192
12.2354
-0.0112091
0.0747712
0.0553186
0
00:31:388: <MSG>: 
22.973
12.2372
0.367356
0.116396
12.2341
-0.0140128
0.0739276
0.056818
0
00:31:398: <MSG>: 
22.973
12.2361
0.354445
0.116805
12.2313
-0.0177779
0.0719764
0.0603659
0
00:31:407: <MSG>: 
22.973
12.2323
0.351764
0.11687
12.2383
-0.0106707
0.0736926
0.0610674
0
00:31:416: <MSG>: 
22.973
12.2323
0.351764
0.11676
12.2507
0.00184436
0.0761901
0.0595675
0
00:31:425: <MSG>: 
22.973
12.2221
0.359834
0.116718
12.263
0.0150608
0.0789501
0.0591671
0
00:31:434: <MSG>: 
22.973
12.2266
0.36501
0.116858
12.2695
0.0209833
0.080703
0.0608692
0
00:31:444: <MSG>: 
22.973
12.225
0.353012
0.116732
12.2894
0.0431243
0.083288
0.0592648
0
00:31:454: <MSG>: 
22.973
12.225
0.353012
0.116879
12.302
0.0569142
0.0859768
0.0613871
0
00:31:463: <MSG>: 
22.973
12.2287
0.356674
0.11693
12.3217
0.0791538
0.0886043
0.062259
0
00:31:473: <MSG>: 
22.973
12.2287
0.354734
0.11702
12.3438
0.103761
0.0915822
0.0637161
0
00:31:482: <MSG>: 
22.973
12.2215
0.343266
0.117057
12.3676
0.130872
0.0936444
0.064251
0
00:31:491: <MSG>: 
22.973
12.2252
0.355237
0.117171
12.3951
0.161573
0.0964214
0.0660501
0
00:31:500: <MSG>: 
22.973
12.2252
0.355237
0.117243
12.4213
0.190075
0.0985768
0.0670559
0
00:31:510: <MSG>: 
22.973
12.225
0.341621
0.117304
12.387
0.149683
0.100295
0.0673844
0
00:31:519: <MSG>: 
22.973
12.2333
0.342007
0.117495
12.4151
0.180791
0.102185
0.0699145
0
00:31:528: <MSG>: 
22.973
12.2343
0.349564
0.117717
12.3924
0.153893
0.104446
0.0726381
0
00:31:537: <MSG>: 
22.973
12.2343
0.349564
0.117763
12.3674
0.124168
0.106102
0.0727009
0
00:31:547: <MSG>: 
22.973
12.2464
0.351285
0.117817
12.3449
0.0971864
0.10797
0.0728964
0
00:31:556: <MSG>: 
22.973
12.2537
0.344116
0.117989
12.3277
0.0767176
0.10994
0.0748293
0
00:31:565: <MSG>: 
22.973
12.2678
0.350903
0.11807
12.3082
0.0529183
0.112249
0.075569
0
00:31:575: <MSG>: 
22.973
12.275
0.356908
0.11808
12.2881
0.0294023
0.114523
0.0752687
0
00:31:584: <MSG>: 
22.973
12.275
0.356908
0.118225
12.2747
0.0136248
0.116877
0.0769225
0
00:31:593: <MSG>: 
22.973
12.2787
0.341042
0.117362
12.2711
0.0103701
0.107368
0.0630675
0
00:31:602: <MSG>: 
22.973
12.2738
0.348677
0.117043
12.2649
0.00308252
0.0997171
0.0562197
0
00:31:612: <MSG>: 
22.973
12.2658
0.346144
0.117025
12.259
-0.00472313
0.0931756
0.0532395
0
00:31:621: <MSG>: 
22.973
12.2658
0.346144
0.116863
12.2563
-0.00874153
0.0859508
0.0484498
0
00:31:631: <MSG>: 
22.973
12.2639
0.350983
0.116468
12.2544
-0.0113365
0.0778859
0.0407513
0
00:31:639: <MSG>: 
22.973
12.2601
0.344224
0.116282
12.2491
-0.0177135
0.0713876
0.0360821
0
00:31:648: <MSG>: 
22.973
12.2629
0.349956
0.116113
12.245
-0.0227146
0.0653263
0.0317605
0
00:31:658: <MSG>: 
22.973
12.2629
0.349956
0.115954
12.243
-0.0246228
0.060196
0.0278984
0
00:31:667: <MSG>: 
22.973
12.2567
0.338151
0.116158
12.2351
-0.0328599
0.0567373
0.0288215
1
00:31:676: <MSG>: 
22.973
12.2574
0.340383
0.116124
12.2312
-0.0365105
0.0529959
0.026897
0
00:31:685: <MSG>: 
22.973
12.2517
0.338387
0.116135
12.2259
-0.0415562
0.0495346
0.0255762
0
00:31:695: <MSG>: 
22.973
12.251
0.333976
0.115895
12.2249
-0.0414659
0.0460233
0.0213202
0
00:31:704: <MSG>: 
22.973
12.251
0.333976
0.115833
12.2212
-0.0445091
0.0428166
0.0192831
0
00:31:714: <MSG>: 
22.973
12.2491
0.328945
0.115743
12.217
-0.04785
0.0391082
0.0167902
0
00:31:723: <MSG>: 
22.973
12.2502
0.325051
0.11553
12.2151
-0.0484744
0.0352581
0.012829
0
00:31:732: <MSG>: 
22.973
12.2487
0.330104
0.115206
12.2171
-0.0437715
0.032676
0.00798504
0
00:31:742: <MSG>: 
22.973
12.2487
0.330104
0.115067
12.2166
-0.0424546
0.0303611
0.00547232
0
00:31:751: <MSG>: 
22.973
12.2452
0.322522
0.114891
12.2151
-0.0432663
0.0274871
0.00236907
0
00:31:761: <MSG>: 
22.973
12.2452
0.325468
0.114764
12.2139
-0.0437154
0.0252836
0.000105819
0
00:31:769: <MSG>: 
22.973
12.2395
0.327656
0.114654
12.2124
-0.0446107
0.0231287
-0.00192846
0
00:31:779: <MSG>: 
22.973
12.2465
0.357836
0.114
12.2213
-0.0324186
0.0202175
-0.0108064
0
00:31:788: <MSG>: 
22.973
12.2465
0.357836
0.113709
12.2314
-0.0182155
0.0211904
-0.0139229
0
00:31:797: <MSG>: 
22.973
12.2196
0.294353
0.113552
12.2352
-0.0124709
0.0204946
-0.0158602
0
00:31:807: <MSG>: 
23.0352
12.2099
0.338411
0.113506
12.2383
-0.00742885
0.0346138
-0.0160677
0
00:31:816: <MSG>: 
23.0352
12.2018
0.372079
0.113485
12.2428
-0.0011013
0.0369211
-0.0153819
0
00:31:825: <MSG>: 
23.0352
12.2018
0.372079
0.113341
12.2505
0.00835048
0.0389155
-0.0163423
0
00:31:834: <MSG>: 
23.0352
12.2078
0.326958
0.11329
12.2562
0.0144981
0.0403466
-0.01632
0
00:31:844: <MSG>: 
23.0352
12.2089
0.308032
0.113351
12.2529
0.00883828
0.0420554
-0.0146903
0
00:31:853: <MSG>: 
23.0352
12.2147
0.335484
0.113428
12.2524
0.00677634
0.0437869
-0.012808
0
00:31:863: <MSG>: 
23.0352
12.2159
0.341277
0.113608
12.247
-0.000681415
0.0435274
-0.0100462
0
00:31:873: <MSG>: 
23.0352
12.2159
0.341277
0.113745
12.243
-0.0063656
0.0446381
-0.00756181
0
00:31:882: <MSG>: 
23.0352
12.2107
0.32486
0.113805
12.2406
-0.0105368
0.0437429
-0.00686499
0
00:31:891: <MSG>: 
23.0352
12.2186
0.368173
0.113992
12.2393
-0.0133328
0.0448229
-0.0037109
0
00:31:900: <MSG>: 
23.0352
12.2215
0.349791
0.114133
12.2375
-0.0170163
0.0435845
-0.00201177
0
00:31:910: <MSG>: 
23.0352
12.2215
0.349791
0.114187
12.238
-0.0179035
0.0432867
-0.00131479
0
00:31:918: <MSG>: 
23.0352
12.2161
0.356688
0.114197
12.2469
-0.00701664
0.0454825
-0.000440077
0
00:31:928: <MSG>: 
23.0352
12.22
0.348868
0.114306
12.2563
0.00374529
0.0482581
0.00181346
0
00:31:937: <MSG>: 
23.0352
12.2203
0.362291
0.114298
12.2706
0.0207437
0.0509269
0.00260469
0
00:31:947: <MSG>: 
23.0352
12.2164
0.3417
0.114551
12.2782
0.0292963
0.0538877
0.0067136
0
00:31:956: <MSG>: 
23.0352
12.2164
0.3417
0.114713
12.2891
0.0409208
0.0569834
0.00967824
0
00:31:966: <MSG>: 
23.0352
12.2126
0.352497
0.114751
12.3063
0.0604656
0.0598027
0.0110358
0
00:31:974: <MSG>: 
23.0352
12.2166
0.349096
0.114859
12.325
0.0810992
0.0629363
0.013349
0
00:31:983: <MSG>: 
23.0352
12.2189
0.343029
0.115049
12.3414
0.0991522
0.0658682
0.0166137
0
00:31:993: <MSG>: 
23.0352
12.2189
0.343029
0.115142
12.3662
0.127243
0.0684331
0.0185595
0
00:32:002: <MSG>: 
23.0352
12.2198
0.358667
0.115398
12.388
0.151698
0.0716629
0.0227571
0
00:32:010: <MSG>: 
23.0352
12.2212
0.343688
0.115585
12.4108
0.176613
0.0738399
0.0257084
0
00:32:020: <MSG>: 
23.0352
12.2217
0.350412
0.115701
12.4446
0.21446
0.0766209
0.0279763
0
00:32:029: <MSG>: 
23.0352
12.2217
0.350412
0.115908
12.4203
0.184236
0.0790669
0.0309037
0
00:32:038: <MSG>: 
23.0352
12.2302
0.348201
0.116049
12.3982
0.156697
0.0808679
0.0327635
0
00:32:047: <MSG>: 
23.0352
12.2365
0.361019
0.11635
12.3836
0.13878
0.083648
0.0370239
0
00:32:056: <MSG>: 
23.0352
12.25
0.345684
0.116501
12.3668
0.117939
0.0857682
0.0390598
0
00:32:065: <MSG>: 
23.0352
12.25
0.345684
0.116631
12.347
0.0929986
0.0878349
0.0407767
0
00:32:074: <MSG>: 
23.0352
12.2635
0.363833
0.116707
12.3253
0.0665061
0.0908183
0.0420734
0
00:32:083: <MSG>: 
23.0352
12.2799
0.355808
0.116716
12.3061
0.0427424
0.0933685
0.0423187
0
00:32:092: <MSG>: 
23.0352
12.2826
0.354392
0.116875
12.2911
0.0246124
0.0965329
0.0447957
0
00:32:102: <MSG>: 
23.0352
12.2826
0.354392
0.115784
12.2917
0.0292178
0.0924943
0.0264205
0
00:32:111: <MSG>: 
23.0352
12.2844
0.351115
0.115225
12.2909
0.0299996
0.0881233
0.0163025
0
00:32:121: <MSG>: 
23.0352
12.2785
0.355267
0.115072
12.2893
0.0286558
0.0841606
0.0125502
0
00:32:130: <MSG>: 
23.0352
12.2729
0.348896
0.114769
12.2883
0.0274878
0.0795765
0.00646265
0
00:32:141: <MSG>: 
23.0352
12.2706
0.356533
0.114475
12.2887
0.0283882
0.0749738
0.000620496
0
00:32:150: <MSG>: 
23.0352
12.2706
0.356533
0.114298
12.2886
0.0282196
0.0705146
-0.00335647
0
00:32:159: <MSG>: 
23.0352
12.268
0.352473
0.114297
12.2865
0.0254732
0.0672339
-0.00430669
0
00:32:168: <MSG>: 
23.0352
12.2683
0.347568
0.114387
12.2841
0.0216767
0.0637646
-0.00400133
1
00:32:178: <MSG>: 
23.0352
12.2657
0.35105
0.114403
12.2818
0.0186216
0.0601503
-0.00480831
0
00:32:187: <MSG>: 
23.0352
12.2657
0.35105
0.114583
12.2774
0.0136996
0.0582995
-0.002725
0
00:32:196: <MSG>: 
23.0352
12.2687
0.347436
0.114746
12.2734
0.00819146
0.0561482
-0.00101702
0
00:32:206: <MSG>: 
23.0352
12.2645
0.347069
0.114735
12.2712
0.00662653
0.0545242
-0.00167943
0
00:32:215: <MSG>: 
23.0352
12.269
0.346885
0.114733
12.2701
0.00518638
0.052792
-0.00223101
0
00:32:225: <MSG>: 
23.0352
12.2653
0.352204
0.114671
12.2698
0.00606973
0.0515601
-0.00346896
0
00:32:234: <MSG>: 
23.0352
12.2653
0.352204
0.114571
12.272
0.0095171
0.0510729
-0.00498187
0
00:32:243: <MSG>: 
23.0352
12.2645
0.349511
0.11462
12.2716
0.00936463
0.0507986
-0.00431121
0
00:32:253: <MSG>: 
23.0352
12.2631
0.354696
0.114624
12.2724
0.0112553
0.0510113
-0.00412778
0
00:32:262: <MSG>: 
23.0352
12.2628
0.343094
0.114573
12.2735
0.0132276
0.0504227
-0.00497008
0
00:32:271: <MSG>: 
23.0352
12.2612
0.347597
0.11457
12.2739
0.013533
0.050495
-0.0049105
0
00:32:280: <MSG>: 
23.0352
12.2612
0.347597
0.114563
12.2744
0.0141344
0.0504353
-0.00496961
0
00:32:290: <MSG>: 
23.0352
12.2557
0.386084
0.114347
12.2769
0.0161833
0.0486211
-0.00847581
0
00:32:299: <MSG>: 
23.0352
12.2571
0.370059
0.114363
12.2793
0.0195779
0.0495598
-0.00783133
0
00:32:309: <MSG>: 
23.224
12.2385
0.385078
0.114511
12.286
0.0298285
0.0952792
-0.003964
0
00:32:318: <MSG>: 
23.224
12.2385
0.385078
0.114703
12.2915
0.0366684
0.0993418
8.83979e-05
0
00:32:328: <MSG>: 
23.224
12.2356
0.400564
0.115015
12.2949
0.0393723
0.103276
0.00566925
0
00:32:337: <MSG>: 
23.224
12.232
0.409146
0.115751
12.2793
0.0210298
0.107205
0.0169228
0
00:32:347: <MSG>: 
23.224
12.2399
0.341324
0.11579
12.2845
0.0256189
0.109209
0.0178472
0
00:32:357: <MSG>: 
23.224
12.2387
0.354015
0.115922
12.2908
0.0327333
0.113053
0.0206876
0
00:32:366: <MSG>: 
23.224
12.2387
0.354015
0.116118
12.2851
0.0247363
0.1163
0.0237295
0
00:32:376: <MSG>: 
23.224
12.2424
0.387016
0.116699
12.2765
0.0137201
0.120392
0.0315886
0
00:32:385: <MSG>: 
23.224
12.2377
0.363314
0.116938
12.2695
0.00465311
0.122377
0.0346021
0
00:32:394: <MSG>: 
23.224
12.2347
0.376067
0.117252
12.2645
-0.00185255
0.12434
0.0384924
0
00:32:404: <MSG>: 
23.224
12.2472
0.396189
0.117866
12.2601
-0.00814345
0.125439
0.0455412
0
00:32:414: <MSG>: 
23.224
12.2472
0.396189
0.118204
12.2591
-0.00991775
0.126287
0.0492418
0
00:32:423: <MSG>: 
23.224
12.2435
0.383743
0.118183
12.2732
0.00717693
0.129547
0.0494233
0
00:32:433: <MSG>: 
23.224
12.2463
0.376933
0.118173
12.2904
0.0267285
0.132906
0.0497138
0
00:32:442: <MSG>: 
23.224
12.2388
0.391323
0.118307
12.3015
0.0391272
0.13654
0.0521409
0
00:32:451: <MSG>: 
23.224
12.2434
0.379119
0.118391
12.3152
0.0531558
0.139456
0.0535758
0
00:32:461: <MSG>: 
23.224
12.2434
0.379119
0.118599
12.3282
0.0672889
0.143152
0.0569875
0
00:32:470: <MSG>: 
23.224
12.2335
0.380824
0.118761
12.3438
0.0852511
0.146267
0.0595689
0
00:32:479: <MSG>: 
23.224
12.241
0.386152
0.1189
12.3631
0.106845
0.149224
0.0617432
0
00:32:489: <MSG>: 
23.224
12.2423
0.383709
0.119048
12.3876
0.134758
0.152674
0.0642047
0
00:32:498: <MSG>: 
23.224
12.2423
0.383709
0.119322
12.4093
0.159235
0.156169
0.0683678
0
00:32:508: <MSG>: 
23.224
12.2447
0.3709
0.119505
12.4349
0.187699
0.158393
0.0707791
0
00:32:516: <MSG>: 
23.224
12.2457
0.379432
0.119554
12.4365
0.187702
0.159023
0.0707812
0
00:32:525: <MSG>: 
23.224
12.242
0.36601
0.119606
12.4378
0.187705
0.159601
0.0707833
0
00:32:534: <MSG>: 
23.224
12.2505
0.374406
0.119658
12.4398
0.187708
0.16035
0.0707852
0
00:32:542: <MSG>: 
23.224
12.2505
0.374406
0.11971
12.4414
0.187711
0.160996
0.0707871
0
00:32:552: <MSG>: 
23.224
12.2577
0.377041
0.119763
12.4428
0.187713
0.16165
0.070789
0
00:32:561: <MSG>: 
23.224
12.2734
0.370849
0.119816
12.4449
0.187716
0.162446
0.0707908
0
00:32:570: <MSG>: 
23.224
12.2734
0.370849
0.119849
12.4226
0.161054
0.165061
0.0709645
0
00:32:580: <MSG>: 
23.224
12.2806
0.367415
0.119818
12.3992
0.133657
0.167444
0.0702325
0
00:32:590: <MSG>: 
23.224
12.2922
0.376779
0.118655
12.3849
0.115829
0.155758
0.0521891
0
00:32:599: <MSG>: 
23.224
12.2934
0.368706
0.11801
12.3701
0.0973696
0.146416
0.0410578
0
00:32:608: <MSG>: 
23.224
12.2994
0.362635
0.117654
12.3568
0.0801739
0.137874
0.0336898
0
00:32:617: <MSG>: 
23.224
12.2994
0.362635
0.117319
12.3459
0.0662345
0.129395
0.0266786
0
00:32:627: <MSG>: 
23.224
12.2966
0.366124
0.117009
12.3356
0.0530866
0.121573
0.0202374
0
00:32:636: <MSG>: 
23.224
12.2951
0.366667
0.116586
12.3257
0.0409175
0.114472
0.0128366
0
00:32:645: <MSG>: 
23.224
12.2913
0.366029
0.116165
12.3156
0.0300639
0.108499
0.00589507
0
00:32:654: <MSG>: 
23.224
12.2916
0.367155
0.115955
12.3063
0.0189897
0.102762
0.00153776
0
00:32:664: <MSG>: 
23.224
12.2916
0.367155
0.116097
12.2968
0.00747584
0.106214
0.00445724
0
00:32:673: <MSG>: 
23.224
12.2943
0.363959
0.116173
12.288
-0.00325507
0.10956
0.00640008
1
00:32:683: <MSG>: 
23.224
12.2917
0.360122
0.116366
12.2803
-0.0124527
0.112347
0.00974139
0
00:32:692: <MSG>: 
23.224
12.2912
0.362508
0.116529
12.2714
-0.0239115
0.115404
0.0126978
0
00:32:701: <MSG>: 
23.224
12.2912
0.362508
0.116581
12.2624
-0.0350772
0.118385
0.0140665
0
00:32:711: <MSG>: 
23.224
12.289
0.359546
0.116681
12.2545
-0.0446184
0.120947
0.0159637
0
00:32:721: <MSG>: 
23.224
12.2905
0.358137
0.116764
12.2477
-0.0529594
0.123534
0.0176014
0
00:32:730: <MSG>: 
23.224
12.2852
0.357706
0.116846
12.2408
-0.0607907
0.126236
0.0192556
0
00:32:739: <MSG>: 
23.224
12.2852
0.357706
0.117119
12.2368
-0.0655
0.128238
0.0232562
0
00:32:748: <MSG>: 
23.224
12.282
0.355384
0.117352
12.2333
-0.0697795
0.130177
0.0266388
0
00:32:758: <MSG>: 
23.224
12.2763
0.361438
0.117625
12.2295
-0.073949
0.132607
0.0306564
0
00:32:767: <MSG>: 
23.224
12.2745
0.34475
0.117785
12.2256
-0.0790636
0.134135
0.0328085
0
00:32:776: <MSG>: 
23.224
12.2691
0.367911
0.118148
12.2224
-0.082941
0.136744
0.0379809
0
00:32:785: <MSG>: 
23.224
12.2691
0.367911
0.118421
12.22
-0.0860087
0.138435
0.0416189
0
00:32:794: <MSG>: 
23.224
12.2659
0.3662
0.118602
12.2172
-0.0891122
0.139197
0.0436367
0
00:32:804: <MSG>: 
23.224
12.2733
0.379673
0.118852
12.2159
-0.091644
0.139921
0.0465321
0
00:32:813: <MSG>: 
23.224
12.2593
0.340081
0.119084
12.2141
-0.0930969
0.140452
0.0490762
0
00:32:823: <MSG>: 
23.224
12.2356
0.355777
0.119555
12.2138
-0.093707
0.141123
0.054787
0
00:32:832: <MSG>: 
23.224
12.2356
0.355777
0.120014
12.2144
-0.0927922
0.140631
0.0598744
0
00:32:841: <MSG>: 
23.224
12.2177
0.418082
0.120729
12.2137
-0.093398
0.143332
0.0691982
0
00:32:851: <MSG>: 
22.829
12.2202
0.389795
0.120898
12.2122
-0.094435
0.0559277
0.0696933
0
00:32:860: <MSG>: 
22.829
12.2158
0.344216
0.120756
12.2123
-0.094309
0.0543083
0.0663518
0
00:32:870: <MSG>: 
22.829
12.2158
0.344216
0.120732
12.2086
-0.0982302
0.0512727
0.0641267
0
00:32:879: <MSG>: 
22.829
12.2169
0.385993
0.120667
12.2063
-0.100139
0.0507906
0.0621922
0
00:32:889: <MSG>: 
22.829
12.22
0.388677
0.120273
12.2048
-0.100761
0.0499281
0.0558967
0
00:32:898: <MSG>: 
22.829
12.222
0.359371
0.120243
12.2016
-0.104166
0.0465605
0.0536225
0
00:32:907: <MSG>: 
22.829
12.2311
0.39095
0.119957
12.2138
-0.0861823
0.0459783
0.0498867
0
00:32:916: <MSG>: 
22.829
12.2311
0.39095
0.119514
12.2256
-0.0701481
0.0441837
0.0441316
0
00:32:926: <MSG>: 
22.829
12.2346
0.365854
0.119188
12.2372
-0.0547433
0.0425611
0.0397118
0
00:32:935: <MSG>: 
22.829
12.2252
0.366988
0.119083
12.2437
-0.0446681
0.0418291
0.0379371
0
00:32:944: <MSG>: 
22.829
12.2211
0.361477
0.11874
12.2613
-0.0223486
0.0407747
0.0335819
0
00:32:953: <MSG>: 
22.829
12.2211
0.361477
0.118556
12.2742
-0.00563919
0.0393615
0.0308368
0
00:32:962: <MSG>: 
22.829
12.2219
0.383511
0.118389
12.2303
-0.0517393
0.0410532
0.0288099
0
00:32:971: <MSG>: 
22.829
12.2258
0.353588
0.118123
12.1861
-0.100423
0.0410412
0.0251713
0
00:32:981: <MSG>: 
22.829
12.2265
0.368803
0.118119
12.2015
-0.0811211
0.041347
0.0250175
0
00:32:990: <MSG>: 
22.829
12.2265
0.368803
0.118104
12.1676
-0.118077
0.0425748
0.0246706
0
00:32:999: <MSG>: 
22.829
12.2325
0.359813
0.118091
12.1407
-0.147276
0.0430568
0.0241564
0
00:33:009: <MSG>: 
22.829
12.2295
0.350816
0.117807
12.1079
-0.182673
0.0434301
0.0204865
0
00:33:017: <MSG>: 
22.829
12.2257
0.354579
0.11777
12.086
-0.205768
0.043505
0.0196848
0
00:33:026: <MSG>: 
22.829
12.2226
0.354394
0.117785
12.0843
-0.205766
0.0436699
0.0196844
0
00:33:035: <MSG>: 
22.829
12.2226
0.354394
0.117801
12.0825
-0.205764
0.0438516
0.0196839
0
00:33:043: <MSG>: 
22.829
12.2205
0.350835
0.117818
12.0804
-0.205762
0.0440557
0.0196835
0
00:33:052: <MSG>: 
22.829
12.2207
0.349362
0.117834
12.0791
-0.20576
0.044197
0.019683
0
00:33:061: <MSG>: 
22.829
12.2207
0.349362
0.11785
12.0772
-0.205759
0.0443825
0.0196826
0
00:33:070: <MSG>: 
22.829
12.2104
0.352471
0.117867
12.0753
-0.205757
0.0445444
0.0196821
0
00:33:080: <MSG>: 
22.829
12.1969
0.338848
0.117392
12.053
-0.229257
0.0439204
0.013447
0
00:33:089: <MSG>: 
22.829
12.1784
0.34841
0.117118
12.0346
-0.248116
0.0441353
0.00994916
0
00:33:099: <MSG>: 
22.829
12.1784
0.34841
0.116955
12.0222
-0.260442
0.0437108
0.00765214
0
00:33:108: <MSG>: 
22.829
12.1692
0.350512
0.116359
12.0358
-0.24108
0.0342497
-0.0038436
0
00:33:118: <MSG>: 
22.829
12.1605
0.351361
0.115732
12.0476
-0.22285
0.0262819
-0.0151615
0
00:33:127: <MSG>: 
22.829
12.1632
0.346173
0.115018
12.0577
-0.208252
0.0182123
-0.027533
0
00:33:136: <MSG>: 
22.829
12.1565
0.351727
0.114405
12.0665
-0.195201
0.0114604
-0.0378802
0
00:33:146: <MSG>: 
22.829
12.1565
0.351727
0.114006
12.0768
-0.181408
0.00553526
-0.0447069
1
00:33:155: <MSG>: 
22.829
12.1485
0.34919
0.113658
12.0879
-0.16747
-0.000517115
-0.0507387
0
00:33:164: <MSG>: 
22.829
12.1355
0.35057
0.113307
12.0936
-0.159272
-0.00576662
-0.0565045
0
00:33:174: <MSG>: 
22.829
12.1278
0.351953
0.113157
12.0992
-0.151521
-0.0107492
-0.0591176
0
00:33:183: <MSG>: 
22.829
12.1278
0.351953
0.112984
12.1048
-0.144402
-0.0156025
-0.0621222
0
00:33:194: <MSG>: 
22.829
12.1289
0.344848
0.113128
12.1044
-0.144003
-0.0191687
-0.0601256
0
00:33:203: <MSG>: 
22.829
12.1268
0.343138
0.113263
12.1023
-0.145217
-0.0229684
-0.0584797
0
00:33:213: <MSG>: 
22.829
12.1331
0.337774
0.113193
12.1047
-0.142031
-0.0262769
-0.0595874
0
00:33:222: <MSG>: 
22.829
12.1309
0.347545
0.113083
12.1071
-0.137341
-0.0286763
-0.0610173
0
00:33:231: <MSG>: 
22.829
12.137
0.330091
0.112941
12.1101
-0.134062
-0.0316579
-0.0629841
0
00:33:240: <MSG>: 
22.829
12.137
0.330091
0.112607
12.1167
-0.125446
-0.0337657
-0.0673189
0
00:33:250: <MSG>: 
22.829
12.132
0.327792
0.112291
12.1217
-0.118303
-0.0361753
-0.0714081
0
00:33:259: <MSG>: 
22.829
12.1382
0.398178
0.1122
12.1261
-0.111573
-0.0357805
-0.0715902
0
00:33:269: <MSG>: 
22.829
12.1334
0.340536
0.112119
12.1319
-0.10477
-0.0355481
-0.0715777
0
00:33:279: <MSG>: 
22.829
12.1334
0.340536
0.112087
12.14
-0.0943588
-0.0333786
-0.0703643
0
00:33:289: <MSG>: 
22.829
12.1324
0.347009
0.112119
12.1455
-0.0884038
-0.0324412
-0.0686111
0
00:33:298: <MSG>: 
22.9111
12.1238
0.380666
0.112451
12.1469
-0.0861899
-0.0103792
-0.062114
0
00:33:307: <MSG>: 
22.9111
12.128
0.327643
0.113319
12.1296
-0.107872
-0.00877299
-0.0490617
0
00:33:317: <MSG>: 
22.9111
12.1305
0.285717
0.113127
12.1384
-0.0975645
-0.00768637
-0.0506565
0
00:33:326: <MSG>: 
22.9111
12.1305
0.285717
0.113716
12.1384
-0.0974226
-0.00404871
-0.0424372
0
00:33:336: <MSG>: 
22.9111
12.1318
0.316034
0.113709
12.1403
-0.0953475
-0.000930284
-0.0411164
0
00:33:345: <MSG>: 
22.9111
12.1345
0.334233
0.113778
12.1425
-0.0923139
0.00137772
-0.039185
0
00:33:354: <MSG>: 
22.9111
12.1319
0.30648
0.11422
12.1409
-0.0925328
0.0043575
-0.0328542
0
00:33:364: <MSG>: 
22.9111
12.1461
0.345907
0.114731
12.1397
-0.092999
0.0069172
-0.0258873
0
00:33:373: <MSG>: 
22.9111
12.1461
0.345907
0.114949
12.1406
-0.0909037
0.00625555
-0.0233053
0
00:33:382: <MSG>: 
22.9111
12.148
0.335568
0.115286
12.1411
-0.0887801
0.00665471
-0.0190421
0
00:33:392: <MSG>: 
22.9111
12.1464
0.331022
0.115663
12.1461
-0.0825907
0.0059157
-0.0146702
0
00:33:401: <MSG>: 
22.9111
12.1449
0.331918
0.11568
12.152
-0.0767567
0.00800725
-0.0136193
0
00:33:410: <MSG>: 
22.9111
12.1514
0.334599
0.115575
12.1655
-0.0625771
0.0110298
-0.0139871
0
00:33:419: <MSG>: 
22.9111
12.1514
0.334599
0.115476
12.1804
-0.0461712
0.0139622
-0.0142785
0
00:33:429: <MSG>: 
22.9111
12.1486
0.326043
0.115379
12.1971
-0.0273947
0.016786
-0.0145285
0
00:33:438: <MSG>: 
22.9111
12.1478
0.327966
0.115204
12.219
-0.00224532
0.0195481
-0.0158434
0
00:33:447: <MSG>: 
22.9111
12.1502
0.335919
0.115077
12.2442
0.0265445
0.0227803
-0.0163069
0
00:33:456: <MSG>: 
22.9111
12.1502
0.335919
0.114996
12.267
0.0517991
0.0258585
-0.0161578
0
00:33:465: <MSG>: 
22.9111
12.1485
0.322202
0.115098
12.2814
0.0678413
0.0281611
-0.0137112
0
00:33:474: <MSG>: 
22.9111
12.1526
0.336024
0.115288
12.2999
0.0879426
0.0312706
-0.00982534
0
00:33:483: <MSG>: 
22.9111
12.1529
0.323737
0.11528
12.3001
0.0879432
0.0311287
-0.00982547
0
00:33:491: <MSG>: 
22.9111
12.1529
0.323737
0.115272
12.3009
0.0879438
0.031043
-0.0098256
0
00:33:500: <MSG>: 
22.9111
12.159
0.32068
0.115264
12.302
0.0879444
0.0310168
-0.00982571
0
00:33:509: <MSG>: 
22.9111
12.1691
0.327685
0.115256
12.3023
0.087945
0.0309225
-0.00982585
0
00:33:517: <MSG>: 
22.9111
12.1851
0.331176
0.115248
12.3035
0.0879455
0.0309425
-0.00982596
0
00:33:527: <MSG>: 
22.9111
12.1851
0.331176
0.115719
12.3049
0.089468
0.0337493
-0.00233025
0
00:33:535: <MSG>: 
22.9111
12.1972
0.321592
0.11594
12.2841
0.0661617
0.036774
0.001506
0
00:33:544: <MSG>: 
22.9111
12.2064
0.32121
0.11611
12.2689
0.0490546
0.0391643
0.00443142
0
00:33:554: <MSG>: 
22.9111
12.2064
0.32121
0.116115
12.2494
0.0273137
0.0413211
0.00499129
0
00:33:563: <MSG>: 
22.9111
12.2107
0.325359
0.116274
12.2371
0.013959
0.0439882
0.00781622
0
00:33:572: <MSG>: 
22.9111
12.2113
0.312419
0.11624
12.2224
-0.00200143
0.04618
0.00784848
0
00:33:581: <MSG>: 
22.9111
12.2109
0.320081
0.116353
12.212
-0.014071
0.0485567
0.00991912
0
00:33:590: <MSG>: 
22.9111
12.2109
0.320081
0.116126
12.2074
-0.0188475
0.0412812
0.00508981
0
00:33:599: <MSG>: 
22.9111
12.2066
0.315142
0.115883
12.2061
-0.0197045
0.0337718
8.73055e-05
0
00:33:608: <MSG>: 
22.9111
12.2077
0.318156
0.115736
12.2035
-0.0224276
0.0270077
-0.00357932
0
00:33:617: <MSG>: 
22.9111
12.205
0.315034
0.115643
12.2019
-0.0237997
0.0213077
-0.00627707
0
00:33:627: <MSG>: 
22.9111
12.205
0.315034
0.115495
12.2006
-0.0246101
0.0158479
-0.00949163
0
00:33:636: <MSG>: 
22.9111
12.2083
0.313249
0.114983
12.2036
-0.0204361
0.0100767
-0.0168519
0
00:33:646: <MSG>: 
22.9111
12.2049
0.309713
0.11453
12.2052
-0.0162897
0.00526045
-0.0231702
0
00:33:656: <MSG>: 
22.9111
12.2056
0.309015
0.114499
12.2028
-0.0194181
-0.000190117
-0.0248511
1
00:33:665: <MSG>: 
22.9111
12.2021
0.313001
0.114819
12.1957
-0.0273356
-0.00368632
-0.021943
0
00:33:675: <MSG>: 
22.9111
12.2021
0.313001
0.114822
12.1933
-0.0289596
-0.0067253
-0.0225597
0
00:33:684: <MSG>: 
22.9111
12.2008
0.30052
0.114921
12.1884
-0.0337729
-0.0104532
-0.0222643
0
00:33:693: <MSG>: 
22.9111
12.2019
0.308698
0.114845
12.1869
-0.034128
-0.013252
-0.0237354
0
00:33:703: <MSG>: 
22.9111
12.2045
0.301087
0.114625
12.1875
-0.0318314
-0.0164056
-0.0269434
0
00:33:712: <MSG>: 
22.9111
12.202
0.302923
0.114416
12.1876
-0.0310352
-0.0194363
-0.0299674
0
00:33:721: <MSG>: 
22.9111
12.202
0.302923
0.11426
12.1873
-0.0304253
-0.0219696
-0.0322007
0
00:33:730: <MSG>: 
22.9111
12.2025
0.296832
0.113983
12.1889
-0.0273509
-0.0246572
-0.0358995
0
00:33:740: <MSG>: 
22.9111
12.2033
0.305658
0.113731
12.1926
-0.021635
-0.0259634
-0.0388296
0
00:33:749: <MSG>: 
22.9111
12.2031
0.323595
0.112639
12.2106
0.00230828
-0.027982
-0.0519761
0
00:33:759: <MSG>: 
22.9111
12.2031
0.323595
0.112408
12.2141
0.00747223
-0.0297213
-0.0546208
0
00:33:768: <MSG>: 
22.9111
12.2014
0.318521
0.112533
12.2177
0.0134348
-0.0275615
-0.0518068
0
00:33:777: <MSG>: 
22.9111
12.1708
0.28137
0.112392
12.22
0.017295
-0.0287105
-0.0531699
0
00:33:786: <MSG>: 
22.7475
12.1692
0.311735
0.112326
12.222
0.0190719
-0.0656964
-0.0532719
0
00:33:796: <MSG>: 
22.7475
12.1828
0.326756
0.112423
12.2181
0.0147194
-0.0660553
-0.0515342
0
00:33:805: <MSG>: 
22.7475
12.1828
0.326756
0.11232
12.2219
0.0192171
-0.0655985
-0.0520639
0
00:33:814: <MSG>: 
22.7475
12.1974
0.264571
0.112156
12.2276
0.025212
-0.0659331
-0.0535417
0
00:33:823: <MSG>: 
22.7475
12.1947
0.269166
0.112069
12.2292
0.0271392
-0.0670054
-0.0542614
0
00:33:833: <MSG>: 
22.7475
12.1915
0.297462
0.111878
12.2371
0.0367999
-0.0666726
-0.0558167
0
00:33:843: <MSG>: 
22.7475
12.1915
0.297462
0.112058
12.2399
0.0387432
-0.0651461
-0.0518354
0
00:33:852: <MSG>: 
22.7475
12.1844
0.276863
0.112174
12.2429
0.0410319
-0.0637894
-0.048952
0
00:33:861: <MSG>: 
22.7475
12.1877
0.276419
0.11244
12.2454
0.042393
-0.0620755
-0.0437907
0
00:33:870: <MSG>: 
22.7475
12.2008
0.299927
0.112494
12.2483
0.0444344
-0.0609019
-0.042056
0
00:33:879: <MSG>: 
22.7475
12.2008
0.299927
0.112914
12.2512
0.0465856
-0.0598237
-0.0349622
0
00:33:888: <MSG>: 
22.7475
12.2006
0.278033
0.113023
12.2523
0.0468913
-0.0597827
-0.0328491
0
00:33:897: <MSG>: 
22.7475
12.1953
0.28694
0.11313
12.2512
0.0451499
-0.0593614
-0.030735
0
00:33:907: <MSG>: 
22.7475
12.1989
0.289527
0.113315
12.2516
0.0441167
-0.0580122
-0.0272482
0
00:33:916: <MSG>: 
22.7475
12.199
0.29321
0.113598
12.2515
0.0428215
-0.0592093
-0.0231048
0
00:33:925: <MSG>: 
22.7475
12.199
0.29321
0.113467
12.2631
0.0545549
-0.0573821
-0.023885
0
00:33:934: <MSG>: 
22.7475
12.1976
0.278385
0.113371
12.2732
0.0648073
-0.0563101
-0.0244409
0
00:33:943: <MSG>: 
22.7475
12.1973
0.2928
0.113954
12.2496
0.0380855
-0.0535848
-0.0162402
0
00:33:953: <MSG>: 
22.7475
12.1992
0.275683
0.114494
12.2184
0.00295649
-0.0497458
-0.00839013
0
00:33:962: <MSG>: 
22.7475
12.1992
0.275683
0.11458
12.2218
0.00507648
-0.0486749
-0.00692912
0
00:33:971: <MSG>: 
22.7475
12.197
0.279895
0.11446
12.2385
0.022565
-0.0475933
-0.007968
0
00:33:980: <MSG>: 
22.7475
12.1976
0.282983
0.114689
12.2322
0.01396
-0.0471578
-0.00495093
0
00:33:988: <MSG>: 
22.7475
12.1988
0.274588
0.114691
12.2323
0.0139586
-0.0473293
-0.00495044
0
00:33:997: <MSG>: 
22.7475
12.1988
0.274588
0.114693
12.2324
0.0139572
-0.0475184
-0.00494994
0
00:34:006: <MSG>: 
22.7475
12.1966
0.276707
0.114694
12.2323
0.0139557
-0.0477121
-0.00494943
0
00:34:015: <MSG>: 
22.7475
12.199
0.282002
0.114696
12.2329
0.0139545
-0.0478787
-0.00494899
0
00:34:023: <MSG>: 
22.7475
12.1911
0.280984
0.114698
12.2327
0.013953
-0.0480972
-0.00494848
0
00:34:033: <MSG>: 
22.7475
12.1911
0.280984
0.114733
12.211
-0.0114204
-0.0462841
-0.00406318
0
00:34:042: <MSG>: 
22.7475
12.1923
0.274654
0.114826
12.198
-0.0271383
-0.0451752
-0.00262661
0
00:34:052: <MSG>: 
22.7475
12.1935
0.28759
0.114877
12.1768
-0.0522784
-0.0428138
-0.0014277
0
00:34:061: <MSG>: 
22.7475
12.199
0.277711
0.114855
12.1599
-0.0730834
-0.0411495
-0.00133856
0
00:34:070: <MSG>: 
22.7475
12.199
0.277711
0.114855
12.1445
-0.0914695
-0.0394189
-0.00093895
0
00:34:079: <MSG>: 
22.7475
12.1967
0.289565
0.115415
12.1574
-0.0769994
-0.0369885
0.00689398
0
00:34:088: <MSG>: 
22.7475
12.1944
0.280728
0.115425
12.1567
-0.0769925
-0.0370489
0.00689332
0
00:34:097: <MSG>: 
22.7475
12.1914
0.288052
0.115261
12.1577
-0.0753356
-0.0462035
0.00174169
0
00:34:106: <MSG>: 
22.7475
12.1914
0.288052
0.114997
12.1595
-0.0725214
-0.0545526
-0.00448475
0
00:34:115: <MSG>: 
22.7475
12.1868
0.281378
0.114886
12.1604
-0.0712061
-0.0631595
-0.00851095
0
00:34:125: <MSG>: 
22.7475
12.1885
0.285346
0.114611
12.1637
-0.0670159
-0.0697116
-0.0141642
0
00:34:134: <MSG>: 
22.7475
12.1818
0.284038
0.114215
12.1671
-0.0616356
-0.0754801
-0.0211782
0
00:34:144: <MSG>: 
22.7475
12.1844
0.277613
0.114056
12.1682
-0.0605012
-0.0816876
-0.0249016
0
00:34:153: <MSG>: 
22.7475
12.1844
0.277613
0.11389
12.1686
-0.0596215
-0.0873429
-0.0284927
1
00:34:163: <MSG>: 
22.7475
12.1816
0.288286
0.113806
12.1686
-0.0588443
-0.0916516
-0.0305376
0
00:34:172: <MSG>: 
22.7475
12.1844
0.276691
0.113673
12.1686
-0.0595265
-0.0968592
-0.0334926
0
00:34:181: <MSG>: 
22.7475
12.1809
0.278093
0.113738
12.1646
-0.0637079
-0.100713
-0.0333118
0
00:34:191: <MSG>: 
22.7475
12.1809
0.278093
0.113521
12.166
-0.061211
-0.103153
-0.036575
0
00:34:200: <MSG>: 
22.7475
12.1832
0.276521
0.113308
12.1674
-0.0591245
-0.105769
-0.0397564
0
00:34:209: <MSG>: 
22.7475
12.183
0.281847
0.11313
12.1679
-0.0575241
-0.108146
-0.0423753
0
00:34:220: <MSG>: 
22.7475
12.1801
0.274017
0.113079
12.1655
-0.0596931
-0.111304
-0.0434007
0
00:34:229: <MSG>: 
22.7475
12.1821
0.278835
0.112753
12.1705
-0.0526846
-0.112565
-0.0475879
0
00:34:239: <MSG>: 
22.7475
12.1821
0.278835
0.112647
12.1719
-0.0502857
-0.113524
-0.0486906
0
00:34:248: <MSG>: 
22.7475
12.1788
0.276094
0.112422
12.175
-0.0451822
-0.114276
-0.0513038
0
00:34:258: <MSG>: 
22.7475
12.1793
0.291778
0.112151
12.1778
-0.0408762
-0.115685
-0.0546754
0
00:34:267: <MSG>: 
22.8597
12.1634
0.281791
0.11198
12.1799
-0.0380814
-0.0905939
-0.0564897
0
00:34:276: <MSG>: 
22.8597
12.157
0.258253
0.111964
12.1818
-0.0359728
-0.0897332
-0.0557867
0
00:34:286: <MSG>: 
22.8597
12.157
0.258253
0.111803
12.1868
-0.029826
-0.0889726
-0.0570128
0
00:34:295: <MSG>: 
22.8597
12.1531
0.29305
0.1119
12.1897
-0.026081
-0.0858614
-0.0541261
0
00:34:304: <MSG>: 
22.8597
12.1679
0.26789
0.111662
12.2015
-0.0123632
-0.0831786
-0.0558472
0
00:34:315: <MSG>: 
22.8597
12.1755
0.219423
0.111508
12.2097
-0.00259474
-0.0817599
-0.0566801
0
00:34:324: <MSG>: 
22.8597
12.1755
0.219423
0.111243
12.2209
0.0109654
-0.0803804
-0.0590699
0
00:34:333: <MSG>: 
22.8597
12.1721
0.225411
0.110858
12.2317
0.0240832
-0.0808237
-0.063507
0
00:34:343: <MSG>: 
22.8597
12.1701
0.264207
0.110684
12.2408
0.034129
-0.0789269
-0.0644112
0
00:34:352: <MSG>: 
22.8597
12.1678
0.238997
0.110395
12.2502
0.0445974
-0.0786587
-0.0673245
0
00:34:361: <MSG>: 
22.8597
12.1715
0.263517
0.111099
12.2513
0.0447447
-0.0729151
-0.0567717
0
00:34:371: <MSG>: 
22.8597
12.1715
0.263517
0.111661
12.2512
0.0437026
-0.0696946
-0.0486909
0
00:34:380: <MSG>: 
22.8597
12.1793
0.266745
0.112469
12.2518
0.0435593
-0.0659857
-0.0377069
0
00:34:389: <MSG>: 
22.8597
12.1851
0.256484
0.113211
12.2506
0.0414485
-0.0634943
-0.0279943
0
00:34:399: <MSG>: 
22.8597
12.1858
0.247983
0.114223
12.2489
0.0395973
-0.0599129
-0.0149728
0
00:34:408: <MSG>: 
22.8597
12.1937
0.257681
0.114994
12.2493
0.0388111
-0.0555434
-0.0047109
0
00:34:417: <MSG>: 
22.8597
12.1937
0.257681
0.115544
12.2483
0.0371349
-0.0546299
0.00188233
0
00:34:426: <MSG>: 
22.8597
12.1909
0.248332
0.115285
12.2637
0.0530739
-0.0524731
-0.00100193
0
00:34:434: <MSG>: 
22.8597
12.1871
0.241666
0.115049
12.2811
0.0712073
-0.0502251
-0.00350489
0
00:34:444: <MSG>: 
22.8597
12.1861
0.249651
0.114931
12.2968
0.0882755
-0.0480149
-0.00437658
0
00:34:453: <MSG>: 
22.8597
12.1861
0.249651
0.115023
12.3055
0.0972919
-0.0459537
-0.00246746
0
00:34:462: <MSG>: 
22.8597
12.1897
0.236914
0.114929
12.3257
0.119279
-0.0435805
-0.00293821
0
00:34:471: <MSG>: 
22.8597
12.1882
0.240409
0.114922
12.3417
0.135807
-0.0411911
-0.002229
0
00:34:480: <MSG>: 
22.8597
12.1892
0.235801
0.114855
12.3594
0.154217
-0.0401281
-0.00273235
0
00:34:488: <MSG>: 
22.8597
12.1892
0.235801
0.114858
12.3607
0.1542
-0.0403066
-0.00273209
0
00:34:497: <MSG>: 
22.8597
12.1911
0.239294
0.114862
12.3618
0.154183
-0.0405098
-0.00273182
0
00:34:506: <MSG>: 
22.8597
12.1976
0.237103
0.114865
12.3632
0.154166
-0.040664
-0.00273155
0
00:34:515: <MSG>: 
22.8597
12.2055
0.253592
0.114868
12.3646
0.154151
-0.040809
-0.00273131
0
00:34:523: <MSG>: 
22.8597
12.2055
0.253592
0.114872
12.366
0.154135
-0.0409938
-0.00273104
0
00:34:533: <MSG>: 
22.8597
12.2122
0.240573
0.114899
12.3454
0.13041
-0.0389453
-0.00187289
0
00:34:543: <MSG>: 
22.8597
12.2241
0.242187
0.114835
12.325
0.106636
-0.0363107
-0.00208173
0
00:34:552: <MSG>: 
22.8597
12.2301
0.24823
0.114866
12.3041
0.0817847
-0.0335968
-0.000996192
0
00:34:561: <MSG>: 
22.8597
12.2301
0.24823
0.114871
12.2845
0.058195
-0.0308227
-0.000239671
0
00:34:570: <MSG>: 
22.8597
12.237
0.240851
0.114757
12.2651
0.0344714
-0.0280988
-0.00108994
0
00:34:579: <MSG>: 
22.8597
12.2362
0.242432
0.11488
12.2531
0.0202821
-0.0254561
0.00123425
0
00:34:589: <MSG>: 
22.8597
12.2368
0.237383
0.114263
12.2435
0.00897085
-0.0342719
-0.00826388
0
00:34:598: <MSG>: 
22.8597
12.2368
0.237383
0.113357
12.2392
0.00497086
-0.0440937
-0.0211603
0
00:34:607: <MSG>: 
22.8597
12.2343
0.247002
0.112601
12.2353
0.0013357
-0.0524803
-0.0318373
0
00:34:617: <MSG>: 
22.8597
12.2295
0.237081
0.111923
12.2308
-0.00391567
-0.0612507
-0.0416353
0
00:34:626: <MSG>: 
22.8597
12.2288
0.252285
0.111358
12.2272
-0.00781303
-0.0683309
-0.0495491
0
00:34:636: <MSG>: 
22.8597
12.2269
0.242743
0.110821
12.2218
-0.0137386
-0.0751617
-0.0569959
0
00:34:645: <MSG>: 
22.8597
12.2269
0.242743
0.11027
12.2196
-0.0155754
-0.0811624
-0.064322
0
00:34:655: <MSG>: 
22.8597
12.2268
0.246567
0.110156
12.2134
-0.0227344
-0.0859295
-0.0661942
1
00:34:665: <MSG>: 
22.8597
12.2269
0.239325
0.110144
12.2058
-0.0307608
-0.0894193
-0.0665087
0
00:34:674: <MSG>: 
22.8597
12.2236
0.24406
0.10994
12.2016
-0.0339961
-0.0921782
-0.068864
0
00:34:683: <MSG>: 
22.8597
12.2236
0.24406
0.109809
12.1972
-0.0374446
-0.0944317
-0.0702102
0
00:34:693: <MSG>: 
22.8597
12.2216
0.238403
0.109658
12.1922
-0.042353
-0.0971997
-0.0718775
0
00:34:702: <MSG>: 
22.8597
12.2216
0.239645
0.109423
12.1888
-0.0450042
-0.0996354
-0.0744599
0
00:34:711: <MSG>: 
22.8597
12.2203
0.230907
0.109036
12.1878
-0.0449006
-0.102367
-0.0789388
0
00:34:721: <MSG>: 
22.8597
12.2199
0.236525
0.108744
12.1866
-0.0450479
-0.104233
-0.0819295
0
00:34:731: <MSG>: 
22.8597
12.2199
0.236525
0.108526
12.1851
-0.0454854
-0.105533
-0.0839244
0
00:34:739: <MSG>: 
22.8597
12.2194
0.239678
0.108251
12.1858
-0.0433473
-0.106304
-0.0864793
0
00:34:749: <MSG>: 
22.8597
12.2194
0.237577
0.108034
12.1862
-0.0416108
-0.106847
-0.0881166
0
00:34:759: <MSG>: 
22.8597
12.2185
0.239634
0.10797
12.1843
-0.0427257
-0.107083
-0.087871
0
00:34:768: <MSG>: 
22.8597
12.2166
0.233369
0.107893
12.182
-0.0445511
-0.107828
-0.0879666
0
00:34:777: <MSG>: 
22.8597
12.2166
0.233369
0.107618
12.1842
-0.0415075
-0.107809
-0.0902923
0
00:34:786: <MSG>: 
22.8597
12.2145
0.238182
0.107282
12.1892
-0.0350052
-0.10717
-0.0931479
0
00:34:796: <MSG>: 
22.8597
12.2145
0.2289
0.106823
12.1975
-0.0247462
-0.106803
-0.0975612
0
00:34:805: <MSG>: 
22.8597
12.2121
0.239106
0.106595
12.202
-0.0188711
-0.105687
-0.0988626
0
00:34:815: <MSG>: 
22.8597
12.2127
0.230127
0.106389
12.2066
-0.0133994
-0.104668
-0.0999026
0
00:34:824: <MSG>: 
22.8597
12.2127
0.230127
0.106184
12.2118
-0.00719766
-0.103665
-0.100976
0
00:34:833: <MSG>: 
22.8597
12.2122
0.235113
0.106082
12.2158
-0.00220928
-0.101953
-0.100492
0
00:34:843: <MSG>: 
22.8597
12.2138
0.230271
0.106604
12.2145
-0.00521272
-0.0996484
-0.0903531
0
00:34:852: <MSG>: 
22.8597
12.2124
0.237042
0.106842
12.213
-0.00834075
-0.0970519
-0.084651
0
00:34:861: <MSG>: 
22.8597
12.2124
0.237042
0.107033
12.2131
-0.00949077
-0.0947166
-0.0799109
0
00:34:870: <MSG>: 
22.8597
12.2111
0.234447
0.106902
12.2198
-0.00231186
-0.0925148
-0.0799884
0
00:34:879: <MSG>: 
22.8597
12.215
0.237166
0.106697
12.2311
0.0101327
-0.0898424
-0.0807931
0
00:34:889: <MSG>: 
22.8597
12.216
0.237102
0.106763
12.2299
0.00743492
-0.0886696
-0.0781995
0
00:34:899: <MSG>: 
22.8597
12.2156
0.233921
0.106711
12.2386
0.0167936
-0.0861997
-0.0771087
0
00:34:908: <MSG>: 
22.8597
12.2156
0.233921
0.106579
12.2509
0.0305514
-0.0839693
-0.0771406
0
00:34:917: <MSG>: 
22.8597
12.2099
0.236417
0.106567
12.2578
0.0372347
-0.0814731
-0.0755126
0
00:34:927: <MSG>: 
22.8597
12.2126
0.233147
0.106468
12.2721
0.051845
-0.0787795
-0.0749976
0
00:34:936: <MSG>: 
22.8597
12.2089
0.238019
0.10643
12.2867
0.0676418
-0.0758817
-0.0736123
0
00:34:945: <MSG>: 
22.8597
12.2089
0.238019
0.106357
12.3072
0.0899674
-0.0721187
-0.0724301
0
00:34:954: <MSG>: 
22.8597
12.2142
0.233453
0.10628
12.3313
0.116143
-0.0686636
-0.07136
0
00:34:963: <MSG>: 
22.8597
12.2131
0.237925
0.106318
12.3527
0.139747
-0.0653924
-0.0688495
0
00:34:972: <MSG>: 
22.8597
12.2177
0.236086
0.106404
12.3747
0.163734
-0.0622908
-0.0657384
0
00:34:982: <MSG>: 
22.8597
12.2177
0.236086
0.106499
12.3958
0.185706
-0.059275
-0.0625381
0
00:34:991: <MSG>: 
22.8597
12.2161
0.239407
0.106611
12.4225
0.214177
-0.0560749
-0.0590875
0
00:35:000: <MSG>: 
22.8597
12.2182
0.242359
0.106839
12.4445
0.237603
-0.0531255
-0.0542363
0
00:35:010: <MSG>: 
22.8597
12.2256
0.242596
0.106972
12.412
0.198015
-0.0502305
-0.0509349
0
00:35:019: <MSG>: 
22.8597
12.2312
0.247048
0.107074
12.3758
0.155348
-0.0462691
-0.0478608
0
00:35:029: <MSG>: 
22.8597
12.2312
0.247048
0.107138
12.3421
0.115076
-0.0427581
-0.0454585
0
00:35:038: <MSG>: 
22.8597
12.2447
0.244388
0.107313
12.3174
0.0852097
-0.0391025
-0.0414985
0
00:35:047: <MSG>: 
22.8597
12.249
0.247557
0.10761
12.2936
0.0566775
-0.0350659
-0.0357937
0
00:35:055: <MSG>: 
22.8597
12.2683
0.242268
0.107756
12.2695
0.0270117
-0.0314892
-0.0324122
0
00:35:065: <MSG>: 
22.8597
12.2683
0.242268
0.107873
12.2459
-0.00125247
-0.0279351
-0.0293744
0
00:35:074: <MSG>: 
22.8597
12.2726
0.242302
0.107975
12.225
-0.0254487
-0.024288
-0.0265681
0
00:35:083: <MSG>: 
22.8597
12.2743
0.234449
0.108013
12.206
-0.047841
-0.0211161
-0.0247841
0
00:35:092: <MSG>: 
22.8597
12.2633
0.240765
0.108216
12.1892
-0.0675877
-0.0177917
-0.0207083
0
00:35:102: <MSG>: 
22.8597
12.2633
0.240765
0.107522
12.1983
-0.0521131
-0.0212248
-0.0319137
0
00:35:112: <MSG>: 
22.8597
12.2593
0.232725
0.107035
12.208
-0.03791
-0.0248417
-0.0398015
0
00:35:121: <MSG>: 
22.8597
12.2483
0.243023
0.10665
12.2144
-0.0277267
-0.0284225
-0.0459753
0
00:35:130: <MSG>: 
22.8597
12.2436
0.231898
0.106452
12.2183
-0.0225936
-0.0325981
-0.049402
0
00:35:140: <MSG>: 
22.8597
12.2356
0.236039
0.106173
12.2243
-0.0141817
-0.0353759
-0.05356
0
00:35:149: <MSG>: 
22.8597
12.2356
0.236039
0.105912
12.2323
-0.00378936
-0.038268
-0.0573955
0
00:35:158: <MSG>: 
22.8597
12.2251
0.233111
0.105783
12.2405
0.0062801
-0.0399527
-0.0588242
1
00:35:167: <MSG>: 
22.8597
12.2237
0.234739
0.105677
12.2476
0.0138273
-0.0415932
-0.0599029
0
00:35:177: <MSG>: 
22.8597
12.2225
0.231404
0.105473
12.2531
0.0206424
-0.0440318
-0.0625722
0
00:35:186: <MSG>: 
22.8597
12.2225
0.231404
0.105486
12.2548
0.0212968
-0.0466692
-0.0621046
0
00:35:197: <MSG>: 
22.8597
12.2299
0.232162
0.105757
12.2525
0.0169781
-0.0482459
-0.0574196
0
00:35:206: <MSG>: 
22.8597
12.2261
0.234621
0.105967
12.2501
0.0139422
-0.049541
-0.0537335
0
00:35:215: <MSG>: 
22.8597
12.2311
0.228309
0.106074
12.2507
0.01358
-0.0507956
-0.051678
0
00:35:224: <MSG>: 
22.8597
12.225
0.237853
0.106278
12.2491
0.0116396
-0.0513853
-0.0480416
0
00:35:234: <MSG>: 
22.8597
12.225
0.237853
0.106224
12.2547
0.0184833
-0.0506884
-0.0477787
0
00:35:243: <MSG>: 
22.8597
12.2282
0.229502
0.10617
12.2597
0.0242243
-0.0506169
-0.0477678
0
00:35:253: <MSG>: 
22.8597
12.2279
0.234826
0.106371
12.2583
0.0214968
-0.0504021
-0.0440387
0
00:35:262: <MSG>: 
22.8597
12.2325
0.222671
0.106402
12.2595
0.0218837
-0.0510018
-0.0430773
0
00:35:272: <MSG>: 
22.8597
12.2304
0.25166
0.106477
12.264
0.0256091
-0.0495882
-0.040797
0
00:35:281: <MSG>: 
22.8597
12.2304
0.25166
0.106349
12.2702
0.0324229
-0.0492394
-0.0418624
0
00:35:291: <MSG>: 
22.8597
12.22
0.239645
0.106394
12.2783
0.0417763
-0.0460558
-0.0395446
0
00:35:301: <MSG>: 
22.8597
12.2041
0.222537
0.106357
12.2857
0.0499794
-0.0440929
-0.038772
0
00:35:310: <MSG>: 
22.8597
12.2057
0.277609
0.106375
12.2958
0.0620606
-0.0400259
-0.0366165
0
00:35:319: <MSG>: 
22.8597
12.2235
0.266758
0.106977
12.2879
0.0503361
-0.0356013
-0.0271454
0
00:35:329: <MSG>: 
22.8597
12.2235
0.266758
0.107795
12.2803
0.0395086
-0.0295846
-0.0145225
0
00:35:338: <MSG>: 
22.8802
12.2247
0.2203
0.108319
12.2736
0.0301977
-0.0209083
-0.00641392
0
00:35:347: <MSG>: 
22.8802
12.2246
0.229037
0.108607
12.2657
0.0193329
-0.0180457
-0.00182449
0
00:35:357: <MSG>: 
22.8802
12.2237
0.265138
0.108821
12.2584
0.010455
-0.0156427
0.00164324
0
00:35:367: <MSG>: 
22.8802
12.2237
0.265138
0.109144
12.2505
0.000250925
-0.0137064
0.00630051
0
00:35:375: <MSG>: 
22.8802
12.2262
0.230626
0.1097
12.246
-0.00614643
-0.0111589
0.0140578
0
00:35:385: <MSG>: 
22.8802
12.2259
0.241424
0.109654
12.2551
0.00357511
-0.00912939
0.0139371
0
00:35:394: <MSG>: 
22.8802
12.2355
0.254535
0.110018
12.2516
-0.00203819
-0.0113475
0.0176836
0
00:35:404: <MSG>: 
22.8802
12.2307
0.24716
0.110059
12.2613
0.00854835
-0.00921796
0.0187732
0
00:35:412: <MSG>: 
22.8802
12.2307
0.24716
0.110175
12.2696
0.0177687
-0.00704109
0.0209644
0
00:35:422: <MSG>: 
22.8802
12.2226
0.242679
0.110072
12.2821
0.0309783
-0.00546927
0.0198129
0
00:35:431: <MSG>: 
22.8802
12.2241
0.258452
0.110301
12.2881
0.0363787
-0.00281383
0.0236852
0
00:35:440: <MSG>: 
22.8802
12.2264
0.248729
0.110465
12.296
0.0444474
-0.000847669
0.0264042
0
00:35:449: <MSG>: 
22.8802
12.2264
0.248729
0.110464
12.3179
0.0690591
0.00267586
0.027297
0
00:35:459: <MSG>: 
22.8802
12.2261
0.243236
0.110513
12.3393
0.0929179
0.00540574
0.0286483
0
00:35:468: <MSG>: 
22.8802
12.2256
0.252857
0.110775
12.3487
0.103824
0.00772867
0.0328197
0
00:35:477: <MSG>: 
22.8802
12.2288
0.234756
0.110853
12.3665
0.122363
0.00945612
0.0341538
0
00:35:487: <MSG>: 
22.8802
12.2272
0.243892
0.110957
12.3898
0.148158
0.0118952
0.0361022
0
00:35:496: <MSG>: 
22.8802
12.2272
0.243892
0.111152
12.4089
0.169032
0.0138734
0.0391345
0
00:35:504: <MSG>: 
22.8802
12.23
0.240858
0.11117
12.4105
0.169061
0.0144307
0.0391418
0
00:35:513: <MSG>: 
22.8802
12.2297
0.241008
0.111189
12.4117
0.169089
0.0149592
0.0391486
0
00:35:521: <MSG>: 
22.8802
12.2337
0.231678
0.111209
12.4132
0.169113
0.0155324
0.0391546
0
00:35:530: <MSG>: 
22.8802
12.2337
0.231678
0.111229
12.4147
0.169141
0.0160919
0.0391616
0
00:35:539: <MSG>: 
22.8802
12.2404
0.251109
0.111249
12.4164
0.169166
0.0167234
0.0391677
0
00:35:548: <MSG>: 
22.8802
12.2469
0.238592
0.111733
12.4178
0.170327
0.0189166
0.0460328
0
00:35:558: <MSG>: 
22.8802
12.2469
0.238592
0.111861
12.3971
0.14635
0.0216672
0.0479374
0
00:35:567: <MSG>: 
22.8802
12.2571
0.24165
0.111926
12.3753
0.120396
0.0240974
0.0488174
0
00:35:576: <MSG>: 
22.8802
12.2682
0.24289
0.111859
12.3535
0.0945869
0.0263562
0.047896
0
00:35:586: <MSG>: 
22.8802
12.2731
0.240078
0.111635
12.3404
0.0763621
0.0174213
0.0418222
0
00:35:595: <MSG>: 
22.8802
12.2731
0.240078
0.111386
12.3294
0.062144
0.0104027
0.0361635
0
00:35:604: <MSG>: 
22.8802
12.2738
0.233904
0.111306
12.3192
0.0491214
0.00386607
0.0327588
0
00:35:614: <MSG>: 
22.8802
12.2721
0.2369
0.11088
12.3113
0.0397874
-0.00355162
0.0250481
0
00:35:623: <MSG>: 
22.8802
12.2713
0.240612
0.110583
12.3049
0.0325097
-0.0103348
0.0191561
0
00:35:632: <MSG>: 
22.8802
12.2698
0.235885
0.110463
12.3004
0.0264437
-0.0159944
0.0157934
0
00:35:641: <MSG>: 
22.8802
12.2698
0.235885
0.110371
12.2951
0.019923
-0.0215439
0.0128469
0
00:35:651: <MSG>: 
22.8802
12.2677
0.24352
0.110424
12.2886
0.0120021
-0.0263547
0.0118383
0
00:35:660: <MSG>: 
22.8802
12.2662
0.237554
0.110297
12.2838
0.0065032
-0.0318388
0.0085373
0
00:35:670: <MSG>: 
22.8802
12.2689
0.244179
0.110329
12.2784
0.00124806
-0.0347673
0.00790804
1
00:35:680: <MSG>: 
22.8802
12.2693
0.240775
0.110233
12.2749
-0.00152421
-0.0378878
0.00571597
0
00:35:689: <MSG>: 
22.8802
12.2693
0.240775
0.110325
12.2689
-0.00732776
-0.0408021
0.00584328
0
00:35:698: <MSG>: 
22.8802
12.2678
0.247001
0.110005
12.2711
-0.00225331
-0.0423934
0.00148917
0
00:35:708: <MSG>: 
22.8802
12.2676
0.241974
0.109997
12.2684
-0.00454688
-0.0437629
0.00094466
0
00:35:717: <MSG>: 
22.8802
12.2679
0.249524
0.110037
12.2652
-0.00715045
-0.044806
0.00107948
0
00:35:727: <MSG>: 
22.8802
12.2679
0.249524
0.11008
12.2619
-0.00998121
-0.0460363
0.00120051
0
00:35:735: <MSG>: 
22.8802
12.2698
0.240909
0.110009
12.2614
-0.00947637
-0.0471017
-5.65053e-06
0
00:35:745: <MSG>: 
22.8802
12.2647
0.247053
0.110038
12.2598
-0.00977093
-0.0473953
0.000247219
0
00:35:755: <MSG>: 
22.8802
12.2662
0.247726
0.110074
12.2585
-0.0101847
-0.0477857
0.000557598
0
00:35:764: <MSG>: 
22.8802
12.2627
0.241967
0.110034
12.2592
-0.00782565
-0.0478582
4.27208e-05
0
00:35:773: <MSG>: 
22.8802
12.2627
0.241967
0.110021
12.2605
-0.00493042
-0.0474986
-1.48038e-05
0
00:35:783: <MSG>: 
22.8802
12.26
0.273432
0.109806
12.272
0.0094044
-0.0435193
-0.00142604
0
00:35:793: <MSG>: 
22.8802
12.266
0.256376
0.109743
12.2718
0.0107985
-0.0441352
-0.00237494
0
00:35:802: <MSG>: 
22.8802
12.2331
0.213489
0.109593
12.2766
0.0170338
-0.0432816
-0.00388643
0
00:35:811: <MSG>: 
22.8802
12.2292
0.223529
0.109425
12.2819
0.0226553
-0.042764
-0.00575914
0
00:35:820: <MSG>: 
22.8802
12.2292
0.223529
0.109127
12.2903
0.0330303
-0.0425164
-0.00929927
0
00:35:829: <MSG>: 
22.8802
12.2265
0.256384
0.109518
12.2811
0.0226513
-0.0396826
-0.00345066
0
00:35:838: <MSG>: 
23.1608
12.2334
0.203964
0.109893
12.2789
0.0174359
0.0223262
0.00231718
0
00:35:848: <MSG>: 
23.1608
12.2319
0.213255
0.110236
12.275
0.0127997
0.024821
0.00800903
0
00:35:857: <MSG>: 
23.1608
12.2319
0.213255
0.110374
12.2723
0.0084247
0.0263172
0.0103024
0
00:35:866: <MSG>: 
23.1608
12.2403
0.237369
0.110417
12.2729
0.00750701
0.0280603
0.011259
0
00:35:876: <MSG>: 
23.1608
12.2361
0.227105
0.110574
12.2701
0.00373451
0.0288165
0.0135616
0
00:35:885: <MSG>: 
23.1608
12.2373
0.226225
0.110982
12.2671
-0.000682698
0.0298496
0.0195099
0
00:35:895: <MSG>: 
23.1608
12.2373
0.226225
0.111114
12.2651
-0.00384173
0.029161
0.0208479
0
00:35:904: <MSG>: 
23.1608
12.25
0.254476
0.111458
12.2632
-0.00691066
0.0301204
0.0256864
0
00:35:914: <MSG>: 
23.1608
12.2433
0.244743
0.111758
12.2593
-0.0120537
0.0307584
0.0297266
0
00:35:922: <MSG>: 
23.1608
12.2423
0.249531
0.111494
12.2712
0.00122042
0.0312792
0.0263439
0
00:35:932: <MSG>: 
23.1608
12.2404
0.257801
0.111539
12.2794
0.0104204
0.0332778
0.0271992
0
00:35:941: <MSG>: 
23.1608
12.2404
0.257801
0.111445
12.2926
0.0251568
0.0348981
0.0262508
0
00:35:950: <MSG>: 
23.1608
12.2473
0.251402
0.111382
12.3088
0.0427505
0.0366875
0.0257642
0
00:35:959: <MSG>: 
23.1608
12.2415
0.245324
0.111462
12.3217
0.0579705
0.0387568
0.0271466
0
00:35:969: <MSG>: 
23.1608
12.2449
0.246946
0.111451
12.3414
0.080414
0.0406608
0.0273498
0
00:35:977: <MSG>: 
23.1608
12.2449
0.246946
0.111586
12.3588
0.100434
0.0427506
0.0294611
0
00:35:987: <MSG>: 
23.1608
12.2424
0.244398
0.111715
12.3732
0.116231
0.0445646
0.0313612
0
00:35:996: <MSG>: 
23.1608
12.2475
0.241413
0.111842
12.3428
0.0797133
0.04619
0.0328805
0
00:36:005: <MSG>: 
23.1608
12.2443
0.250854
0.112179
12.3393
0.0750699
0.0475002
0.0371028
0
00:36:013: <MSG>: 
23.1608
12.2443
0.250854
0.112206
12.34
0.0750686
0.0477925
0.0371024
0
00:36:022: <MSG>: 
23.1608
12.2456
0.23909
0.112235
12.3406
0.0750674
0.0481076
0.0371019
0
00:36:031: <MSG>: 
23.1608
12.2501
0.245104
0.112263
12.341
0.0750661
0.0484139
0.0371015
0
00:36:040: <MSG>: 
23.1608
12.2559
0.247134
0.112293
12.342
0.075065
0.0487784
0.0371011
0
00:36:049: <MSG>: 
23.1608
12.2559
0.247134
0.112322
12.3426
0.0750637
0.0490945
0.0371007
0
00:36:059: <MSG>: 
23.1608
12.2603
0.248948
0.112392
12.3251
0.054329
0.0508746
0.0378986
0
00:36:068: <MSG>: 
23.1608
12.2525
0.241063
0.1125
12.3086
0.0351816
0.0526551
0.0392588
0
00:36:078: <MSG>: 
23.1608
12.2571
0.24917
0.112375
12.2867
0.00812973
0.0541331
0.0374358
0
00:36:087: <MSG>: 
23.1608
12.2541
0.247714
0.112185
12.2627
-0.0201458
0.055872
0.0349104
0
00:36:096: <MSG>: 
23.1608
12.2541
0.247714
0.11226
12.2454
-0.040873
0.0583779
0.0360787
0
00:36:105: <MSG>: 
23.1608
12.2563
0.246227
0.111705
12.2458
-0.0389317
0.0515906
0.0255025
0
00:36:115: <MSG>: 
23.1608
12.2513
0.250645
0.11131
12.2447
-0.0384982
0.0446079
0.0173356
0
00:36:124: <MSG>: 
23.1608
12.2546
0.247938
0.110649
12.2461
-0.0353331
0.0381146
0.00568429
0
00:36:134: <MSG>: 
23.1608
12.2546
0.247938
0.110301
12.2443
-0.0364259
0.0320325
-0.00119619
0
00:36:143: <MSG>: 
23.1608
12.247
0.24825
0.109915
12.2423
-0.0374146
0.0267158
-0.00824907
0
00:36:152: <MSG>: 
23.1608
12.2443
0.245861
0.109855
12.2392
-0.0414587
0.0223264
-0.0102943
0
00:36:162: <MSG>: 
23.1608
12.2426
0.247649
0.110031
12.2294
-0.0536663
0.0256762
-0.00703045
1
00:36:172: <MSG>: 
23.1608
12.2429
0.241876
0.109904
12.2288
-0.0540069
0.0213684
-0.0100051
0
00:36:181: <MSG>: 
23.1608
12.2429
0.241876
0.10986
12.227
-0.0553481
0.0183321
-0.0113927
0
00:36:192: <MSG>: 
23.1608
12.2465
0.243856
0.109751
12.2271
-0.0545224
0.0157681
-0.0135147
0
00:36:201: <MSG>: 
23.1608
12.2433
0.241027
0.109625
12.2262
-0.053997
0.0128568
-0.0159475
0
00:36:211: <MSG>: 
23.1608
12.247
0.242201
0.109526
12.226
-0.0538558
0.00994403
-0.017968
0
00:36:220: <MSG>: 
23.1608
12.2445
0.242939
0.10942
12.2261
-0.0519518
0.00835439
-0.0196785
0
00:36:230: <MSG>: 
23.1608
12.2445
0.242939
0.109317
12.2262
-0.0508235
0.00663084
-0.0213407
0
00:36:240: <MSG>: 
23.1608
12.2493
0.236249
0.109118
12.2295
-0.0464763
0.00493758
-0.0242924
0
00:36:249: <MSG>: 
23.1608
12.2421
0.238382
0.108988
12.2309
-0.043241
0.00364355
-0.0261361
0
00:36:259: <MSG>: 
23.1608
12.2447
0.242322
0.108887
12.2321
-0.0420991
0.00255775
-0.0274836
0
00:36:268: <MSG>: 
23.1608
12.2412
0.241635
0.108693
12.2347
-0.0380045
0.00175326
-0.0300238
0
00:36:277: <MSG>: 
23.1608
12.2412
0.241635
0.108543
12.2379
-0.0338463
0.00134595
-0.0317885
0
00:36:287: <MSG>: 
23.1608
12.2448
0.240648
0.108537
12.2382
-0.0337731
0.000802039
-0.0315853
0
00:36:297: <MSG>: 
23.1608
12.2422
0.23808
0.108268
12.2465
-0.0232537
0.00137919
-0.0346496
0
00:36:306: <MSG>: 
23.1608
12.2442
0.237985
0.108012
12.2551
-0.0125664
0.00189006
-0.0375389
0
00:36:315: <MSG>: 
23.1608
12.2438
0.238363
0.107768
12.2637
-0.00195542
0.00229917
-0.0401944
0
00:36:325: <MSG>: 
23.1608
12.2438
0.238363
0.107719
12.2688
0.00412206
0.00310818
-0.0400273
0
00:36:334: <MSG>: 
23.1608
12.2454
0.23949
0.107679
12.2736
0.0101155
0.00386549
-0.0397495
0
00:36:345: <MSG>: 
23.1608
12.2463
0.239482
0.108038
12.269
0.00354453
0.00660365
-0.0341212
0
00:36:354: <MSG>: 
23.1608
12.2436
0.238561
0.108206
12.2638
-0.00267849
0.0078796
-0.031319
0
00:36:364: <MSG>: 
23.1608
12.2482
0.242475
0.10826
12.2577
-0.0104799
0.00843452
-0.0301581
0
00:36:373: <MSG>: 
23.1608
12.2482
0.242475
0.108137
12.2696
0.00369715
0.0103253
-0.0308306
0
00:36:383: <MSG>: 
23.1608
12.2486
0.24268
0.108425
12.2651
-0.00223927
0.0134073
-0.0260679
0
00:36:393: <MSG>: 
23.1608
12.2522
0.241878
0.108588
12.2629
-0.00600116
0.0128313
-0.0239559
0
00:36:402: <MSG>: 
23.1608
12.2501
0.245234
0.109165
12.2609
-0.00907949
0.0129192
-0.0166311
0
00:36:412: <MSG>: 
23.1608
12.2476
0.232648
0.109
12.2749
0.00600175
0.014716
-0.0181192
0
00:36:420: <MSG>: 
23.1608
12.2476
0.232648
0.108989
12.2851
0.0170886
0.0165052
-0.0174342
0
00:36:430: <MSG>: 
23.1608
12.247
0.23914
0.108869
12.3018
0.0359637
0.0185684
-0.0181695
0
00:36:439: <MSG>: 
23.1608
12.2468
0.235923
0.109005
12.3109
0.0458906
0.0204984
-0.0153641
0
00:36:448: <MSG>: 
23.1608
12.2486
0.240134
0.109109
12.3255
0.0624867
0.0229848
-0.0128599
0
00:36:457: <MSG>: 
23.1608
12.2486
0.240134
0.10927
12.3342
0.0711944
0.0250168
-0.0097548
0
00:36:467: <MSG>: 
23.1608
12.2498
0.234171
0.10932
12.3511
0.0893889
0.0270488
-0.00819409
0
00:36:476: <MSG>: 
23.1608
12.2503
0.236958
0.109382
12.373
0.113381
0.0295054
-0.00633555
0
00:36:485: <MSG>: 
23.1608
12.2503
0.228495
0.109445
12.3942
0.137062
0.0310212
-0.00476004
0
00:36:495: <MSG>: 
23.1608
12.2513
0.232747
0.109589
12.4154
0.160228
0.0327188
-0.00203169
0
00:36:504: <MSG>: 
23.1608
12.2513
0.232747
0.109817
12.3937
0.134596
0.0338472
0.0014096
0
00:36:514: <MSG>: 
23.1608
12.2494
0.223613
0.109921
12.3679
0.104618
0.0347472
0.00297546
0
00:36:523: <MSG>: 
23.1608
12.2544
0.232209
0.110055
12.3419
0.0730917
0.0362783
0.00509359
0
00:36:533: <MSG>: 
23.1608
12.2581
0.228825
0.110056
12.3152
0.0415156
0.0374573
0.00524771
0
00:36:542: <MSG>: 
23.1608
12.2581
0.228825
0.110204
12.2947
0.0171195
0.039343
0.00766933
0
00:36:551: <MSG>: 
23.1608
12.2637
0.231252
0.110365
12.2774
-0.00366996
0.0414153
0.0103224
0
00:36:561: <MSG>: 
23.1608
12.269
0.235665
0.110503
12.2605
-0.0233147
0.0438159
0.0126974
0
00:36:570: <MSG>: 
23.1608
12.2696
0.232195
0.110631
12.2463
-0.039868
0.0460061
0.0148703
0
00:36:580: <MSG>: 
23.1608
12.2646
0.241013
0.109731
12.238
-0.0470153
0.0369808
0.00161279
0
00:36:589: <MSG>: 
23.1608
12.2646
0.241013
0.109211
12.232
-0.0524628
0.0293438
-0.00671273
0
00:36:599: <MSG>: 
23.1608
12.2599
0.240518
0.10911
12.2244
-0.060865
0.0229354
-0.00972236
0
00:36:608: <MSG>: 
23.1608
12.2594
0.245603
0.10894
12.2195
-0.0662196
0.0165111
-0.0134967
0
00:36:617: <MSG>: 
23.1608
12.2611
0.238844
0.108413
12.2162
-0.0686586
0.00943869
-0.021577
0
00:36:627: <MSG>: 
23.1608
12.2611
0.239233
0.107975
12.2137
-0.0703961
0.00235746
-0.0285361
0
00:36:636: <MSG>: 
23.1608
12.2611
0.239233
0.107875
12.207
-0.0776852
-0.00353623
-0.0310967
0
00:36:646: <MSG>: 
23.1608
12.2571
0.234856
0.107335
12.2069
-0.0759396
-0.00997243
-0.0389508
0
00:36:655: <MSG>: 
23.1608
12.2519
0.23793
0.107492
12.1991
-0.0837422
-0.0132215
-0.0375963
1
00:36:665: <MSG>: 
23.1608
12.2501
0.242145
0.107588
12.1924
-0.0897945
-0.0162422
-0.0368769
0
00:36:674: <MSG>: 
23.1608
12.2501
0.242145
0.107471
12.1893
-0.0909182
-0.0190161
-0.0386301
0
00:36:684: <MSG>: 
23.1608
12.2488
0.238132
0.107363
12.1856
-0.0936915
-0.0221257
-0.0403546
0
00:36:693: <MSG>: 
23.1608
12.2486
0.238717
0.107295
12.1819
-0.0965863
-0.0246837
-0.0414676
0
00:36:702: <MSG>: 
23.1608
12.2474
0.252233
0.10727
12.1795
-0.0975611
-0.0256798
-0.0415462
0
00:36:712: <MSG>: 
23.1608
12.2474
0.234965
0.106946
12.179
-0.0958663
-0.0288443
-0.0458907
0
00:36:721: <MSG>: 
23.1608
12.2474
0.234965
0.10703
12.1765
-0.0969087
-0.0289975
-0.044352
0
00:36:731: <MSG>: 
23.1608
12.232
0.186432
0.106755
12.1754
-0.0960797
-0.0323211
-0.0480973
0
00:36:740: <MSG>: 
23.1608
12.228
0.224032
0.106426
12.175
-0.0949363
-0.0363641
-0.0527524
0
00:36:750: <MSG>: 
23.1608
12.2028
0.156439
0.106105
12.1749
-0.0934223
-0.0405199
-0.0572239
0
00:36:759: <MSG>: 
23.1608
12.1857
0.21483
0.105925
12.1724
-0.0937061
-0.0430801
-0.0594647
0
00:36:769: <MSG>: 
23.1608
12.1857
0.21483
0.105129
12.1748
-0.0888937
-0.0505189
-0.070792
0
00:36:778: <MSG>: 
23.1608
12.1958
0.257863
0.104694
12.1833
-0.078076
-0.0508929
-0.0754668
0
00:36:788: <MSG>: 
23.1608
12.1867
0.241807
0.104645
12.1868
-0.0716871
-0.0484529
-0.0744066
0
00:36:799: <MSG>: 
23.1608
12.1937
0.256849
0.104716
12.1914
-0.0658081
-0.0446743
-0.071281
0
00:36:808: <MSG>: 
23.0978
12.1953
0.284811
0.104816
12.1984
-0.0563735
-0.0528507
-0.0674973
0
00:36:817: <MSG>: 
23.0978
12.1953
0.284811
0.105069
12.1998
-0.054311
-0.048413
-0.0620955
0
00:36:827: <MSG>: 
23.0978
12.1919
0.255308
0.105695
12.1863
-0.0699806
-0.0455074
-0.0524148
0
00:36:837: <MSG>: 
23.0978
12.187
0.211534
0.105652
12.1941
-0.06043
-0.0423258
-0.0512988
0
00:36:846: <MSG>: 
23.0978
12.1899
0.254266
0.106146
12.1938
-0.0616389
-0.0371221
-0.041448
0
00:36:856: <MSG>: 
23.0978
12.1931
0.254949
0.106594
12.1945
-0.0614523
-0.0335735
-0.0329735
0
00:36:865: <MSG>: 
23.0978
12.1931
0.254949
0.106894
12.1939
-0.0624301
-0.0278392
-0.0262977
0
00:36:874: <MSG>: 
23.0978
12.1838
0.241376
0.106761
12.2077
-0.0450996
-0.0238603
-0.0264126
0
00:36:884: <MSG>: 
23.0978
12.1969
0.270429
0.107
12.2078
-0.0461569
-0.021297
-0.0216637
0
00:36:893: <MSG>: 
23.0978
12.1957
0.261705
0.107278
12.2073
-0.0475808
-0.0192549
-0.0165681
0
00:36:902: <MSG>: 
23.0978
12.1948
0.257971
0.107477
12.2144
-0.0399939
-0.0145748
-0.0123892
0
00:36:911: <MSG>: 
23.0978
12.1948
0.257971
0.107584
12.2254
-0.0277184
-0.0102961
-0.00952019
0
00:36:921: <MSG>: 
23.0978
12.1866
0.258916
0.10774
12.2374
-0.0136703
-0.00559894
-0.00590768
0
00:36:930: <MSG>: 
23.0978
12.1945
0.268775
0.107974
12.2485
-0.00154402
-0.00116566
-0.00142524
0
00:36:939: <MSG>: 
23.0978
12.194
0.256291
0.108244
12.2601
0.0121958
0.00331968
0.00353732
0
00:36:949: <MSG>: 
23.0978
12.194
0.256291
0.108493
12.2779
0.0328962
0.00853124
0.0084038
0
00:36:959: <MSG>: 
23.0978
12.1944
0.262916
0.108603
12.3008
0.0583581
0.0133056
0.0113165
0
00:36:968: <MSG>: 
23.0978
12.195
0.266416
0.108847
12.3207
0.0803134
0.0183685
0.0160524
0
00:36:977: <MSG>: 
23.0978
12.1972
0.257344
0.109226
12.3361
0.0969684
0.0229223
0.0223083
0
00:36:987: <MSG>: 
23.0978
12.1996
0.270563
0.10953
12.3613
0.124821
0.028012
0.0277132
0
00:36:996: <MSG>: 
23.0978
12.1996
0.270563
0.109905
12.329
0.0863944
0.0322984
0.0334404
0
00:37:005: <MSG>: 
23.0978
12.1996
0.261933
0.110153
12.2968
0.0485607
0.0361923
0.0373488
0
00:37:014: <MSG>: 
23.0978
12.2068
0.258883
0.110377
12.2663
0.0122282
0.0399281
0.0408101
0
00:37:024: <MSG>: 
23.0978
12.2153
0.262527
0.110597
12.2383
-0.0200321
0.0438649
0.0442581
0
00:37:033: <MSG>: 
23.0978
12.2153
0.262527
0.110876
12.2127
-0.0508075
0.0474982
0.048356
0
00:37:042: <MSG>: 
23.0978
12.232
0.267218
0.111078
12.1872
-0.0816913
0.0516728
0.0515759
0
00:37:051: <MSG>: 
23.0978
12.2407
0.259159
0.111142
12.1597
-0.113358
0.0556643
0.0528365
0
00:37:060: <MSG>: 
23.0978
12.2472
0.253537
0.111349
12.1443
-0.131481
0.0586452
0.0557738
0
00:37:069: <MSG>: 
23.0978
12.2472
0.253537
0.111614
12.1322
-0.144784
0.061363
0.059362
0
00:37:079: <MSG>: 
23.0978
12.2393
0.263904
0.111846
12.1189
-0.158922
0.0650342
0.062742
0
00:37:088: <MSG>: 
23.0978
12.2253
0.254737
0.11198
12.1042
-0.17594
0.0675655
0.0644227
0
00:37:098: <MSG>: 
23.0978
12.2152
0.259788
0.112148
12.0906
-0.19134
0.0704835
0.0666464
0
00:37:108: <MSG>: 
23.0978
12.2036
0.255029
0.111697
12.1018
-0.173051
0.065388
0.0572937
0
00:37:117: <MSG>: 
23.0978
12.2036
0.255029
0.111392
12.1102
-0.159565
0.0604559
0.0503783
0
00:37:127: <MSG>: 
23.0978
12.1992
0.254792
0.111113
12.1169
-0.149197
0.0562209
0.0442096
0
00:37:136: <MSG>: 
23.0978
12.1867
0.256438
0.110831
12.1232
-0.138614
0.0518908
0.0380886
0
00:37:145: <MSG>: 
23.0978
12.1882
0.256433
0.110721
12.1325
-0.126999
0.0483051
0.0348535
0
00:37:155: <MSG>: 
23.0978
12.1775
0.25511
0.110602
12.1399
-0.1158
0.0459827
0.0319193
1
00:37:164: <MSG>: 
23.0978
12.1775
0.25511
0.110416
12.1448
-0.108403
0.0431188
0.0278884
0
00:37:174: <MSG>: 
23.0978
12.1779
0.255912
0.110378
12.1499
-0.101832
0.0402333
0.0260806
0
00:37:183: <MSG>: 
23.0978
12.1732
0.263865
0.110264
12.1561
-0.0937949
0.0376541
0.0232901
0
00:37:192: <MSG>: 
23.0978
12.174
0.256913
0.110531
12.1559
-0.0946256
0.0358106
0.0263057
0
00:37:202: <MSG>: 
23.0978
12.174
0.256913
0.110641
12.1579
-0.0917978
0.0346339
0.0271424
0
00:37:212: <MSG>: 
23.0978
12.1763
0.256978
0.110869
12.1569
-0.0927517
0.0332566
0.0295929
0
00:37:221: <MSG>: 
23.0978
12.1799
0.251993
0.110917
12.1596
-0.089016
0.032237
0.0295662
0
00:37:230: <MSG>: 
23.0978
12.1809
0.256797
0.111091
12.1601
-0.0883469
0.0314198
0.0313718
0
00:37:240: <MSG>: 
23.0978
12.1757
0.250292
0.111075
12.1638
-0.0828804
0.0308548
0.0305245
0
00:37:249: <MSG>: 
23.0978
12.1757
0.250292
0.110943
12.1698
-0.0749852
0.0301103
0.0280021
0
00:37:259: <MSG>: 
23.0978
12.1769
0.254693
0.110452
12.1776
-0.0653527
0.0261913
0.0194442
0
00:37:268: <MSG>: 
23.0978
12.1917
0.263015
0.110336
12.1833
-0.0597071
0.0252951
0.0172582
0
00:37:277: <MSG>: 
23.0978
12.1722
0.240713
0.110288
12.1895
-0.0520566
0.0260887
0.0166396
0
00:37:288: <MSG>: 
23.0978
12.1661
0.277623
0.110401
12.1958
-0.0445322
0.0289345
0.0189083
0
00:37:297: <MSG>: 
23.0978
12.1661
0.277623
0.110438
12.2021
-0.0374109
0.0306237
0.0197201
0
00:37:307: <MSG>: 
23.0978
12.1671
0.315613
0.110527
12.2107
-0.0275661
0.0343212
0.0219073
0
00:37:316: <MSG>: 
23.0144
12.177
0.266759
0.110424
12.2237
-0.0128622
0.0189995
0.0210392
0
00:37:325: <MSG>: 
23.0144
12.1807
0.240746
0.111096
12.2207
-0.0175037
0.0223876
0.0301797
0
00:37:335: <MSG>: 
23.0144
12.1829
0.279533
0.111512
12.2184
-0.0207344
0.0257339
0.0359926
0
00:37:345: <MSG>: 
23.0144
12.1829
0.279533
0.111458
12.2153
-0.0243383
0.0269047
0.0351674
0
00:37:354: <MSG>: 
23.0144
12.1788
0.27205
0.111834
12.2108
-0.0292319
0.0288429
0.0399719
0
00:37:363: <MSG>: 
23.0144
12.1771
0.264763
0.111901
12.2174
-0.0228797
0.0309453
0.0410749
0
00:37:373: <MSG>: 
23.0144
12.1848
0.29543
0.1121
12.2133
-0.0276549
0.0334222
0.043747
0
00:37:382: <MSG>: 
23.0144
12.1848
0.29543
0.112561
12.2117
-0.0300939
0.0331756
0.0487998
0
00:37:392: <MSG>: 
23.0144
12.191
0.275638
0.113012
12.2106
-0.0323426
0.0320652
0.0533681
0
00:37:401: <MSG>: 
23.0144
12.1886
0.270793
0.112886
12.225
-0.0159429
0.0343269
0.0516379
0
00:37:410: <MSG>: 
23.0144
12.1889
0.274833
0.112874
12.2401
0.000748517
0.0371958
0.0517436
0
00:37:419: <MSG>: 
23.0144
12.187
0.278107
0.112754
12.2601
0.0237454
0.0400553
0.0503636
0
00:37:429: <MSG>: 
23.0144
12.187
0.278107
0.112851
12.2751
0.040915
0.0430368
0.0520798
0
00:37:438: <MSG>: 
23.0144
12.1851
0.271963
0.112979
12.2893
0.055735
0.0460747
0.0541527
0
00:37:447: <MSG>: 
23.0144
12.1829
0.270946
0.113065
12.3036
0.0715796
0.0483607
0.0554386
0
00:37:457: <MSG>: 
23.0144
12.1864
0.269626
0.11311
12.324
0.0938979
0.0508746
0.0562401
0
00:37:466: <MSG>: 
23.0144
12.1864
0.269626
0.113369
12.3353
0.106087
0.0534983
0.0599753
0
00:37:475: <MSG>: 
23.0144
12.1876
0.261737
0.113543
12.3548
0.127877
0.0558866
0.0624605
0
00:37:484: <MSG>: 
23.0144
12.193
0.272644
0.113584
12.3559
0.127884
0.0565176
0.0624641
0
00:37:492: <MSG>: 
23.0144
12.1947
0.266536
0.113628
12.3568
0.12789
0.0571258
0.0624678
0
00:37:501: <MSG>: 
23.0144
12.1947
0.266536
0.113672
12.358
0.127896
0.0577642
0.0624712
0
00:37:510: <MSG>: 
23.0144
12.2005
0.265172
0.113716
12.3591
0.127903
0.0584027
0.062475
0
00:37:519: <MSG>: 
23.0144
12.2112
0.276158
0.11376
12.3603
0.127909
0.0590946
0.0624783
0
00:37:528: <MSG>: 
23.0144
12.2225
0.269241
0.113804
12.3614
0.127915
0.0597537
0.0624821
0
00:37:538: <MSG>: 
23.0144
12.2225
0.269241
0.113943
12.3365
0.099222
0.0625327
0.064208
0
00:37:547: <MSG>: 
23.0144
12.2302
0.263285
0.114031
12.3135
0.0726544
0.0648614
0.0650992
0
00:37:557: <MSG>: 
23.0144
12.2382
0.269914
0.114092
12.2952
0.0518527
0.0670306
0.0656341
0
00:37:566: <MSG>: 
23.0144
12.2408
0.267342
0.114143
12.278
0.0323762
0.0690183
0.0659848
0
00:37:576: <MSG>: 
23.0144
12.2406
0.263512
0.11262
12.2747
0.0323688
0.0578415
0.0438107
0
00:37:585: <MSG>: 
23.0144
12.2406
0.263512
0.111809
12.2746
0.0342796
0.0496632
0.0312227
0
00:37:594: <MSG>: 
23.0144
12.2408
0.259752
0.111688
12.2693
0.0279219
0.0431047
0.027396
0
00:37:603: <MSG>: 
23.0144
12.2393
0.269628
0.111691
12.2644
0.0214244
0.0371952
0.0252667
0
00:37:613: <MSG>: 
23.0144
12.2356
0.259968
0.111353
12.2635
0.0197783
0.0294695
0.0186184
0
00:37:622: <MSG>: 
23.0144
12.2356
0.259968
0.111002
12.2627
0.0187967
0.0220543
0.0120052
0
00:37:631: <MSG>: 
23.0144
12.2319
0.268418
0.110766
12.2605
0.0163952
0.0159512
0.00722054
0
00:37:641: <MSG>: 
23.0144
12.2307
0.263695
0.110912
12.2562
0.0113449
0.0190101
0.0100306
0
00:37:651: <MSG>: 
23.0144
12.2335
0.263448
0.110891
12.2536
0.00845597
0.0144231
0.00827007
0
00:37:660: <MSG>: 
23.0144
12.2365
0.258975
0.111222
12.2466
0.000170142
0.0117251
0.0112113
1
00:37:670: <MSG>: 
23.0144
12.2365
0.258975
0.111437
12.2408
-0.00581652
0.0089213
0.012724
0
00:37:679: <MSG>: 
23.0144
12.2338
0.257977
0.111415
12.2382
-0.00701164
0.00619183
0.0114701
0
00:37:689: <MSG>: 
23.0144
12.2322
0.251126
0.11135
12.236
-0.00937825
0.0029293
0.00955642
0
00:37:698: <MSG>: 
23.0144
12.227
0.257499
0.111336
12.2321
-0.0127539
-9.92952e-05
0.00833204
0
00:37:707: <MSG>: 
23.0144
12.2313
0.253152
0.111244
12.231
-0.0137647
-0.00262984
0.00634611
0
00:37:717: <MSG>: 
23.0144
12.2313
0.253152
0.111062
12.2311
-0.012558
-0.00500179
0.00336517
0
00:37:726: <MSG>: 
23.0144
12.2316
0.252991
0.111085
12.2285
-0.014675
-0.00666225
0.00306538
0
00:37:737: <MSG>: 
23.0144
12.2288
0.251905
0.110996
12.228
-0.0140809
-0.00829141
0.00144075
0
00:37:746: <MSG>: 
23.0144
12.2273
0.251749
0.110798
12.2301
-0.010394
-0.00971578
-0.0013955
0
00:37:755: <MSG>: 
23.0144
12.2264
0.264954
0.110678
12.2318
-0.00741882
-0.0103421
-0.00303173
0
00:37:765: <MSG>: 
23.0144
12.2264
0.264954
0.109856
12.2446
0.00948831
-0.0131464
-0.0138122
0
00:37:774: <MSG>: 
23.0144
12.2327
0.292735
0.110001
12.247
0.012738
-0.0113699
-0.0113341
0
00:37:784: <MSG>: 
23.0144
12.222
0.242506
0.10999
12.2512
0.0192089
-0.010142
-0.0109318
0
00:37:793: <MSG>: 
22.9213
12.2111
0.248028
0.110053
12.2511
0.0180062
-0.0299613
-0.00981712
0
00:37:803: <MSG>: 
22.9213
12.1962
0.299098
0.110225
12.2519
0.0193403
-0.026929
-0.00664324
0
00:37:813: <MSG>: 
22.9213
12.1962
0.299098
0.110414
12.2522
0.0190782
-0.0241221
-0.00337988
0
00:37:822: <MSG>: 
22.9213
12.207
0.258239
0.110389
12.258
0.0250213
-0.0220036
-0.00302059
0
00:37:832: <MSG>: 
22.9213
12.2098
0.218694
0.110285
12.2628
0.0306467
-0.0210744
-0.00398583
0
00:37:841: <MSG>: 
22.9213
12.2201
0.247503
0.110445
12.2628
0.0290412
-0.0193627
-0.00112742
0
00:37:852: <MSG>: 
22.9213
12.2201
0.247503
0.11052
12.2643
0.0295301
-0.0188496
0.00011344
0
00:37:862: <MSG>: 
22.9213
12.2179
0.263499
0.110769
12.2623
0.0265383
-0.0165772
0.00436935
0
00:37:871: <MSG>: 
22.9213
12.2122
0.234845
0.110784
12.2631
0.0260322
-0.014664
0.00505795
0
00:37:881: <MSG>: 
22.9213
12.2197
0.275004
0.11075
12.2631
0.0248773
-0.0135331
0.00478823
0
00:37:891: <MSG>: 
22.9213
12.2289
0.258396
0.110788
12.265
0.0255451
-0.0140383
0.00507574
0
00:37:901: <MSG>: 
22.9213
12.2294
0.254203
0.110738
12.2677
0.0269755
-0.0150222
0.00397277
0
00:37:910: <MSG>: 
22.9213
12.2294
0.254203
0.110982
12.27
0.0295514
-0.0128882
0.00760545
0
00:37:919: <MSG>: 
22.9213
12.225
0.249738
0.111144
12.2748
0.0351528
-0.0109454
0.0101408
0
00:37:929: <MSG>: 
22.9213
12.2276
0.261149
0.111183
12.2833
0.0428692
-0.00907903
0.011072
0
00:37:937: <MSG>: 
22.9213
12.2199
0.253857
0.111268
12.2922
0.0520219
-0.00674766
0.0127597
0
00:37:946: <MSG>: 
22.9213
12.2224
0.25515
0.111291
12.3082
0.0688921
-0.00403879
0.0137768
0
00:37:956: <MSG>: 
22.9213
12.2224
0.25515
0.111384
12.3214
0.0829252
-0.00174043
0.0155479
0
00:37:965: <MSG>: 
22.9213
12.2218
0.266096
0.111613
12.3331
0.0959944
0.00110631
0.0192172
0
00:37:974: <MSG>: 
22.9213
12.226
0.244035
0.111602
12.3583
0.123691
0.00339513
0.0196492
0
00:37:984: <MSG>: 
22.9213
12.224
0.26194
0.111818
12.3761
0.143481
0.00584778
0.0230217
0
00:37:993: <MSG>: 
22.9213
12.224
0.26194
0.112108
12.3466
0.10778
0.00781624
0.0268567
0
00:38:001: <MSG>: 
22.9213
12.2248
0.247547
0.112126
12.3476
0.107781
0.00805461
0.0268571
0
00:38:010: <MSG>: 
22.9213
12.2287
0.252542
0.112146
12.3486
0.107782
0.00832115
0.0268575
0
00:38:019: <MSG>: 
22.9213
12.2346
0.254454
0.112165
12.3495
0.107782
0.00859107
0.0268579
0
00:38:028: <MSG>: 
22.9213
12.2346
0.254454
0.112185
12.3505
0.107783
0.00883846
0.0268583
0
00:38:037: <MSG>: 
22.9213
12.2427
0.260956
0.112205
12.3515
0.107784
0.00913331
0.0268587
0
00:38:047: <MSG>: 
22.9213
12.248
0.246132
0.112263
12.3257
0.07738
0.0115439
0.0278229
0
00:38:056: <MSG>: 
22.9213
12.2564
0.251542
0.112339
12.3018
0.048806
0.0143972
0.0291553
0
00:38:066: <MSG>: 
22.9213
12.2564
0.251542
0.112619
12.2883
0.0326548
0.0172444
0.0331724
0
00:38:075: <MSG>: 
22.9213
12.2505
0.253876
0.112825
12.2703
0.0123968
0.0205148
0.036301
0
00:38:084: <MSG>: 
22.9213
12.2517
0.250033
0.112889
12.2527
-0.008432
0.0237979
0.0375634
0
00:38:093: <MSG>: 
22.9213
12.2469
0.257016
0.112615
12.251
-0.0092376
0.0169968
0.0310201
0
00:38:102: <MSG>: 
22.9213
12.2469
0.257016
0.112568
12.2474
-0.0133636
0.0110436
0.0280905
0
00:38:112: <MSG>: 
22.9213
12.2493
0.249406
0.112319
12.2477
-0.0129648
0.00512798
0.0223583
0
00:38:121: <MSG>: 
22.9213
12.2445
0.252692
0.112188
12.2461
-0.0143455
-0.00133082
0.0182415
0
00:38:130: <MSG>: 
22.9213
12.2442
0.24645
0.112035
12.2464
-0.0139308
-0.00668827
0.014209
0
00:38:140: <MSG>: 
22.9213
12.2386
0.255575
0.111875
12.2482
-0.0114589
-0.0115648
0.010293
0
00:38:150: <MSG>: 
22.9213
12.2386
0.255575
0.111886
12.2477
-0.0119088
-0.0155088
0.0090997
0
00:38:159: <MSG>: 
22.9213
12.2383
0.244923
0.11169
12.2478
-0.0110128
-0.0192564
0.00510107
1
00:38:169: <MSG>: 
22.9213
12.2415
0.25437
0.111738
12.2453
-0.0147786
-0.0233437
0.00443387
0
00:38:179: <MSG>: 
22.9213
12.2387
0.246032
0.111976
12.2381
-0.023174
-0.0272036
0.00645429
0
00:38:190: <MSG>: 
22.9213
12.2391
0.249306
0.112216
12.2326
-0.0303385
-0.0301106
0.00868865
0
00:38:201: <MSG>: 
22.9213
12.2391
0.249306
0.112315
12.2282
-0.0352684
-0.0332227
0.00890619
0
00:38:210: <MSG>: 
22.9213
12.235
0.244891
0.112266
12.2262
-0.0365599
-0.0354315
0.00740534
0
00:38:219: <MSG>: 
22.9213
12.2397
0.246133
0.112153
12.2273
-0.0347526
-0.0372153
0.00517671
0
00:38:228: <MSG>: 
22.9213
12.2386
0.243961
0.112153
12.2245
-0.0374636
-0.0392446
0.00442978
0
00:38:238: <MSG>: 
22.9213
12.2388
0.238183
0.111933
12.2272
-0.0338685
-0.0406993
0.000909259
0
00:38:247: <MSG>: 
22.9213
12.2388
0.238183
0.110997
12.2399
-0.0172387
-0.0442908
-0.0128635
0
00:38:256: <MSG>: 
22.9213
12.2307
0.293554
0.11096
12.2423
-0.0155448
-0.0443436
-0.0132586
0
00:38:266: <MSG>: 
22.9213
12.2181
0.290227
0.111125
12.2481
-0.00700505
-0.0393768
-0.00936511
0
00:38:275: <MSG>: 
22.9213
12.2055
0.305518
0.111497
12.2511
-0.00201204
-0.0333492
-0.00242797
0
00:38:284: <MSG>: 
22.9213
12.2045
0.34898
0.111019
12.2825
0.035846
-0.0234211
-0.00582883
0
00:38:294: <MSG>: 
22.9213
12.2045
0.34898
0.111301
12.2869
0.0403019
-0.0176285
-0.000208847
0
00:38:303: <MSG>: 
22.87
12.2079
0.312785
0.111653
12.2906
0.0454654
-0.0223441
0.00658998
0
00:38:312: <MSG>: 
22.87
12.2038
0.269514
0.111931
12.2978
0.0536164
-0.01564
0.0123276
0
00:38:321: <MSG>: 
23.5893
12.2093
0.297692
0.112286
12.307
0.062963
0.14455
0.0194886
0
00:38:331: <MSG>: 
23.5893
12.2093
0.297692
0.112793
12.3068
0.0617901
0.150758
0.0280303
0
00:38:340: <MSG>: 
23.5893
12.2185
0.30512
0.113751
12.2934
0.0452723
0.157753
0.0426396
0
00:38:349: <MSG>: 
23.5893
12.2264
0.225231
0.11473
12.2907
0.0404099
0.166431
0.0562444
0
00:38:358: <MSG>: 
23.5893
12.2259
0.251001
0.11575
12.2871
0.0353623
0.175911
0.0703986
0
00:38:368: <MSG>: 
23.5893
12.2324
0.278507
0.116554
12.2857
0.0322403
0.182816
0.0810232
0
00:38:377: <MSG>: 
23.5893
12.2324
0.278507
0.117381
12.2836
0.0287464
0.18808
0.0912853
0
00:38:386: <MSG>: 
23.5893
12.2316
0.282641
0.118211
12.2807
0.0247374
0.192609
0.101163
0
00:38:395: <MSG>: 
23.5893
12.2346
0.304589
0.119242
12.2769
0.0195621
0.195895
0.112757
0
00:38:405: <MSG>: 
23.5893
12.2409
0.334477
0.120082
12.2754
0.0169637
0.200689
0.122494
0
00:38:414: <MSG>: 
23.5893
12.2409
0.334477
0.120559
12.2722
0.0130753
0.20419
0.12758
0
00:38:423: <MSG>: 
23.5893
12.2333
0.32877
0.120776
12.279
0.0195439
0.208651
0.130252
0
00:38:432: <MSG>: 
23.5893
12.2308
0.332472
0.120968
12.29
0.0306378
0.213523
0.132661
0
00:38:441: <MSG>: 
23.5893
12.2313
0.328213
0.121152
12.3011
0.0424602
0.217846
0.134873
0
00:38:452: <MSG>: 
23.5893
12.2355
0.321055
0.121313
12.3156
0.0576162
0.221824
0.136299
0
00:38:460: <MSG>: 
23.5893
12.2355
0.321055
0.121455
12.3351
0.079362
0.22623
0.137988
0
00:38:470: <MSG>: 
23.5893
12.2322
0.324105
0.121674
12.3515
0.0976149
0.229829
0.140289
0
00:38:478: <MSG>: 
23.5893
12.2303
0.330907
0.121782
12.3525
0.0976044
0.230922
0.140275
0
00:38:487: <MSG>: 
23.5893
12.2289
0.310528
0.121896
12.3534
0.097594
0.232071
0.14026
0
00:38:496: <MSG>: 
23.5893
12.2289
0.310528
0.122007
12.3543
0.0975829
0.233196
0.140245
0
00:38:505: <MSG>: 
23.5893
12.2305
0.316104
0.122118
12.3552
0.0975736
0.234336
0.140233
0
00:38:513: <MSG>: 
23.5893
12.2342
0.323887
0.122228
12.356
0.0975632
0.23546
0.140218
0
00:38:522: <MSG>: 
23.5893
12.2348
0.318062
0.122337
12.3569
0.0975537
0.236566
0.140206
0
00:38:531: <MSG>: 
23.5893
12.2348
0.318062
0.122641
12.3367
0.0738535
0.2408
0.143519
0
00:38:540: <MSG>: 
23.5893
12.2352
0.31718
0.12298
12.322
0.0567405
0.24451
0.147087
0
00:38:549: <MSG>: 
23.5893
12.2368
0.333299
0.123235
12.306
0.0381099
0.248285
0.149645
0
00:38:558: <MSG>: 
23.5893
12.2344
0.325979
0.123338
12.2884
0.0180648
0.251478
0.149886
0
00:38:568: <MSG>: 
23.5893
12.2344
0.325979
0.123636
12.2743
0.00092173
0.25548
0.15295
0
00:38:576: <MSG>: 
23.5893
12.2367
0.325212
0.123101
12.2623
-0.0132496
0.246854
0.142277
0
00:38:586: <MSG>: 
23.5893
12.2396
0.339105
0.122765
12.2507
-0.026765
0.239924
0.134363
0
00:38:595: <MSG>: 
23.5893
12.2398
0.328009
0.122273
12.2425
-0.0359187
0.232991
0.124971
0
00:38:604: <MSG>: 
23.5893
12.2398
0.328009
0.121916
12.2344
-0.0444103
0.226448
0.117201
0
00:38:613: <MSG>: 
23.5893
12.2327
0.335613
0.121682
12.2256
-0.0537594
0.220432
0.111124
0
00:38:622: <MSG>: 
23.5893
12.2329
0.33488
0.12149
12.2208
-0.0591538
0.215964
0.106124
0
00:38:634: <MSG>: 
23.5893
12.2313
0.337169
0.121415
12.2143
-0.0655822
0.211764
0.102116
0
00:38:644: <MSG>: 
23.5893
12.2313
0.337169
0.121044
12.2108
-0.0672978
0.207927
0.0953599
0
00:38:654: <MSG>: 
23.5893
12.2344
0.328847
0.121028
12.2037
-0.0754275
0.203438
0.0924052
0
00:38:663: <MSG>: 
23.5893
12.232
0.333064
0.120832
12.1992
-0.0788851
0.200378
0.0880114
1
00:38:672: <MSG>: 
23.5893
12.231
0.331974
0.120636
12.195
-0.0820353
0.19712
0.0836043
0
00:38:681: <MSG>: 
23.5893
12.2295
0.331276
0.120342
12.1927
-0.0827499
0.193979
0.0781237
0
00:38:691: <MSG>: 
23.5893
12.2295
0.331276
0.120143
12.1903
-0.0835034
0.191928
0.0741056
0
00:38:700: <MSG>: 
23.5893
12.2249
0.338028
0.120003
12.1869
-0.0854954
0.190157
0.0709471
0
00:38:710: <MSG>: 
23.5893
12.2276
0.3336
0.119733
12.1859
-0.0847029
0.188224
0.0662712
0
00:38:719: <MSG>: 
23.5893
12.2228
0.335659
0.119702
12.1817
-0.0876593
0.187164
0.064661
0
00:38:728: <MSG>: 
23.5893
12.2249
0.331644
0.119516
12.1801
-0.0887406
0.186022
0.0612866
0
00:38:738: <MSG>: 
23.5893
12.2249
0.331644
0.119375
12.1774
-0.0907688
0.184781
0.0583944
0
00:38:748: <MSG>: 
23.5893
12.2209
0.337686
0.119167
12.1765
-0.0898799
0.18408
0.05484
0
00:38:758: <MSG>: 
23.5893
12.2237
0.326393
0.118795
12.1795
-0.0854153
0.182802
0.0493311
0
00:38:767: <MSG>: 
23.5893
12.2187
0.332449
0.118556
12.181
-0.0820277
0.182942
0.0458522
0
00:38:776: <MSG>: 
23.5893
12.2199
0.328
0.118313
12.1831
-0.0788885
0.182686
0.0422759
0
00:38:787: <MSG>: 
23.5893
12.2199
0.328
0.118092
12.1847
-0.0757891
0.182365
0.0388966
0
00:38:796: <MSG>: 
23.5893
12.2161
0.332939
0.117962
12.1858
-0.0733648
0.182754
0.0369458
0
00:38:805: <MSG>: 
23.5893
12.2161
0.329439
0.117752
12.1902
-0.067332
0.183665
0.0342025
0
00:38:814: <MSG>: 
23.5893
12.2177
0.33347
0.117572
12.1952
-0.0609272
0.184768
0.031918
0
00:38:824: <MSG>: 
23.5893
12.2123
0.32753
0.117365
12.198
-0.0575074
0.185397
0.0291453
0
00:38:833: <MSG>: 
23.5893
12.2123
0.32753
0.117076
12.2045
-0.0500172
0.186274
0.0254831
0
00:38:842: <MSG>: 
23.5893
12.2167
0.321618
0.117487
12.2026
-0.0534083
0.189311
0.0320472
0
00:38:852: <MSG>: 
23.5893
12.2137
0.326478
0.117884
12.2004
-0.0560184
0.192475
0.0383082
0
00:38:861: <MSG>: 
23.5893
12.2172
0.323675
0.118106
12.2018
-0.0553118
0.195471
0.0418718
0
00:38:871: <MSG>: 
23.5893
12.2172
0.323675
0.118404
12.2031
-0.0541712
0.198119
0.0463716
0
00:38:880: <MSG>: 
23.5893
12.2119
0.325974
0.118828
12.201
-0.0563293
0.20006
0.0523429
0
00:38:889: <MSG>: 
23.5893
12.2148
0.322544
0.119181
12.2012
-0.0566669
0.200682
0.0567957
0
00:38:899: <MSG>: 
23.5893
12.2104
0.32737
0.119561
12.2002
-0.0579991
0.202285
0.0617322
0
00:38:909: <MSG>: 
23.5893
12.2116
0.319446
0.119912
12.1987
-0.0600704
0.204165
0.0662952
0
00:38:918: <MSG>: 
23.5893
12.2116
0.319446
0.120675
12.1958
-0.0640205
0.202952
0.0755274
0
00:38:927: <MSG>: 
23.5893
12.2126
0.327237
0.120425
12.2053
-0.0542954
0.203767
0.0718806
0
00:38:937: <MSG>: 
23.5893
12.2095
0.320697
0.120158
12.2166
-0.0418918
0.204196
0.067826
0
00:38:946: <MSG>: 
23.5893
12.2074
0.320271
0.120104
12.2253
-0.03269
0.204982
0.0666008
0
00:38:955: <MSG>: 
23.5893
12.2035
0.32061
0.12004
12.2352
-0.0213514
0.205735
0.065229
0
00:38:964: <MSG>: 
23.5893
12.2035
0.32061
0.119875
12.2522
-0.00206923
0.206151
0.0626015
0
00:38:974: <MSG>: 
23.5893
12.2087
0.312677
0.119863
12.2637
0.00963391
0.206997
0.0619372
0
00:38:983: <MSG>: 
23.5893
12.2068
0.316706
0.119781
12.2248
-0.0353003
0.208219
0.0602729
0
00:38:992: <MSG>: 
23.5893
12.2111
0.308741
0.119622
12.2485
-0.00907693
0.20841
0.0577235
0
00:39:001: <MSG>: 
23.5893
12.2111
0.308741
0.119364
12.283
0.030662
0.208819
0.0540893
0
00:39:011: <MSG>: 
23.5893
12.2077
0.317408
0.119302
12.2536
-0.00337943
0.210159
0.0528636
0
00:39:020: <MSG>: 
23.5893
12.2109
0.313789
0.119358
12.2333
-0.0275524
0.211604
0.0532373
0
00:39:029: <MSG>: 
23.5893
12.2105
0.319127
0.119423
12.2127
-0.0511461
0.213386
0.0538107
0
00:39:038: <MSG>: 
23.5893
12.2105
0.319127
0.119576
12.1984
-0.068354
0.214943
0.0554201
0
00:39:047: <MSG>: 
23.5893
12.2128
0.310436
0.119487
12.1749
-0.0962063
0.21642
0.053922
0
00:39:056: <MSG>: 
23.5893
12.2138
0.318074
0.119498
12.1561
-0.118357
0.218191
0.0537873
0
00:39:066: <MSG>: 
23.5893
12.2113
0.310128
0.119557
12.1447
-0.131063
0.218772
0.0539202
0
00:39:075: <MSG>: 
23.5893
12.2115
0.313902
0.119649
12.1338
-0.143606
0.220081
0.0547514
0
00:39:084: <MSG>: 
23.5893
12.2115
0.313902
0.119605
12.1206
-0.158092
0.221213
0.0537196
0
00:39:094: <MSG>: 
23.5893
12.2036
0.311344
0.119079
12.126
-0.148326
0.214145
0.042901
0
00:39:103: <MSG>: 
23.5893
12.2042
0.30948
0.118769
12.1319
-0.13968
0.207785
0.0356723
0
00:39:112: <MSG>: 
23.5893
12.1979
0.31007
0.118474
12.1361
-0.132644
0.201686
0.0289129
0
00:39:122: <MSG>: 
23.5893
12.1979
0.31007
0.118372
12.1411
-0.125691
0.196628
0.0253821
0
00:39:131: <MSG>: 
23.5893
12.2027
0.305231
0.118223
12.1474
-0.117532
0.19186
0.0213315
0
00:39:141: <MSG>: 
23.5893
12.1963
0.310878
0.118122
12.1515
-0.11124
0.187886
0.0182817
0
00:39:150: <MSG>: 
23.5893
12.1919
0.304079
0.117882
12.155
-0.105775
0.184286
0.0134154
0
00:39:160: <MSG>: 
23.5893
12.1886
0.309181
0.117733
12.1571
-0.102113
0.180644
0.00990726
1
00:39:169: <MSG>: 
23.5893
12.1886
0.309181
0.117576
12.1606
-0.0978127
0.176768
0.0062905
0
00:39:178: <MSG>: 
23.5893
12.1872
0.299742
0.117363
12.1634
-0.0940481
0.172967
0.00194289
0
00:39:187: <MSG>: 
23.5893
12.1878
0.307189
0.117321
12.1636
-0.0939728
0.169281
0.000105658
0
00:39:198: <MSG>: 
23.5893
12.1905
0.299895
0.117291
12.1624
-0.0941904
0.166252
-0.00132724
0
00:39:207: <MSG>: 
23.5893
12.1905
0.299895
0.117063
12.1648
-0.090232
0.163386
-0.00545151
0
00:39:216: <MSG>: 
23.5893
12.1918
0.29946
0.117016
12.1648
-0.0896968
0.160934
-0.00684873
0
00:39:226: <MSG>: 
23.5893
12.1914
0.291125
0.116846
12.1665
-0.0864889
0.158271
-0.0100055
0
00:39:235: <MSG>: 
23.5893
12.1917
0.300157
0.116721
12.1679
-0.083803
0.156016
-0.0123526
0
00:39:244: <MSG>: 
23.5893
12.1898
0.283086
0.116537
12.1679
-0.0833683
0.152735
-0.0158207
0
00:39:254: <MSG>: 
23.5893
12.1898
0.283086
0.116252
12.1726
-0.0769985
0.15106
-0.020103
0
00:39:263: <MSG>: 
23.5893
12.19
0.28644
0.115997
12.1776
-0.0707879
0.149524
-0.0238465
0
00:39:273: <MSG>: 
23.5893
12.1876
0.299705
0.115681
12.1844
-0.0614803
0.148564
-0.028182
0
00:39:282: <MSG>: 
23.5893
12.189
0.324141
0.115165
12.204
-0.037274
0.151235
-0.0340323
0
00:39:292: <MSG>: 
23.5893
12.1807
0.309065
0.114816
12.2138
-0.0247971
0.150644
-0.0385179
0
00:39:301: <MSG>: 
23.5893
12.1807
0.309065
0.114873
12.2215
-0.0149504
0.153436
-0.0362819
0
00:39:310: <MSG>: 
23.0248
12.1739
0.318606
0.114681
12.23
-0.00218522
0.0351301
-0.0378236
0
00:39:320: <MSG>: 
23.0248
12.1759
0.375687
0.115415
12.2287
-0.00515817
0.0413908
-0.026541
0
00:39:329: <MSG>: 
23.0248
12.177
0.361732
0.115962
12.2262
-0.00869045
0.0456248
-0.018306
0
00:39:339: <MSG>: 
23.0248
12.177
0.361732
0.116637
12.2243
-0.0114879
0.0504552
-0.00843952
0
00:39:348: <MSG>: 
23.0248
12.1819
0.318913
0.116821
12.225
-0.0114478
0.0527986
-0.00540126
0
00:39:357: <MSG>: 
23.0248
12.1889
0.321132
0.117146
12.225
-0.0117669
0.0552294
-0.000671148
0
00:39:366: <MSG>: 
23.0248
12.1931
0.341439
0.117572
12.2243
-0.0127483
0.0575513
0.00518697
0
00:39:376: <MSG>: 
23.0248
12.1919
0.295505
0.117967
12.2226
-0.0145666
0.0577088
0.00993065
0
00:39:385: <MSG>: 
23.0248
12.1919
0.295505
0.118386
12.2214
-0.0158822
0.0571456
0.0146694
0
00:39:395: <MSG>: 
23.0248
12.192
0.311506
0.118741
12.2184
-0.0189677
0.0571266
0.0187063
0
00:39:404: <MSG>: 
23.0248
12.1958
0.312675
0.119219
12.2169
-0.0209907
0.0576804
0.024378
0
00:39:413: <MSG>: 
23.0248
12.1915
0.311557
0.119721
12.215
-0.0228324
0.0574712
0.0300067
0
00:39:422: <MSG>: 
23.0248
12.1915
0.311557
0.119656
12.2247
-0.0124174
0.059303
0.0292504
0
00:39:431: <MSG>: 
23.0248
12.1936
0.320315
0.119526
12.2408
0.00561633
0.0620056
0.0279434
0
00:39:441: <MSG>: 
23.0248
12.1941
0.320849
0.119589
12.2529
0.0194896
0.064717
0.0293058
0
00:39:450: <MSG>: 
23.0248
12.1915
0.314978
0.119491
12.2742
0.0440825
0.0674282
0.0284811
0
00:39:459: <MSG>: 
23.0248
12.1856
0.312329
0.11937
12.2989
0.0730886
0.0701951
0.0274231
0
00:39:468: <MSG>: 
23.0248
12.1856
0.312329
0.119242
12.3235
0.100755
0.072941
0.0262871
0
00:39:477: <MSG>: 
23.0248
12.1887
0.320693
0.119258
12.347
0.127418
0.0757333
0.0271763
0
00:39:486: <MSG>: 
23.0248
12.1962
0.301265
0.119016
12.3829
0.16852
0.0780966
0.0244446
0
00:39:496: <MSG>: 
23.0248
12.1957
0.3115
0.119049
12.4137
0.203706
0.0807334
0.0255747
0
00:39:505: <MSG>: 
23.0248
12.1957
0.3115
0.11906
12.3855
0.170497
0.0829896
0.0259285
0
00:39:514: <MSG>: 
23.0248
12.1969
0.307171
0.119079
12.387
0.170496
0.0832074
0.0259285
0
00:39:523: <MSG>: 
23.0248
12.1974
0.305501
0.119099
12.3882
0.170494
0.0833753
0.0259286
0
00:39:532: <MSG>: 
23.0248
12.2072
0.30418
0.119119
12.3901
0.170492
0.083668
0.0259286
0
00:39:541: <MSG>: 
23.0248
12.2072
0.30418
0.119139
12.3917
0.170491
0.0838851
0.0259286
0
00:39:550: <MSG>: 
23.0248
12.2217
0.316545
0.119159
12.393
0.170489
0.0841231
0.0259287
0
00:39:559: <MSG>: 
23.0248
12.2369
0.303326
0.119307
12.3818
0.157266
0.0869606
0.0283842
0
00:39:569: <MSG>: 
23.0248
12.2498
0.30515
0.119423
12.3677
0.140052
0.0898688
0.0303735
0
00:39:578: <MSG>: 
23.0248
12.2585
0.311749
0.119538
12.3559
0.125524
0.0926317
0.0322973
0
00:39:587: <MSG>: 
23.0248
12.2585
0.311749
0.118903
12.3456
0.11267
0.085992
0.0223879
0
00:39:597: <MSG>: 
23.0248
12.2635
0.304709
0.118896
12.3336
0.0962946
0.0805937
0.0202629
0
00:39:607: <MSG>: 
23.0248
12.2577
0.30816
0.118712
12.3246
0.0846157
0.0748016
0.0160096
0
00:39:616: <MSG>: 
23.0248
12.259
0.29928
0.118197
12.3191
0.0771385
0.0670055
0.00737413
0
00:39:625: <MSG>: 
23.0248
12.259
0.29928
0.117674
12.3146
0.0716117
0.0596634
-0.00110076
0
00:39:635: <MSG>: 
23.0248
12.2577
0.308996
0.117268
12.3087
0.0651176
0.0537433
-0.00767441
0
00:39:644: <MSG>: 
23.0248
12.2599
0.303104
0.116804
12.3052
0.0612196
0.0485655
-0.0146344
0
00:39:654: <MSG>: 
23.0248
12.2546
0.31006
0.116649
12.2996
0.0544988
0.0435953
-0.0178055
0
00:39:664: <MSG>: 
23.0248
12.2567
0.300891
0.116877
12.2975
0.0509921
0.0466481
-0.0135051
1
00:39:673: <MSG>: 
23.0248
12.2567
0.300891
0.117107
12.2949
0.0474722
0.0497049
-0.00926622
0
00:39:682: <MSG>: 
23.0248
12.254
0.304717
0.117166
12.2909
0.0423928
0.0530066
-0.00736071
0
00:39:692: <MSG>: 
23.0248
12.2553
0.299198
0.117183
12.2878
0.0383536
0.0554998
-0.00629536
0
00:39:702: <MSG>: 
23.0248
12.2531
0.30007
0.11745
12.2861
0.0360055
0.058379
-0.0017135
0
00:39:712: <MSG>: 
23.0248
12.2529
0.298709
0.11754
12.2832
0.032332
0.0612491
0.00038635
0
00:39:721: <MSG>: 
23.0248
12.2529
0.298709
0.117632
12.2804
0.0286571
0.0636774
0.0023514
0
00:39:731: <MSG>: 
23.0248
12.2544
0.298466
0.117714
12.2781
0.0251865
0.0662004
0.00417049
0
00:39:740: <MSG>: 
23.0248
12.2484
0.296532
0.117867
12.2759
0.0225218
0.0682968
0.00681269
0
00:39:749: <MSG>: 
23.0248
12.2502
0.289728
0.11799
12.274
0.0187298
0.0700607
0.00888855
0
00:39:759: <MSG>: 
23.0248
12.2466
0.296183
0.118079
12.271
0.0146586
0.0719267
0.0105079
0
00:39:768: <MSG>: 
23.0248
12.2466
0.296183
0.118228
12.2693
0.0117906
0.0735484
0.0128281
0
00:39:779: <MSG>: 
23.0248
12.252
0.291474
0.118356
12.268
0.00913531
0.0750196
0.0147721
0
00:39:788: <MSG>: 
23.0248
12.2481
0.29789
0.118705
12.2674
0.00793329
0.0761415
0.0195483
0
00:39:797: <MSG>: 
23.0248
12.2507
0.294093
0.119005
12.2675
0.00678498
0.0771844
0.023578
0
00:39:807: <MSG>: 
23.0248
12.2507
0.294093
0.119389
12.2681
0.0067358
0.0779035
0.0285329
0
00:39:816: <MSG>: 
23.0248
12.2461
0.300031
0.119801
12.2678
0.0060066
0.0791498
0.033927
0
00:39:826: <MSG>: 
23.0248
12.2492
0.296434
0.120261
12.2686
0.00572148
0.0798705
0.0396879
0
00:39:835: <MSG>: 
23.0248
12.2465
0.301009
0.120302
12.2668
0.00361023
0.079765
0.0396043
0
00:39:845: <MSG>: 
23.0248
12.2463
0.291474
0.120153
12.265
0.000899023
0.079455
0.0369577
0
00:39:854: <MSG>: 
23.0248
12.2463
0.291474
0.119934
12.2655
0.00106375
0.0793284
0.033523
0
00:39:864: <MSG>: 
23.0248
12.2452
0.294795
0.119676
12.2642
-0.00121546
0.0781881
0.0292938
0
00:39:874: <MSG>: 
23.0248
12.2448
0.292025
0.11973
12.2623
-0.00377669
0.07678
0.0290962
0
00:39:883: <MSG>: 
23.0248
12.2477
0.290801
0.119201
12.2613
-0.00528407
0.0750727
0.0212375
0
00:39:892: <MSG>: 
23.0248
12.2441
0.294139
0.119112
12.259
-0.00816974
0.0725202
0.0189525
0
00:39:902: <MSG>: 
23.0248
12.2441
0.294139
0.118912
12.2577
-0.0106128
0.0701608
0.0153162
0
00:39:911: <MSG>: 
23.0248
12.2492
0.28758
0.118663
12.2686
0.0043788
0.0685039
0.0120078
0
00:39:920: <MSG>: 
23.0248
12.2452
0.2898
0.118623
12.2743
0.0141015
0.0678542
0.0112593
0
00:39:929: <MSG>: 
23.0248
12.2465
0.282004
0.118382
12.2836
0.0252897
0.066402
0.00810619
0
00:39:938: <MSG>: 
23.0248
12.2416
0.287636
0.118225
12.2927
0.0373431
0.0654548
0.00606791
0
00:39:948: <MSG>: 
23.0248
12.2416
0.287636
0.118019
12.3069
0.0546446
0.0647261
0.00359699
0
00:39:957: <MSG>: 
23.0248
12.2452
0.277311
0.117764
12.3229
0.0736773
0.0633565
0.000415863
0
00:39:966: <MSG>: 
23.0248
12.2458
0.285777
0.117598
12.3408
0.0951667
0.0626727
-0.00152369
0
00:39:976: <MSG>: 
23.0248
12.2451
0.279144
0.117452
12.3586
0.116113
0.0616768
-0.00331984
0
00:39:985: <MSG>: 
23.0248
12.2451
0.279144
0.117322
12.3801
0.141072
0.0607263
-0.00489876
0
00:39:995: <MSG>: 
23.0248
12.2508
0.282189
0.117259
12.4059
0.170923
0.0606376
-0.00539701
0
00:40:004: <MSG>: 
23.0248
12.2482
0.274462
0.117174
12.3773
0.138123
0.0608101
-0.00646107
0
00:40:013: <MSG>: 
23.0248
12.2516
0.280539
0.117125
12.3533
0.109854
0.0614155
-0.00695164
0
00:40:022: <MSG>: 
23.0248
12.2492
0.273994
0.116933
12.3248
0.077812
0.0617608
-0.0091964
0
00:40:032: <MSG>: 
23.0248
12.2492
0.273994
0.116899
12.3057
0.0555217
0.0624105
-0.00940327
0
00:40:041: <MSG>: 
23.0248
12.2562
0.269852
0.116844
12.2881
0.0347808
0.0628323
-0.00994276
0
00:40:050: <MSG>: 
23.0248
12.2566
0.27581
0.116797
12.2701
0.0147359
0.0636411
-0.0102562
0
00:40:059: <MSG>: 
23.0248
12.2634
0.265234
0.116774
12.26
0.00298167
0.0635176
-0.0105157
0
00:40:068: <MSG>: 
23.0248
12.2634
0.265234
0.11665
12.2431
-0.0167425
0.063724
-0.0119284
0
00:40:078: <MSG>: 
23.0248
12.2579
0.26823
0.116662
12.2334
-0.028034
0.0638856
-0.0116401
0
00:40:087: <MSG>: 
23.0248
12.2564
0.26235
0.116683
12.2261
-0.0366327
0.0634861
-0.0114111
0
00:40:096: <MSG>: 
23.0248
12.2547
0.265035
0.1166
12.2167
-0.0471674
0.0636291
-0.0122871
0
00:40:106: <MSG>: 
23.0248
12.2547
0.265035
0.116167
12.2157
-0.0468146
0.0562798
-0.0208994
0
00:40:115: <MSG>: 
23.0248
12.2522
0.258776
0.115376
12.2183
-0.0415224
0.0490414
-0.0347342
0
00:40:124: <MSG>: 
23.0248
12.2522
0.261177
0.114826
12.22
-0.0387317
0.0415178
-0.0447192
0
00:40:134: <MSG>: 
23.0248
12.2433
0.256188
0.11435
12.2199
-0.037675
0.0344944
-0.053269
0
00:40:143: <MSG>: 
23.0248
12.2432
0.257312
0.113808
12.2217
-0.0349208
0.0280481
-0.062525
0
00:40:152: <MSG>: 
23.0248
12.2432
0.257312
0.11348
12.2231
-0.0329106
0.0215899
-0.0683804
0
00:40:162: <MSG>: 
23.0248
12.2366
0.256826
0.113339
12.2217
-0.0338854
0.0161158
-0.0710123
1
00:40:171: <MSG>: 
23.0248
12.2346
0.260748
0.11311
12.2226
-0.0329099
0.0112824
-0.0747787
0
00:40:181: <MSG>: 
23.0248
12.2323
0.258443
0.11305
12.22
-0.035009
0.00715374
-0.0757016
0
00:40:190: <MSG>: 
23.0248
12.2362
0.255209
0.112825
12.221
-0.0329429
0.00368291
-0.0789649
0
00:40:199: <MSG>: 
23.0248
12.2362
0.255209
0.112926
12.2159
-0.0390334
-0.000240782
-0.0774649
0
00:40:209: <MSG>: 
23.0248
12.2345
0.255982
0.112788
12.2154
-0.0390644
-0.00304955
-0.0791197
0
00:40:220: <MSG>: 
23.0248
12.2334
0.250029
0.112616
12.2147
-0.0393505
-0.00631496
-0.0813101
0
00:40:229: <MSG>: 
23.0248
12.2314
0.255744
0.112491
12.2135
-0.0403814
-0.00933126
-0.0827748
0
00:40:239: <MSG>: 
23.0248
12.2308
0.242798
0.112119
12.2164
-0.036033
-0.0123124
-0.0877443
0
00:40:249: <MSG>: 
23.0248
12.2308
0.242798
0.111821
12.2185
-0.0328594
-0.0148967
-0.0914536
0
00:40:258: <MSG>: 
23.0248
12.2345
0.263665
0.110675
12.2409
-0.00352165
-0.0148431
-0.106587
0
00:40:267: <MSG>: 
23.0248
12.2449
0.311101
0.110585
12.2465
0.00436612
-0.0138681
-0.106084
0
00:40:277: <MSG>: 
22.829
12.2103
0.27282
0.110651
12.2499
0.0100908
-0.0547561
-0.102515
0
00:40:286: <MSG>: 
22.829
12.2103
0.27282
0.110815
12.2514
0.0120293
-0.052629
-0.0980349
0
00:40:296: <MSG>: 
22.829
12.205
0.282273
0.110888
12.2583
0.0203208
-0.049115
-0.0945376
0
00:40:305: <MSG>: 
22.829
12.1992
0.28189
0.11095
12.2652
0.0283026
-0.0457133
-0.091274
0
00:40:314: <MSG>: 
22.829
12.2027
0.224683
0.11098
12.2671
0.0289442
-0.0447243
-0.0893334
0
00:40:324: <MSG>: 
22.829
12.214
0.215845
0.110879
12.2747
0.0374847
-0.042522
-0.088809
0
00:40:333: <MSG>: 
22.829
12.214
0.215845
0.11072
12.2824
0.0458504
-0.0409108
-0.0892591
0
00:40:343: <MSG>: 
22.829
12.2293
0.251951
0.111324
12.2775
0.0381384
-0.0368118
-0.0798626
0
00:40:352: <MSG>: 
22.829
12.2288
0.231642
0.111505
12.2749
0.0336361
-0.0350937
-0.0762285
0
00:40:361: <MSG>: 
22.829
12.2222
0.23394
0.111952
12.2723
0.0294499
-0.0319107
-0.0691088
0
00:40:371: <MSG>: 
22.829
12.2254
0.260206
0.112299
12.2699
0.0254774
-0.0292365
-0.0633304
0
00:40:381: <MSG>: 
22.829
12.2254
0.260206
0.112464
12.2682
0.0225911
-0.0277032
-0.0601388
0
00:40:390: <MSG>: 
22.829
12.2233
0.248204
0.112846
12.2671
0.0204351
-0.0271997
-0.0546547
0
00:40:401: <MSG>: 
22.829
12.2266
0.244088
0.113294
12.2668
0.0189939
-0.0274302
-0.0485921
0
00:40:411: <MSG>: 
22.829
12.2272
0.252966
0.113212
12.2796
0.0324867
-0.0237255
-0.0478257
0
00:40:420: <MSG>: 
22.829
12.2284
0.246673
0.113301
12.2859
0.0375674
-0.0212664
-0.0451167
0
00:40:429: <MSG>: 
22.829
12.2228
0.247426
0.113514
12.2949
0.0477793
-0.0174133
-0.0402303
0
00:40:440: <MSG>: 
22.829
12.2228
0.247426
0.113657
12.3069
0.0600588
-0.0133115
-0.036237
0
00:40:449: <MSG>: 
22.829
12.2218
0.246502
0.113709
12.3208
0.0749762
-0.0103159
-0.0340157
0
00:40:458: <MSG>: 
22.829
12.2225
0.23912
0.113928
12.3302
0.0844065
-0.00733288
-0.029452
0
00:40:468: <MSG>: 
22.829
12.229
0.235133
0.114099
12.3434
0.0984621
-0.00461141
-0.0257027
0
00:40:477: <MSG>: 
22.829
12.229
0.235133
0.114281
12.3557
0.111496
-0.00255192
-0.0220511
0
00:40:485: <MSG>: 
22.829
12.2296
0.244714
0.114263
12.3567
0.111502
-0.00267023
-0.0220525
0
00:40:494: <MSG>: 
22.829
12.227
0.232567
0.114243
12.3575
0.111508
-0.00283841
-0.0220538
0
00:40:503: <MSG>: 
22.829
12.2303
0.233741
0.114222
12.3585
0.111513
-0.00296857
-0.022055
0
00:40:512: <MSG>: 
22.829
12.2303
0.233741
0.114202
12.3595
0.111519
-0.00310451
-0.0220564
0
00:40:521: <MSG>: 
22.829
12.2336
0.245514
0.114182
12.3605
0.111525
-0.00322924
-0.0220577
0
00:40:530: <MSG>: 
22.829
12.2387
0.243145
0.114781
12.375
0.126894
0.000857524
-0.0121458
0
00:40:540: <MSG>: 
22.829
12.2409
0.246462
0.114911
12.353
0.102534
0.00457412
-0.00914096
0
00:40:549: <MSG>: 
22.829
12.2409
0.246462
0.115007
12.3294
0.0744724
0.00832578
-0.00666454
0
00:40:559: <MSG>: 
22.829
12.2478
0.24597
0.115111
12.3081
0.0488988
0.0120499
-0.00414528
0
00:40:568: <MSG>: 
22.829
12.2489
0.248172
0.114885
12.2946
0.0325486
0.00484828
-0.00888768
0
00:40:579: <MSG>: 
22.829
12.2503
0.245349
0.114627
12.2837
0.0192237
-0.0024198
-0.0139076
0
00:40:589: <MSG>: 
22.829
12.2503
0.245349
0.114269
12.2745
0.0087767
-0.00975985
-0.0200458
0
00:40:597: <MSG>: 
22.829
12.2492
0.248405
0.114108
12.2648
-0.00174101
-0.0151932
-0.0233187
0
00:40:607: <MSG>: 
22.829
12.2509
0.244598
0.113709
12.2579
-0.00918745
-0.0215415
-0.0295489
0
00:40:616: <MSG>: 
22.829
12.2492
0.241561
0.113353
12.2534
-0.0135288
-0.0274924
-0.0351056
0
00:40:625: <MSG>: 
22.829
12.2451
0.242836
0.112812
12.251
-0.0144981
-0.0328834
-0.0425688
0
00:40:634: <MSG>: 
22.829
12.2451
0.242836
0.112646
12.2464
-0.0194517
-0.0376096
-0.0453538
0
00:40:643: <MSG>: 
22.829
12.2462
0.244125
0.112518
12.2418
-0.0245313
-0.0419861
-0.0476078
0
00:40:653: <MSG>: 
22.829
12.2435
0.244353
0.112365
12.2367
-0.0295888
-0.0461299
-0.050039
1
00:40:662: <MSG>: 
22.829
12.2499
0.240481
0.112341
12.2317
-0.0344986
-0.0487084
-0.0504684
0
00:40:672: <MSG>: 
22.829
12.2426
0.238668
0.112257
12.2269
-0.0379744
-0.0508166
-0.0514612
0
00:40:680: <MSG>: 
22.829
12.2426
0.238668
0.112194
12.2224
-0.0418647
-0.0530258
-0.0522683
0
00:40:690: <MSG>: 
22.829
12.2443
0.231432
0.111989
12.2204
-0.0430597
-0.0555302
-0.054796
0
00:40:700: <MSG>: 
22.829
12.2391
0.238016
0.111823
12.2166
-0.0461025
-0.0577088
-0.0567074
0
00:40:709: <MSG>: 
22.829
12.2423
0.232591
0.111532
12.2159
-0.0461432
-0.059923
-0.0601664
0
00:40:718: <MSG>: 
22.829
12.2423
0.232591
0.111308
12.2145
-0.0466472
-0.0616605
-0.0626335
0
00:40:727: <MSG>: 
22.829
12.2378
0.239623
0.111148
12.2126
-0.0476913
-0.0630195
-0.0642288
0
00:40:738: <MSG>: 
22.829
12.241
0.241122
0.11084
12.2161
-0.0423765
-0.0631441
-0.0671446
0
00:40:748: <MSG>: 
22.829
12.2362
0.233388
0.110062
12.2264
-0.0282793
-0.0644354
-0.0761776
0
00:40:757: <MSG>: 
22.829
12.2422
0.280149
0.110109
12.224
-0.030527
-0.0638187
-0.0744624
0
00:40:766: <MSG>: 
22.829
12.2422
0.280149
0.1101
12.2333
-0.0177629
-0.0594248
-0.0723325
0
00:40:776: <MSG>: 
22.829
12.1858
0.239428
0.110188
12.2326
-0.0180449
-0.0578367
-0.069808
0
00:40:784: <MSG>: 
22.829
12.1775
0.284247
0.110536
12.2287
-0.0222814
-0.0528379
-0.0631489
0
00:40:794: <MSG>: 
22.829
12.231
0.283054
0.110698
12.2322
-0.0188017
-0.0471651
-0.0586975
0
00:40:803: <MSG>: 
22.829
12.2366
0.224553
0.110434
12.2389
-0.0108668
-0.0453063
-0.0607265
0
00:40:813: <MSG>: 
22.829
12.2366
0.224553
0.11055
12.2439
-0.00498996
-0.0407328
-0.0571105
0
00:40:822: <MSG>: 
22.829
12.2162
0.194713
0.110251
12.2547
0.00726115
-0.0385883
-0.0595243
0
00:40:831: <MSG>: 
22.829
12.2098
0.243351
0.110172
12.2618
0.0152191
-0.0353667
-0.0587734
0
00:40:840: <MSG>: 
22.829
12.2155
0.235159
0.110792
12.2573
0.00790126
-0.030358
-0.0471036
0
00:40:849: <MSG>: 
22.829
12.2155
0.235159
0.111154
12.2534
0.00131797
-0.0244286
-0.0392795
0
00:40:859: <MSG>: 
22.829
12.2104
0.228723
0.111737
12.2498
-0.00384913
-0.0201976
-0.0287466
0
00:40:868: <MSG>: 
22.829
12.22
0.258969
0.112253
12.2487
-0.00632178
-0.0156971
-0.0193657
0
00:40:877: <MSG>: 
22.6264
12.2276
0.252127
0.112804
12.2466
-0.0103207
-0.0584866
-0.00999675
0
00:40:887: <MSG>: 
22.6264
12.2276
0.252127
0.113318
12.2441
-0.0141944
-0.0548948
-0.00127026
0
00:40:896: <MSG>: 
22.6264
12.2224
0.249308
0.113956
12.2414
-0.0179655
-0.050723
0.00927245
0
00:40:906: <MSG>: 
22.6264
12.22
0.245958
0.114513
12.238
-0.0226009
-0.0489438
0.0177153
0
00:40:915: <MSG>: 
22.6264
12.2188
0.252036
0.115522
12.2328
-0.0283457
-0.0487532
0.0320015
0
00:40:924: <MSG>: 
22.6264
12.2256
0.240195
0.115471
12.2415
-0.0206517
-0.045797
0.031886
0
00:40:932: <MSG>: 
22.6264
12.2256
0.240195
0.115438
12.2533
-0.00851851
-0.0423964
0.0321727
0
00:40:942: <MSG>: 
22.6264
12.2207
0.24742
0.115509
12.2656
0.0050152
-0.0386386
0.0338505
0
00:40:950: <MSG>: 
22.6264
12.2226
0.236289
0.115521
12.2827
0.0235326
-0.0351574
0.0347465
0
00:40:960: <MSG>: 
22.6264
12.2167
0.230426
0.115627
12.2987
0.0418181
-0.0316682
0.0367961
0
00:40:968: <MSG>: 
22.6264
12.2167
0.230426
0.115668
12.315
0.059169
-0.0288144
0.0378329
0
00:40:978: <MSG>: 
22.6264
12.2236
0.229728
0.115654
12.2748
0.0118115
-0.0266059
0.0376374
0
00:40:986: <MSG>: 
22.6264
12.2244
0.233936
0.115677
12.2746
0.0118122
-0.0262173
0.0376397
0
00:40:995: <MSG>: 
22.6264
12.224
0.225778
0.115703
12.2749
0.0118129
-0.0257653
0.0376419
0
00:41:003: <MSG>: 
22.6264
12.224
0.225778
0.115727
12.275
0.0118136
-0.0253514
0.0376443
0
00:41:012: <MSG>: 
22.6264
12.2224
0.232429
0.115752
12.2749
0.0118143
-0.0249475
0.0376464
0
00:41:020: <MSG>: 
22.6264
12.2293
0.231952
0.115776
12.2751
0.011815
-0.0245114
0.0376488
0
00:41:030: <MSG>: 
22.6264
12.2305
0.229315
0.115829
12.2486
-0.018989
-0.0214892
0.0385944
0
00:41:040: <MSG>: 
22.6264
12.2305
0.229315
0.115754
12.2181
-0.0553548
-0.0182328
0.0379732
0
00:41:049: <MSG>: 
22.6264
12.2255
0.233187
0.115683
12.1878
-0.0910253
-0.0146608
0.037541
0
00:41:058: <MSG>: 
22.6264
12.2274
0.234301
0.115791
12.1652
-0.118
-0.0106638
0.039529
0
00:41:067: <MSG>: 
22.6264
12.2242
0.236355
0.115886
12.1418
-0.144842
-0.00649895
0.0413924
0
00:41:076: <MSG>: 
22.6264
12.2242
0.236355
0.115938
12.1202
-0.169921
-0.00237694
0.0427021
0
00:41:085: <MSG>: 
22.6264
12.2279
0.237136
0.115963
12.1192
-0.169944
-0.00181624
0.0427074
0
00:41:094: <MSG>: 
22.6264
12.2225
0.235257
0.115694
12.129
-0.154895
-0.00885017
0.0362028
0
00:41:104: <MSG>: 
22.6264
12.2233
0.2306
0.115637
12.1371
-0.144093
-0.0156565
0.0329065
0
00:41:113: <MSG>: 
22.6264
12.2233
0.2306
0.115678
12.1428
-0.13598
-0.0208923
0.0315075
0
00:41:122: <MSG>: 
22.6264
12.2136
0.231182
0.11561
12.1507
-0.12512
-0.0253952
0.0288388
0
00:41:131: <MSG>: 
22.6264
12.2077
0.225728
0.115296
12.1622
-0.109926
-0.0287785
0.0231088
0
00:41:141: <MSG>: 
22.6264
12.1969
0.228647
0.115297
12.1677
-0.102419
-0.0324206
0.0217448
1
00:41:151: <MSG>: 
22.6264
12.1969
0.228647
0.115009
12.1758
-0.0918949
-0.0354431
0.0166039
0
00:41:160: <MSG>: 
22.6264
12.1916
0.228954
0.115032
12.1788
-0.0883318
-0.0389154
0.0156813
0
00:41:170: <MSG>: 
22.6264
12.1919
0.234847
0.114803
12.1851
-0.0804079
-0.0411584
0.0116809
0
00:41:179: <MSG>: 
22.6264
12.1936
0.22775
0.114581
12.1912
-0.0719663
-0.0426149
0.00806549
0
00:41:189: <MSG>: 
22.6264
12.1997
0.226772
0.114672
12.1922
-0.0711988
-0.0455002
0.0083539
0
00:41:198: <MSG>: 
22.6264
12.1997
0.226772
0.11493
12.1895
-0.0743682
-0.0476239
0.0111205
0
00:41:207: <MSG>: 
22.6264
12.2016
0.230743
0.115009
12.1907
-0.0723265
-0.0487274
0.0117327
0
00:41:217: <MSG>: 
22.6264
12.2008
0.231131
0.114994
12.1944
-0.0676143
-0.0494414
0.0111707
0
00:41:225: <MSG>: 
22.6264
12.1982
0.228305
0.115034
12.196
-0.0648171
-0.0501257
0.0113657
0
00:41:235: <MSG>: 
22.6264
12.2017
0.221078
0.114941
12.2004
-0.0590103
-0.050841
0.00974848
0
00:41:244: <MSG>: 
22.6264
12.2017
0.221078
0.114757
12.2062
-0.0518971
-0.0511303
0.00706906
0
00:41:253: <MSG>: 
22.6264
12.2025
0.223413
0.114611
12.2115
-0.0453788
-0.0514664
0.0049218
0
00:41:262: <MSG>: 
22.6264
12.2016
0.240067
0.113565
12.2404
-0.00945938
-0.0483725
-0.00823881
0
00:41:272: <MSG>: 
22.6264
12.1952
0.221803
0.113471
12.2449
-0.00411528
-0.0489856
-0.00953484
0
00:41:281: <MSG>: 
22.6264
12.1952
0.221803
0.113545
12.2532
0.00580026
-0.0456719
-0.00736371
0
00:41:291: <MSG>: 
22.8495
12.1879
0.196693
0.113342
12.2627
0.0175937
0.00564831
-0.00965309
0
00:41:300: <MSG>: 
22.8495
12.1954
0.233123
0.113374
12.2689
0.0235651
0.00779535
-0.00838987
0
00:41:309: <MSG>: 
22.8495
12.2019
0.225921
0.11337
12.2736
0.0282371
0.00928184
-0.00784101
0
00:41:319: <MSG>: 
22.8495
12.2125
0.189468
0.113728
12.2658
0.0172548
0.00913808
-0.00297331
0
00:41:328: <MSG>: 
22.8495
12.2125
0.189468
0.113619
12.2746
0.0269177
0.0105853
-0.0038909
0
00:41:338: <MSG>: 
22.8495
12.2132
0.194121
0.114078
12.269
0.0192412
0.013497
0.00240958
0
00:41:347: <MSG>: 
22.8495
12.2103
0.234092
0.114375
12.2664
0.0155746
0.0157876
0.00656243
0
00:41:356: <MSG>: 
22.8495
12.2094
0.210152
0.114619
12.2634
0.0114649
0.0170771
0.0097346
0
00:41:366: <MSG>: 
22.8495
12.2094
0.210152
0.114984
12.2595
0.00634733
0.0188685
0.0144411
0
00:41:375: <MSG>: 
22.8495
12.2126
0.232607
0.115611
12.2562
0.0016899
0.0202388
0.0220486
0
00:41:384: <MSG>: 
22.8495
12.2252
0.244419
0.116301
12.252
-0.00404857
0.0211422
0.0301302
0
00:41:393: <MSG>: 
22.8495
12.2223
0.234606
0.11714
12.2491
-0.00764965
0.0227696
0.0401216
0
00:41:403: <MSG>: 
22.8495
12.2219
0.228009
0.117825
12.2454
-0.0120291
0.0238161
0.047949
0
00:41:412: <MSG>: 
22.8495
12.2219
0.228009
0.117693
12.2596
0.00307549
0.0264874
0.0463631
0
00:41:421: <MSG>: 
22.8495
12.2226
0.237822
0.117666
12.2719
0.0161111
0.0287419
0.0461016
0
00:41:430: <MSG>: 
22.8495
12.2208
0.236945
0.117692
12.2861
0.0315086
0.0313299
0.0467022
0
00:41:440: <MSG>: 
22.8495
12.2168
0.22746
0.117523
12.3059
0.052652
0.0341091
0.0447015
0
00:41:449: <MSG>: 
22.8495
12.2168
0.22746
0.117448
12.3246
0.0727794
0.0363769
0.0438843
0
00:41:458: <MSG>: 
22.8495
12.2177
0.235196
0.117477
12.34
0.0895
0.0385978
0.0444912
0
00:41:467: <MSG>: 
22.8495
12.2209
0.217444
0.117319
12.3676
0.119788
0.0405251
0.0424811
0
00:41:477: <MSG>: 
22.8495
12.2162
0.224152
0.117118
12.4017
0.158394
0.0431155
0.0402138
0
00:41:485: <MSG>: 
22.8495
12.2162
0.224152
0.117183
12.423
0.18208
0.0444481
0.041163
0
00:41:493: <MSG>: 
22.8495
12.2179
0.22909
0.117209
12.4246
0.182089
0.0448699
0.0411656
0
00:41:502: <MSG>: 
22.8495
12.2189
0.226942
0.117236
12.4259
0.182098
0.0452499
0.0411681
0
00:41:511: <MSG>: 
22.8495
12.2267
0.227328
0.117263
12.4276
0.182107
0.045712
0.0411707
0
00:41:519: <MSG>: 
22.8495
12.2267
0.227328
0.11729
12.4292
0.182114
0.0461376
0.0411728
0
00:41:528: <MSG>: 
22.8495
12.2383
0.240651
0.117317
12.4307
0.182123
0.0465839
0.0411754
0
00:41:536: <MSG>: 
22.8495
12.2549
0.234416
0.117344
12.4321
0.182131
0.0470386
0.0411776
0
00:41:546: <MSG>: 
22.8495
12.273
0.23377
0.117439
12.4103
0.156751
0.0501799
0.0427282
0
00:41:555: <MSG>: 
22.8495
12.273
0.23377
0.117516
12.3913
0.134807
0.0531692
0.0440643
0
00:41:564: <MSG>: 
22.8495
12.2835
0.242616
0.117643
12.3706
0.110298
0.0568349
0.0462146
0
00:41:573: <MSG>: 
22.8495
12.2962
0.233222
0.117626
12.3503
0.0859177
0.0598529
0.0462345
0
00:41:583: <MSG>: 
22.8495
12.296
0.236813
0.117571
12.3405
0.0731027
0.0533308
0.0429727
0
00:41:592: <MSG>: 
22.8495
12.296
0.236813
0.117599
12.332
0.0617371
0.0476495
0.0410031
0
00:41:600: <MSG>: 
22.8495
12.2968
0.230349
0.117425
12.3246
0.0520185
0.0414693
0.036623
0
00:41:609: <MSG>: 
22.8495
12.2905
0.236792
0.117351
12.316
0.0421734
0.0356205
0.0335279
0
00:41:619: <MSG>: 
22.8495
12.2923
0.2246
0.117218
12.3107
0.0345434
0.0288837
0.0295312
0
00:41:629: <MSG>: 
22.8495
12.2923
0.2246
0.116815
12.3089
0.0327561
0.0226086
0.0226471
0
00:41:638: <MSG>: 
22.8495
12.2873
0.236545
0.116444
12.307
0.0316834
0.0176991
0.016663
0
00:41:648: <MSG>: 
22.8495
12.2907
0.227941
0.116323
12.3036
0.0274026
0.0126488
0.0135304
0
00:41:657: <MSG>: 
22.8495
12.284
0.231584
0.116438
12.2969
0.0207587
0.0099328
0.0138246
1
00:41:666: <MSG>: 
22.8495
12.284
0.231584
0.11662
12.2901
0.0135999
0.00760466
0.0150043
0
00:41:675: <MSG>: 
22.8495
12.2818
0.231717
0.116814
12.2831
0.00604419
0.00506552
0.0162364
0
00:41:685: <MSG>: 
22.8495
12.2808
0.233321
0.117073
12.2756
-0.00255843
0.00303499
0.0183297
0
00:41:695: <MSG>: 
22.8495
12.2794
0.232568
0.116976
12.2733
-0.00394036
0.00146685
0.0164746
0
00:41:704: <MSG>: 
22.8495
12.2807
0.226147
0.116853
12.2713
-0.00545315
-0.000681358
0.0141595
0
00:41:713: <MSG>: 
22.8495
12.2807
0.226147
0.116742
12.2691
-0.00690465
-0.00296745
0.0119681
0
00:41:722: <MSG>: 
22.8495
12.276
0.229472
0.116681
12.2665
-0.00825669
-0.00464821
0.0105826
0
00:41:732: <MSG>: 
22.8495
12.2741
0.21949
0.116534
12.2667
-0.00733259
-0.00621125
0.00822242
0
00:41:741: <MSG>: 
22.8495
12.2643
0.221624
0.116404
12.2652
-0.00737867
-0.00782386
0.00607416
0
00:41:751: <MSG>: 
22.8495
12.2643
0.221624
0.116169
12.2666
-0.00428589
-0.00919499
0.00278599
0
00:41:760: <MSG>: 
22.8495
12.2659
0.214314
0.11595
12.2678
-0.00291397
-0.0104585
-0.000259856
0
00:41:769: <MSG>: 
22.8495
12.2632
0.22003
0.115772
12.2677
-0.00226853
-0.01148
-0.0027152
0
00:41:778: <MSG>: 
22.8495
12.2682
0.209816
0.115601
12.2685
-0.00133913
-0.0126595
-0.00512377
0
00:41:788: <MSG>: 
22.8495
12.2663
0.218374
0.115497
12.268
-0.000966002
-0.0134416
-0.0065699
0
00:41:798: <MSG>: 
22.8495
12.2663
0.218374
0.115341
12.2712
0.00334958
-0.0134214
-0.00838529
0
00:41:807: <MSG>: 
22.8495
12.2646
0.205591
0.11506
12.2774
0.0112775
-0.0134074
-0.0116933
0
00:41:816: <MSG>: 
22.8495
12.2645
0.212196
0.114687
12.287
0.0230425
-0.0131677
-0.0160359
0
00:41:825: <MSG>: 
22.8495
12.2607
0.206653
0.114455
12.2925
0.0301621
-0.0132387
-0.0187039
0
00:41:835: <MSG>: 
22.8495
12.2647
0.213818
0.114301
12.2969
0.0343122
-0.0128199
-0.0202593
0
00:41:844: <MSG>: 
22.8495
12.2647
0.213818
0.114126
12.3018
0.0394981
-0.0124754
-0.0220804
0
00:41:854: <MSG>: 
22.8495
12.2631
0.211778
0.114485
12.2988
0.0349948
-0.0107582
-0.0159822
0
00:41:863: <MSG>: 
22.8495
12.2686
0.21018
0.114771
12.301
0.0354584
-0.00874587
-0.0110017
0
00:41:872: <MSG>: 
22.8495
12.2661
0.2116
0.115158
12.2998
0.0331951
-0.00764384
-0.00489643
0
00:41:882: <MSG>: 
22.8495
12.2661
0.2116
0.115628
12.2969
0.0284391
-0.00660649
0.00223677
0
00:41:892: <MSG>: 
22.8495
12.2733
0.209557
0.115809
12.2952
0.0249274
-0.00765654
0.00443889
0
00:41:901: <MSG>: 
22.8495
12.2692
0.214124
0.116056
12.2934
0.0219095
-0.00682416
0.00811544
0
00:41:910: <MSG>: 
22.8495
12.271
0.206175
0.116569
12.2913
0.0179504
-0.00631296
0.015411
0
00:41:920: <MSG>: 
22.8495
12.2712
0.20943
0.117026
12.2859
0.0105589
-0.00904954
0.0207403
0
00:41:929: <MSG>: 
22.8495
12.2712
0.20943
0.116772
12.299
0.0248222
-0.00795572
0.0177455
0
00:41:938: <MSG>: 
22.8495
12.2703
0.202212
0.116507
12.3141
0.0412954
-0.00734456
0.0145102
0
00:41:947: <MSG>: 
22.8495
12.2724
0.20698
0.116434
12.3267
0.054836
-0.00610476
0.0138326
0
00:41:956: <MSG>: 
22.8495
12.2693
0.203844
0.11637
12.3395
0.0692412
-0.00514832
0.0132074
0
00:41:965: <MSG>: 
22.8495
12.2693
0.203844
0.116302
12.3539
0.0852881
-0.00472729
0.0123714
0
00:41:974: <MSG>: 
22.8495
12.2709
0.206999
0.116156
12.3766
0.109309
-0.00320963
0.0109337
0
00:41:983: <MSG>: 
22.8495
12.2681
0.205869
0.116162
12.3927
0.126823
-0.00216613
0.0112777
0
00:41:993: <MSG>: 
22.8495
12.2748
0.201261
0.116141
12.4145
0.150175
-0.00133861
0.0112062
0
00:42:001: <MSG>: 
22.8495
12.2748
0.201261
0.116181
12.4388
0.176919
-5.02664e-05
0.0120918
0
00:42:011: <MSG>: 
22.8495
12.2752
0.210301
0.116268
12.4672
0.208773
0.00171855
0.0137456
0
00:42:020: <MSG>: 
22.8495
12.2794
0.202865
0.116321
12.4467
0.18402
0.00301086
0.0144977
0
00:42:030: <MSG>: 
22.8495
12.2783
0.205047
0.116386
12.4259
0.158248
0.00440913
0.0154226
0
00:42:038: <MSG>: 
22.8495
12.2821
0.200151
0.116406
12.4679
0.204667
0.00554151
0.0160633
0
00:42:048: <MSG>: 
22.8495
12.2821
0.200151
0.116392
12.449
0.180943
0.00669043
0.0159047
0
00:42:056: <MSG>: 
22.8495
12.2884
0.206399
0.116409
12.4314
0.159029
0.00829486
0.0162963
0
00:42:066: <MSG>: 
22.8495
12.2973
0.198858
0.116381
12.4149
0.138656
0.0094792
0.0159671
0
00:42:075: <MSG>: 
22.8495
12.3093
0.201503
0.116272
12.3951
0.113514
0.0112283
0.0147197
0
00:42:085: <MSG>: 
22.8495
12.3093
0.201503
0.115914
12.3857
0.100779
0.00375511
0.00691858
0
00:42:094: <MSG>: 
22.8495
12.3099
0.1967
0.115733
12.3771
0.0892845
-0.00364116
0.00190118
0
00:42:104: <MSG>: 
22.8495
12.3159
0.198743
0.115631
12.3697
0.0784425
-0.0105579
-0.00173819
0
00:42:113: <MSG>: 
22.8495
12.3132
0.194329
0.115299
12.3652
0.0727216
-0.0167727
-0.00843334
0
00:42:122: <MSG>: 
22.8495
12.3132
0.194329
0.114971
12.3602
0.0666701
-0.0223197
-0.0147704
0
00:42:131: <MSG>: 
22.8495
12.3112
0.194093
0.114724
12.3571
0.0621145
-0.0284458
-0.0199682
0
00:42:140: <MSG>: 
22.8495
12.3073
0.19961
0.114369
12.3569
0.0624979
-0.03231
-0.0259661
0
00:42:150: <MSG>: 
22.8495
12.3119
0.196348
0.114075
12.3558
0.0607308
-0.0363962
-0.0310627
0
00:42:159: <MSG>: 
22.8495
12.3128
0.198448
0.11389
12.3539
0.0580384
-0.0406348
-0.0345447
1
00:42:168: <MSG>: 
22.8495
12.3128
0.198448
0.113766
12.3505
0.0534673
-0.0449456
-0.0371421
0
00:42:177: <MSG>: 
22.8495
12.3142
0.192278
0.113833
12.3441
0.045572
-0.0484202
-0.0367488
0
00:42:187: <MSG>: 
22.8495
12.3119
0.197446
0.113838
12.3388
0.039781
-0.0514092
-0.0370585
0
00:42:196: <MSG>: 
22.8495
12.3118
0.194785
0.113796
12.3353
0.0359974
-0.0537533
-0.0378581
0
00:42:205: <MSG>: 
22.8495
12.3118
0.194785
0.113684
12.333
0.0334881
-0.0557232
-0.0395591
0
00:42:215: <MSG>: 
22.8495
12.3106
0.19894
0.113587
12.3306
0.0306843
-0.0576268
-0.0409523
0
00:42:224: <MSG>: 
22.8495
12.3118
0.192993
0.113387
12.3302
0.0307996
-0.0594597
-0.0437967
0
00:42:233: <MSG>: 
22.8495
12.3145
0.197818
0.113036
12.3347
0.0368147
-0.0601659
-0.0483391
0
00:42:243: <MSG>: 
22.8495
12.313
0.190804
0.112734
12.3384
0.0418736
-0.0609901
-0.0521318
0
00:42:252: <MSG>: 
22.8495
12.313
0.190804
0.112599
12.3396
0.0437975
-0.0614533
-0.0534513
0
00:42:261: <MSG>: 
22.8495
12.3107
0.194099
0.1124
12.3436
0.0492736
-0.0613386
-0.0554819
0
00:42:270: <MSG>: 
22.8495
12.305
0.187515
0.112297
12.345
0.0513155
-0.0617737
-0.0562723
0
00:42:280: <MSG>: 
22.8495
12.3024
0.201265
0.112254
12.3454
0.0512998
-0.0614379
-0.056015
0
00:42:289: <MSG>: 
22.8495
12.3024
0.201265
0.112106
12.3481
0.0542995
-0.061283
-0.0572453
0
00:42:298: <MSG>: 
22.8495
12.3034
0.197924
0.1119
12.3537
0.0607966
-0.0604407
-0.059089
0
00:42:308: <MSG>: 
22.8495
12.3102
0.241863
0.111445
12.366
0.0746638
-0.0600122
-0.0644363
0
00:42:317: <MSG>: 
22.8495
12.3186
0.215611
0.111347
12.3739
0.0842002
-0.0574292
-0.0641304
0
00:42:327: <MSG>: 
22.8495
12.3186
0.215611
0.111525
12.383
0.0948535
-0.0516173
-0.0590171
0
00:42:336: <MSG>: 
22.8495
12.3052
0.219609
0.1125
12.3755
0.085917
-0.0438793
-0.0442553
0
00:42:345: <MSG>: 
22.8495
12.2878
0.239084
0.11352
12.3702
0.0763209
-0.0359414
-0.0291488
0
00:42:354: <MSG>: 
23.1397
12.2818
0.232506
0.114285
12.364
0.0672834
0.0352308
-0.0176237
0
00:42:364: <MSG>: 
23.1397
12.2939
0.196179
0.114937
12.3583
0.0583607
0.0395638
-0.00835777
0
00:42:373: <MSG>: 
23.1397
12.2939
0.196179
0.115615
12.3546
0.0522697
0.0445102
0.00131192
0
00:42:383: <MSG>: 
23.1397
12.3047
0.201435
0.11625
12.352
0.0474156
0.0472381
0.00965279
0
00:42:391: <MSG>: 
23.1397
12.3063
0.233108
0.117167
12.3468
0.0403503
0.0514885
0.0217172
0
00:42:401: <MSG>: 
23.1397
12.3075
0.206265
0.117125
12.3581
0.0532015
0.0545904
0.0218369
0
00:42:410: <MSG>: 
23.1397
12.3075
0.206265
0.117962
12.3534
0.0461984
0.0566804
0.0320642
0
00:42:418: <MSG>: 
23.1397
12.3056
0.230441
0.11787
12.3683
0.0624252
0.0609187
0.031749
0
00:42:427: <MSG>: 
23.1397
12.3136
0.24565
0.118042
12.3759
0.07007
0.0645746
0.0348331
0
00:42:437: <MSG>: 
23.1397
12.3042
0.239065
0.118182
12.39
0.0863283
0.069516
0.0379024
0
00:42:446: <MSG>: 
23.1397
12.3042
0.239065
0.118298
12.4035
0.101507
0.0732867
0.0402243
0
00:42:455: <MSG>: 
23.1397
12.3032
0.242039
0.11834
12.4214
0.120697
0.0775436
0.0416753
0
00:42:464: <MSG>: 
23.1397
12.3071
0.241531
0.11856
12.4361
0.136296
0.0821743
0.0456629
0
00:42:473: <MSG>: 
23.1397
12.3109
0.240867
0.118713
12.4552
0.15691
0.0862204
0.0484909
0
00:42:482: <MSG>: 
23.1397
12.3109
0.240867
0.118877
12.48
0.184629
0.0908906
0.0517147
0
00:42:491: <MSG>: 
23.1397
12.3072
0.230061
0.119041
12.5016
0.208313
0.0939599
0.0543536
0
00:42:500: <MSG>: 
23.1397
12.3038
0.240279
0.119263
12.5257
0.235562
0.0974109
0.0579334
0
00:42:510: <MSG>: 
23.1397
12.3106
0.224944
0.119412
12.5511
0.261953
0.100141
0.0600665
0
00:42:519: <MSG>: 
23.1397
12.3106
0.224944
0.119576
12.5258
0.230528
0.10298
0.0622567
0
00:42:528: <MSG>: 
23.1397
12.309
0.235544
0.119675
12.4995
0.198324
0.10622
0.0636565
0
00:42:536: <MSG>: 
23.1397
12.3192
0.233438
0.11972
12.5015
0.198321
0.1068
0.0636563
0
00:42:545: <MSG>: 
23.1397
12.324
0.235464
0.119768
12.5027
0.198318
0.107279
0.0636561
0
00:42:553: <MSG>: 
23.1397
12.3372
0.229803
0.119816
12.5048
0.198314
0.1079
0.0636559
0
00:42:562: <MSG>: 
23.1397
12.3372
0.229803
0.119864
12.5066
0.198311
0.108448
0.0636557
0
00:42:572: <MSG>: 
23.1397
12.3479
0.239118
0.119669
12.4818
0.165011
0.102201
0.0584592
0
00:42:581: <MSG>: 
23.1397
12.3568
0.233182
0.119518
12.462
0.138717
0.0964278
0.0540266
0
00:42:590: <MSG>: 
23.1397
12.3568
0.233182
0.119222
12.4446
0.116165
0.0907898
0.0481152
0
00:42:599: <MSG>: 
23.1397
12.3616
0.234219
0.118667
12.4322
0.100499
0.0839078
0.0389672
0
00:42:609: <MSG>: 
23.1397
12.3622
0.245338
0.118175
12.4209
0.0869058
0.0784249
0.0310401
0
00:42:619: <MSG>: 
23.1397
12.3661
0.229167
0.117623
12.4105
0.0745878
0.0728197
0.022488
0
00:42:628: <MSG>: 
23.1397
12.3601
0.237438
0.117411
12.3994
0.0620041
0.0682125
0.0182972
0
00:42:638: <MSG>: 
23.1397
12.3601
0.237438
0.116872
12.3923
0.0552164
0.0641389
0.0105537
0
00:42:647: <MSG>: 
23.1397
12.365
0.228536
0.116501
12.3852
0.0470949
0.0592385
0.00455777
0
00:42:656: <MSG>: 
23.1397
12.3589
0.234987
0.11654
12.3735
0.0344203
0.0564868
0.0040407
0
00:42:665: <MSG>: 
23.1397
12.3616
0.225829
0.116597
12.3627
0.0213833
0.0536618
0.00370183
1
00:42:674: <MSG>: 
23.1397
12.3564
0.235735
0.116579
12.353
0.0109893
0.0514292
0.00270323
0
00:42:683: <MSG>: 
23.1397
12.3564
0.235735
0.116795
12.3438
-0.00107546
0.0559219
0.00695142
0
00:42:693: <MSG>: 
23.1397
12.3565
0.223589
0.116993
12.336
-0.0115413
0.0601719
0.0108077
0
00:42:702: <MSG>: 
23.1397
12.3527
0.225393
0.117112
12.3278
-0.0219525
0.0641193
0.013423
0
00:42:712: <MSG>: 
23.1397
12.3473
0.217041
0.117242
12.3203
-0.0314298
0.066732
0.0157299
0
00:42:721: <MSG>: 
23.1397
12.3473
0.217041
0.117368
12.3138
-0.0396668
0.0694571
0.0180215
0
00:42:730: <MSG>: 
23.1397
12.3466
0.219632
0.117503
12.3066
-0.049457
0.0724176
0.0204569
0
00:42:740: <MSG>: 
23.1397
12.3396
0.216609
0.117713
12.2997
-0.0578433
0.0749357
0.023707
0
00:42:749: <MSG>: 
23.1397
12.3411
0.21833
0.117897
12.2944
-0.0648807
0.0776261
0.0266756
0
00:42:758: <MSG>: 
23.1397
12.3313
0.220316
0.118088
12.2887
-0.0716344
0.0805808
0.0297626
0
00:42:768: <MSG>: 
23.1397
12.3313
0.220316
0.118378
12.2846
-0.076563
0.0831836
0.0340269
0
00:42:777: <MSG>: 
23.1397
12.3269
0.229042
0.116071
12.3162
-0.0320874
0.0786574
0.00629204
0
00:42:787: <MSG>: 
23.1397
12.3349
0.295493
0.115777
12.3234
-0.0199561
0.0805599
0.00349631
0
00:42:796: <MSG>: 
23.1397
12.316
0.244304
0.115923
12.3249
-0.0155366
0.0841818
0.0063019
0
00:42:806: <MSG>: 
23.1397
12.316
0.244304
0.115732
12.3314
-0.00573239
0.0868703
0.00491248
0
00:42:815: <MSG>: 
23.1397
12.2937
0.292554
0.115649
12.3368
0.00276137
0.0903865
0.00506886
0
00:42:824: <MSG>: 
23.1397
12.2782
0.340855
0.116048
12.3361
0.00310231
0.0964934
0.0116452
0
00:42:833: <MSG>: 
23.1397
12.2779
0.288378
0.116089
12.3357
0.0034371
0.0977734
0.0124137
0
00:42:842: <MSG>: 
23.1397
12.2837
0.263041
0.116729
12.3301
-0.00454512
0.102874
0.0230135
0
00:42:852: <MSG>: 
23.1397
12.2837
0.263041
0.117214
12.3234
-0.0136134
0.107326
0.0309954
0
00:42:861: <MSG>: 
23.1397
12.2992
0.299345
0.117781
12.3201
-0.018955
0.111207
0.0398351
0
00:42:870: <MSG>: 
23.1397
12.3019
0.297724
0.118313
12.3188
-0.0218196
0.115369
0.0481149
0
00:42:880: <MSG>: 
23.1397
12.2983
0.273306
0.118655
12.3169
-0.0255746
0.118839
0.0533579
0
00:42:888: <MSG>: 
23.1397
12.2983
0.273306
0.119194
12.3129
-0.0315537
0.120847
0.0608142
0
00:42:898: <MSG>: 
23.1397
12.301
0.310608
0.119683
12.3084
-0.0373941
0.123147
0.0674659
0
00:42:907: <MSG>: 
23.1397
12.3043
0.29149
0.120287
12.3041
-0.0438511
0.126151
0.0758084
0
00:42:916: <MSG>: 
23.1397
12.2971
0.298176
0.120214
12.3171
-0.0266344
0.12933
0.0752123
0
00:42:925: <MSG>: 
23.1397
12.2971
0.298176
0.120174
12.3313
-0.00887865
0.132436
0.0750008
0
00:42:935: <MSG>: 
23.1397
12.3013
0.295127
0.120116
12.3457
0.00764784
0.135263
0.0744492
0
00:42:943: <MSG>: 
23.1397
12.3012
0.306927
0.120187
12.3595
0.0242714
0.138798
0.0756904
0
00:42:953: <MSG>: 
23.1397
12.3002
0.2904
0.120327
12.3711
0.0376342
0.141583
0.077378
0
00:42:962: <MSG>: 
23.1397
12.3002
0.2904
0.120534
12.3836
0.0525169
0.144792
0.080022
0
00:42:971: <MSG>: 
23.1397
12.2969
0.298309
0.120781
12.398
0.0696608
0.148322
0.0832668
0
00:42:980: <MSG>: 
23.1397
12.301
0.288097
0.120869
12.3626
0.0299095
0.151608
0.0841592
0
00:42:990: <MSG>: 
23.1397
12.304
0.286368
0.121097
12.3327
-0.00478447
0.15493
0.086751
0
00:42:998: <MSG>: 
24.0113
12.3061
0.291855
0.1211
12.3329
-0.00478496
0.331929
0.0867598
0
00:43:007: <MSG>: 
24.0113
12.3061
0.291855
0.12116
12.3329
-0.00478546
0.33286
0.0867688
0
00:43:015: <MSG>: 
24.0113
12.3074
0.284897
0.121218
12.333
-0.00478596
0.333777
0.0867777
0
00:43:024: <MSG>: 
24.0113
12.3051
0.280798
0.121279
12.3327
-0.00478641
0.334703
0.0867858
0
00:43:033: <MSG>: 
24.0113
12.3121
0.283674
0.121338
12.3331
-0.00478692
0.335648
0.086795
0
00:43:042: <MSG>: 
24.0113
12.3121
0.283674
0.121398
12.333
-0.00478736
0.336579
0.0868029
0
00:43:051: <MSG>: 
24.0113
12.3101
0.286296
0.121101
12.3046
-0.0371683
0.337474
0.0822311
0
00:43:061: <MSG>: 
24.0113
12.3059
0.294768
0.121095
12.2857
-0.0592705
0.338924
0.0814754
0
00:43:070: <MSG>: 
24.0113
12.3059
0.294768
0.121151
12.2698
-0.0785453
0.339641
0.0812343
0
00:43:080: <MSG>: 
24.0113
12.2997
0.320445
0.120986
12.2475
-0.105021
0.34072
0.0784377
0
00:43:089: <MSG>: 
24.0113
12.3058
0.330894
0.120547
12.249
-0.101241
0.334231
0.0688807
0
00:43:099: <MSG>: 
24.0113
12.3072
0.334292
0.120494
12.2488
-0.100286
0.329573
0.0654796
0
00:43:108: <MSG>: 
24.0113
12.3059
0.332043
0.120087
12.2526
-0.0940581
0.324261
0.0570746
0
00:43:117: <MSG>: 
24.0113
12.3059
0.332043
0.119912
12.254
-0.0912295
0.319795
0.0523424
0
00:43:126: <MSG>: 
24.0113
12.3023
0.337232
0.119813
12.2583
-0.0852653
0.316301
0.0490824
0
00:43:135: <MSG>: 
24.0113
12.2995
0.328182
0.119737
12.2631
-0.0790946
0.312348
0.0460809
0
00:43:145: <MSG>: 
24.0113
12.2972
0.331138
0.119664
12.2668
-0.0746979
0.309349
0.0434425
0
00:43:154: <MSG>: 
24.0113
12.2972
0.331138
0.119646
12.2689
-0.0722399
0.306181
0.0415474
0
00:43:163: <MSG>: 
24.0113
12.2965
0.328256
0.119676
12.2683
-0.0728345
0.302982
0.0403006
1
00:43:173: <MSG>: 
24.0113
12.2924
0.322451
0.119547
12.2699
-0.0708856
0.299323
0.036753
0
00:43:182: <MSG>: 
24.0113
12.2933
0.324833
0.119531
12.2692
-0.0716218
0.296054
0.0348972
0
00:43:192: <MSG>: 
24.0113
12.2964
0.32918
0.119636
12.2673
-0.073451
0.294188
0.0351615
0
00:43:201: <MSG>: 
24.0113
12.2964
0.32918
0.119865
12.2626
-0.0786802
0.29225
0.0370801
0
00:43:211: <MSG>: 
24.0113
12.298
0.326624
0.119883
12.2614
-0.0798158
0.290709
0.0362439
0
00:43:220: <MSG>: 
24.0113
12.2979
0.323535
0.119894
12.2599
-0.081623
0.288813
0.035219
0
00:43:230: <MSG>: 
24.0113
12.2991
0.333308
0.119858
12.2599
-0.0810889
0.287684
0.0338383
0
00:43:239: <MSG>: 
24.0113
12.2982
0.320055
0.119713
12.262
-0.0784287
0.286455
0.0310386
0
00:43:248: <MSG>: 
24.0113
12.2982
0.320055
0.119461
12.2666
-0.0721238
0.285509
0.0269327
0
00:43:258: <MSG>: 
24.0113
12.2935
0.322943
0.119403
12.2673
-0.0705651
0.284688
0.0255013
0
00:43:267: <MSG>: 
24.0113
12.2941
0.339802
0.118671
12.2785
-0.0568258
0.281724
0.0144702
0
00:43:277: <MSG>: 
24.0113
12.2823
0.324719
0.118361
12.2843
-0.0488654
0.280653
0.00982886
0
00:43:286: <MSG>: 
24.0113
12.2823
0.324719
0.118105
12.2942
-0.0360984
0.281369
0.00658677
0
00:43:295: <MSG>: 
24.0113
12.2662
0.325487
0.117897
12.2988
-0.0302809
0.281128
0.00369981
0
00:43:304: <MSG>: 
24.0113
12.2598
0.39154
0.1179
12.3029
-0.0246318
0.283136
0.00440468
0
00:43:313: <MSG>: 
24.0113
12.2644
0.395331
0.118236
12.2972
-0.0321833
0.284798
0.00933102
0
00:43:323: <MSG>: 
24.0113
12.2704
0.351974
0.118496
12.2922
-0.0394234
0.286681
0.0126792
0
00:43:332: <MSG>: 
24.0113
12.2704
0.351974
0.119017
12.2872
-0.04587
0.289941
0.019377
0
00:43:341: <MSG>: 
24.0113
12.2702
0.36564
0.119296
12.2832
-0.0509283
0.29117
0.0226361
0
00:43:350: <MSG>: 
24.0113
12.2668
0.383359
0.1196
12.2792
-0.0560921
0.293548
0.0265348
0
00:43:360: <MSG>: 
24.0113
12.2684
0.346899
0.119764
12.2746
-0.061914
0.293665
0.0280191
0
00:43:370: <MSG>: 
24.0113
12.2684
0.346899
0.120018
12.2723
-0.0648551
0.294838
0.0308919
0
00:43:379: <MSG>: 
24.0113
12.274
0.36692
0.120456
12.269
-0.0686059
0.294483
0.0353089
0
00:43:388: <MSG>: 
24.0113
12.2846
0.380705
0.120961
12.2678
-0.0702104
0.294819
0.0406641
0
00:43:398: <MSG>: 
24.0113
12.2775
0.376098
0.121263
12.2645
-0.0731702
0.294953
0.0435872
0
00:43:407: <MSG>: 
24.0113
12.2722
0.382699
0.121855
12.2605
-0.0769374
0.295117
0.049819
0
00:43:416: <MSG>: 
24.0113
12.2722
0.382699
0.12191
12.2668
-0.069651
0.297175
0.0505563
0
00:43:425: <MSG>: 
24.0113
12.276
0.386405
0.121844
12.2759
-0.059955
0.299218
0.0496266
0
00:43:434: <MSG>: 
23.0874
12.2747
0.377928
0.12193
12.2815
-0.0527432
0.110839
0.0501177
0
00:43:444: <MSG>: 
23.0874
12.2756
0.367305
0.121699
12.3027
-0.029058
0.11351
0.0471839
0
00:43:453: <MSG>: 
23.0874
12.2756
0.367305
0.121664
12.3182
-0.0112277
0.115313
0.0467109
0
00:43:462: <MSG>: 
23.0874
12.2716
0.38265
0.121707
12.334
0.00795591
0.117888
0.047592
0
00:43:471: <MSG>: 
23.0874
12.2723
0.363374
0.121612
12.3584
0.0359138
0.119667
0.0463465
0
00:43:480: <MSG>: 
23.0874
12.2696
0.370051
0.121582
12.3808
0.0612607
0.121717
0.0461152
0
00:43:489: <MSG>: 
23.0874
12.2696
0.370051
0.121643
12.346
0.0213385
0.124759
0.047066
0
00:43:497: <MSG>: 
23.0874
12.2724
0.353049
0.121676
12.3463
0.0213383
0.125152
0.0470655
0
00:43:506: <MSG>: 
23.0874
12.2726
0.337631
0.121714
12.3464
0.0213381
0.125576
0.0470651
0
00:43:515: <MSG>: 
23.0874
12.2772
0.322159
0.12175
12.3465
0.0213378
0.125995
0.0470646
0
00:43:524: <MSG>: 
23.0874
12.2772
0.322159
0.121785
12.3466
0.0213376
0.126398
0.0470642
0
00:43:532: <MSG>: 
23.0874
12.2825
0.329617
0.121821
12.3472
0.0213374
0.126843
0.0470637
0
00:43:542: <MSG>: 
23.0874
12.2854
0.329816
0.121785
12.3277
-3.18927e-05
0.129139
0.0465347
0
00:43:551: <MSG>: 
23.0874
12.2883
0.32573
0.121696
12.31
-0.0198652
0.131193
0.0452444
0
00:43:561: <MSG>: 
23.0874
12.2883
0.32573
0.121619
12.2939
-0.03768
0.133288
0.0441858
0
00:43:570: <MSG>: 
23.0874
12.2836
0.339836
0.121706
12.2791
-0.0544718
0.13604
0.0455559
0
00:43:579: <MSG>: 
23.0874
12.2869
0.327494
0.120745
12.2782
-0.0534893
0.127799
0.0316341
0
00:43:589: <MSG>: 
23.0874
12.2804
0.328582
0.120777
12.2725
-0.0591866
0.122762
0.0299995
0
00:43:598: <MSG>: 
23.0874
12.284
0.319829
0.120443
12.2695
-0.062161
0.115544
0.0236002
0
00:43:607: <MSG>: 
23.0874
12.284
0.319829
0.119821
12.2698
-0.060652
0.106935
0.0136133
0
00:43:616: <MSG>: 
23.0874
12.2802
0.327043
0.119409
12.2671
-0.0624363
0.099478
0.00645432
0
00:43:626: <MSG>: 
23.0874
12.281
0.316286
0.119119
12.2645
-0.0647958
0.0919419
0.000729852
0
00:43:635: <MSG>: 
23.0874
12.2782
0.319261
0.118688
12.2637
-0.0651123
0.0849979
-0.00634053
0
00:43:644: <MSG>: 
23.0874
12.2782
0.319261
0.118491
12.2614
-0.0673001
0.0788872
-0.0104048
0
00:43:655: <MSG>: 
23.0874
12.2736
0.315418
0.118269
12.2589
-0.0689188
0.0736627
-0.0144143
1
00:43:664: <MSG>: 
23.0874
12.2764
0.313058
0.118364
12.2544
-0.073615
0.0705564
-0.014121
0
00:43:674: <MSG>: 
23.0874
12.2756
0.307963
0.11842
12.2482
-0.0792502
0.0668516
-0.0144609
0
00:43:683: <MSG>: 
23.0874
12.2794
0.305471
0.118239
12.2465
-0.0798219
0.0633177
-0.0174864
0
00:43:693: <MSG>: 
23.0874
12.2794
0.305471
0.118011
12.246
-0.0781476
0.060487
-0.0207913
0
00:43:703: <MSG>: 
23.0874
12.2734
0.306571
0.117959
12.2422
-0.0801564
0.0578685
-0.0219615
0
00:43:712: <MSG>: 
23.0874
12.2764
0.300461
0.117781
12.2412
-0.079777
0.0550342
-0.0246609
0
00:43:722: <MSG>: 
23.0874
12.2752
0.307583
0.117503
12.242
-0.0761877
0.052838
-0.028322
0
00:43:731: <MSG>: 
23.0874
12.2756
0.298012
0.117269
12.2422
-0.0748077
0.0505785
-0.0314577
0
00:43:740: <MSG>: 
23.0874
12.2756
0.298012
0.11711
12.2416
-0.0742845
0.048785
-0.0335105
0
00:43:750: <MSG>: 
23.0874
12.2744
0.297316
0.116983
12.2408
-0.0739159
0.0474099
-0.0350577
0
00:43:759: <MSG>: 
23.0874
12.2708
0.323616
0.115354
12.2713
-0.033591
0.0479003
-0.0541477
0
00:43:769: <MSG>: 
23.0874
12.2807
0.362103
0.115267
12.2764
-0.0263232
0.04935
-0.0540844
0
00:43:778: <MSG>: 
23.0874
12.2807
0.362103
0.115691
12.2822
-0.0180412
0.0565705
-0.0459766
0
00:43:787: <MSG>: 
23.0874
12.2439
0.311865
0.115671
12.2878
-0.00960281
0.0598131
-0.0445946
0
00:43:796: <MSG>: 
23.0874
12.2475
0.319794
0.115703
12.2946
-0.00111628
0.0635826
-0.0424668
0
00:43:805: <MSG>: 
23.0874
12.251
0.340429
0.115854
12.2986
0.00456309
0.0684211
-0.0385626
0
00:43:815: <MSG>: 
23.0874
12.2592
0.271883
0.116316
12.2871
-0.0113657
0.0697675
-0.0319354
0
00:43:824: <MSG>: 
23.0874
12.2592
0.271883
0.116363
12.2926
-0.00488717
0.0730564
-0.0298784
0
00:43:834: <MSG>: 
23.0874
12.2547
0.26636
0.116866
12.2899
-0.00877343
0.0763009
-0.0209815
0
00:43:843: <MSG>: 
23.0665
12.2596
0.295702
0.117465
12.29
-0.00986663
0.0749273
-0.0108714
0
00:43:853: <MSG>: 
23.0665
12.2584
0.292892
0.117725
12.289
-0.0115349
0.0770098
-0.00627704
0
00:43:862: <MSG>: 
23.0665
12.2621
0.283797
0.118114
12.2891
-0.0124131
0.0797672
0.000300763
0
00:43:871: <MSG>: 
23.0665
12.2621
0.283797
0.118087
12.2914
-0.00978927
0.0804107
0.000169646
0
00:43:881: <MSG>: 
23.0665
12.274
0.321568
0.11823
12.2917
-0.010694
0.081363
0.00250384
0
00:43:890: <MSG>: 
23.0665
12.2691
0.296771
0.118142
12.2935
-0.00968971
0.0821634
0.00142635
0
00:43:899: <MSG>: 
23.0665
12.2655
0.299674
0.11811
12.3011
-0.00129443
0.0846972
0.00185195
0
00:43:908: <MSG>: 
23.0665
12.2655
0.299674
0.118087
12.312
0.010656
0.0879933
0.00262655
0
00:43:917: <MSG>: 
23.0665
12.2632
0.296099
0.117879
12.3287
0.0295416
0.0906952
0.000950569
0
00:43:926: <MSG>: 
23.0665
12.2716
0.301314
0.117731
12.3475
0.0503218
0.0937789
0.000140289
0
00:43:935: <MSG>: 
23.0665
12.2653
0.289302
0.117837
12.3549
0.0575263
0.0964157
0.00238195
0
00:43:944: <MSG>: 
23.0665
12.2653
0.289302
0.117921
12.3672
0.0703996
0.0995401
0.00449208
0
00:43:955: <MSG>: 
23.0665
12.2644
0.29607
0.11802
12.3794
0.0829539
0.101997
0.00655675
0
00:43:963: <MSG>: 
23.0665
12.265
0.288326
0.11806
12.3976
0.103062
0.104643
0.00796693
0
00:43:973: <MSG>: 
23.0665
12.2681
0.284883
0.118102
12.4215
0.128779
0.107661
0.00950128
0
00:43:981: <MSG>: 
23.0665
12.2697
0.292217
0.118316
12.4385
0.147569
0.110648
0.0132439
0
00:43:991: <MSG>: 
23.0665
12.2697
0.292217
0.118319
12.4399
0.147586
0.110928
0.0132456
0
00:43:999: <MSG>: 
23.0665
12.2738
0.280765
0.118322
12.4413
0.147603
0.111206
0.0132472
0
00:44:008: <MSG>: 
23.0665
12.2781
0.290131
0.118325
12.4425
0.147619
0.111474
0.0132488
0
00:44:017: <MSG>: 
23.0665
12.288
0.293985
0.118328
12.444
0.147636
0.111796
0.0132505
0
00:44:026: <MSG>: 
23.0665
12.288
0.293985
0.118331
12.4453
0.147651
0.112063
0.013252
0
00:44:035: <MSG>: 
23.0665
12.2961
0.298424
0.1187
12.4279
0.126259
0.115737
0.0189322
0
00:44:044: <MSG>: 
23.0665
12.3048
0.28711
0.118764
12.3984
0.0910323
0.118849
0.0203451
0
00:44:053: <MSG>: 
23.0665
12.3048
0.28711
0.118904
12.3757
0.0633807
0.12173
0.0226972
0
00:44:063: <MSG>: 
23.0665
12.3158
0.300164
0.118985
12.3522
0.0349712
0.125252
0.0244357
0
00:44:072: <MSG>: 
23.0665
12.3209
0.291565
0.119
12.3295
0.00801665
0.128148
0.0251034
0
00:44:081: <MSG>: 
23.0665
12.3205
0.28771
0.119177
12.3129
-0.0115872
0.131669
0.0281384
0
00:44:090: <MSG>: 
23.0665
12.3166
0.28353
0.118891
12.3086
-0.0160152
0.124925
0.0215156
0
00:44:100: <MSG>: 
23.0665
12.3166
0.28353
0.118815
12.3038
-0.0216528
0.118241
0.0180307
0
00:44:109: <MSG>: 
23.0665
12.3141
0.283553
0.118534
12.3015
-0.0237748
0.112648
0.0120546
0
00:44:118: <MSG>: 
23.0665
12.3127
0.280364
0.118076
12.3004
-0.0237936
0.106688
0.00355559
0
00:44:127: <MSG>: 
23.0665
12.3099
0.284269
0.117782
12.3003
-0.023054
0.101338
-0.00227066
0
00:44:137: <MSG>: 
23.0665
12.3099
0.284269
0.117429
12.3021
-0.0197728
0.0966745
-0.00860229
0
00:44:147: <MSG>: 
23.0665
12.3066
0.280022
0.117197
12.3049
-0.0160326
0.0930449
-0.0127914
0
00:44:156: <MSG>: 
23.0665
12.306
0.279119
0.116812
12.308
-0.0111685
0.0895522
-0.0190151
1
00:44:165: <MSG>: 
23.0665
12.3051
0.285685
0.116848
12.3053
-0.0146736
0.0855383
-0.019451
0
00:44:175: <MSG>: 
23.0665
12.3037
0.279587
0.117011
12.2999
-0.0212422
0.0822128
-0.0179174
0
00:44:184: <MSG>: 
23.0665
12.3037
0.279587
0.117126
12.2954
-0.0260572
0.0795867
-0.0168802
0
00:44:193: <MSG>: 
23.0665
12.3016
0.280503
0.117066
12.2941
-0.0264427
0.0776909
-0.0180451
0
00:44:203: <MSG>: 
23.0665
12.3079
0.278139
0.117004
12.2931
-0.0268901
0.0755503
-0.0193036
0
00:44:213: <MSG>: 
23.0665
12.3077
0.281826
0.116861
12.2938
-0.0247052
0.0739198
-0.0214719
0
00:44:222: <MSG>: 
23.0665
12.3077
0.281826
0.116687
12.2967
-0.0199481
0.0730852
-0.023792
0
00:44:231: <MSG>: 
23.0665
12.3075
0.271758
0.116487
12.299
-0.0170962
0.0716295
-0.0266344
0
00:44:241: <MSG>: 
23.0665
12.3017
0.279132
0.116327
12.3004
-0.0147969
0.0704356
-0.0287842
0
00:44:251: <MSG>: 
23.0665
12.2982
0.31505
0.11608
12.3126
0.000956016
0.0746987
-0.0303185
0
00:44:261: <MSG>: 
23.0665
12.2888
0.319798
0.115983
12.3162
0.00578626
0.0755238
-0.0309169
0
00:44:270: <MSG>: 
23.0665
12.2888
0.319798
0.116218
12.3204
0.0109419
0.0801325
-0.025832
0
00:44:279: <MSG>: 
22.9937
12.2772
0.298984
0.116318
12.3233
0.0147395
0.0667939
-0.0232555
0
00:44:289: <MSG>: 
22.9937
12.2742
0.321632
0.116279
12.3336
0.0263424
0.0705954
-0.0222047
0
00:44:298: <MSG>: 
22.9937
12.2783
0.311884
0.116357
12.3375
0.0312846
0.0734796
-0.019892
0
00:44:308: <MSG>: 
22.9937
12.2875
0.25514
0.116711
12.3325
0.0245699
0.0752207
-0.0142769
0
00:44:317: <MSG>: 
22.9937
12.2875
0.25514
0.11666
12.3376
0.0305712
0.0763854
-0.014353
0
00:44:326: <MSG>: 
22.9937
12.2906
0.282692
0.116482
12.3481
0.0425809
0.0790174
-0.0156604
0
00:44:335: <MSG>: 
22.9937
12.2905
0.298416
0.117215
12.3406
0.0318095
0.0844458
-0.00509877
0
00:44:345: <MSG>: 
22.9937
12.283
0.27775
0.117756
12.3342
0.023032
0.088735
0.00268492
0
00:44:354: <MSG>: 
22.9937
12.283
0.27775
0.118578
12.3282
0.0146765
0.0937549
0.0139411
0
00:44:363: <MSG>: 
22.9937
12.2853
0.291466
0.119148
12.3237
0.00812969
0.0963822
0.021311
0
00:44:373: <MSG>: 
22.9937
12.2958
0.301913
0.119928
12.3197
0.00259038
0.100012
0.0313736
0
00:44:382: <MSG>: 
22.9937
12.2947
0.285215
0.120584
12.3145
-0.00433648
0.102403
0.0394336
0
00:44:392: <MSG>: 
22.9937
12.2953
0.285608
0.121158
12.3076
-0.0125332
0.10319
0.0458973
0
00:44:401: <MSG>: 
22.9937
12.2953
0.285608
0.122113
12.3032
-0.0184069
0.105222
0.0571297
0
00:44:411: <MSG>: 
22.9937
12.2957
0.291869
0.122858
12.2995
-0.0233126
0.107549
0.0657973
0
00:44:420: <MSG>: 
22.9937
12.296
0.2885
0.122635
12.3147
-0.007203
0.109595
0.0626121
0
00:44:429: <MSG>: 
22.9937
12.2896
0.283809
0.122588
12.3265
0.00623506
0.111859
0.06192
0
00:44:439: <MSG>: 
22.9937
12.2943
0.284001
0.122513
12.3395
0.0204997
0.113114
0.0604708
0
00:44:448: <MSG>: 
22.9937
12.2943
0.284001
0.122422
12.3566
0.040042
0.114826
0.0590561
0
00:44:457: <MSG>: 
22.9937
12.2918
0.273199
0.122328
12.3767
0.063298
0.116568
0.0576841
0
00:44:466: <MSG>: 
22.9937
12.2951
0.275111
0.122251
12.4014
0.0910869
0.118452
0.0566281
0
00:44:475: <MSG>: 
22.9937
12.2935
0.284753
0.12225
12.4201
0.112032
0.119934
0.0564658
0
00:44:483: <MSG>: 
22.9937
12.2935
0.284753
0.122289
12.421
0.112032
0.120391
0.056466
0
00:44:491: <MSG>: 
22.9937
12.2948
0.269849
0.12233
12.4221
0.112031
0.120891
0.0564661
0
00:44:500: <MSG>: 
22.9937
12.2962
0.27807
0.122371
12.4229
0.11203
0.121367
0.0564662
0
00:44:509: <MSG>: 
22.9937
12.3038
0.276236
0.122414
12.4242
0.11203
0.121925
0.0564663
0
00:44:517: <MSG>: 
22.9937
12.3038
0.276236
0.122455
12.4252
0.112029
0.12241
0.0564664
0
00:44:527: <MSG>: 
22.9937
12.3024
0.275643
0.122523
12.4041
0.0883299
0.123915
0.0569023
0
00:44:536: <MSG>: 
22.9937
12.3094
0.269728
0.122395
12.3824
0.0634537
0.124785
0.0545861
0
00:44:545: <MSG>: 
22.9937
12.3135
0.284301
0.122313
12.3579
0.0344717
0.12675
0.0532462
0
00:44:554: <MSG>: 
22.9937
12.3135
0.284301
0.122267
12.3356
0.00805607
0.128758
0.0524473
0
00:44:564: <MSG>: 
22.9937
12.3151
0.269464
0.121969
12.31
-0.021965
0.130242
0.0481077
0
00:44:573: <MSG>: 
22.9937
12.3191
0.26856
0.122308
12.3094
-0.0234878
0.131676
0.0523443
0
00:44:583: <MSG>: 
22.9937
12.3157
0.265937
0.120985
12.3047
-0.0260237
0.119476
0.0328765
0
00:44:592: <MSG>: 
22.9937
12.3157
0.265937
0.119956
12.3029
-0.0262685
0.108093
0.0172235
0
00:44:601: <MSG>: 
22.9937
12.3135
0.264322
0.119247
12.3005
-0.0283969
0.0983169
0.00588435
0
00:44:611: <MSG>: 
22.9937
12.305
0.262474
0.118489
12.2973
-0.0307572
0.08854
-0.00588921
0
00:44:620: <MSG>: 
22.9937
12.303
0.262215
0.117782
12.296
-0.0321179
0.0788175
-0.0169347
0
00:44:629: <MSG>: 
22.9937
12.303
0.262215
0.117214
12.2911
-0.0372079
0.0700378
-0.0259651
0
00:44:639: <MSG>: 
22.9937
12.2986
0.263174
0.116635
12.2876
-0.0396702
0.0620294
-0.0347767
0
00:44:648: <MSG>: 
22.9937
12.3015
0.253609
0.11623
12.2842
-0.0431824
0.0550831
-0.0411579
0
00:44:658: <MSG>: 
22.9937
12.301
0.256701
0.116092
12.2776
-0.0491325
0.0506926
-0.0435821
1
00:44:667: <MSG>: 
22.9937
12.3002
0.248631
0.115801
12.2732
-0.0526399
0.0458582
-0.0479547
0
00:44:676: <MSG>: 
22.9937
12.3002
0.248631
0.115534
12.2685
-0.0562285
0.0409776
-0.051968
0
00:44:686: <MSG>: 
22.9937
12.2979
0.249593
0.115283
12.2635
-0.0609681
0.0361784
-0.0557292
0
00:44:696: <MSG>: 
22.9937
12.2942
0.241717
0.11488
12.2599
-0.0635545
0.0309375
-0.0613034
0
00:44:706: <MSG>: 
22.9937
12.2956
0.24214
0.114265
12.2612
-0.0603051
0.0263519
-0.0692217
0
00:44:715: <MSG>: 
22.9937
12.2909
0.235865
0.113877
12.259
-0.0610652
0.0222742
-0.0742721
0
00:44:724: <MSG>: 
22.9937
12.2909
0.235865
0.113702
12.2545
-0.0652474
0.0190269
-0.0764142
0
00:44:734: <MSG>: 
22.9937
12.2931
0.237182
0.113452
12.2525
-0.0668007
0.0160872
-0.079277
0
00:44:744: <MSG>: 
22.9937
12.2863
0.240384
0.113232
12.2489
-0.0689345
0.0132968
-0.0817761
0
00:44:753: <MSG>: 
22.9937
12.2861
0.233575
0.112768
12.2522
-0.0639525
0.0106794
-0.0871886
0
00:44:763: <MSG>: 
22.9937
12.2805
0.233648
0.112373
12.2543
-0.0596526
0.00860288
-0.091534
0
00:44:772: <MSG>: 
22.9937
12.2805
0.233648
0.111922
12.2588
-0.0527392
0.00682577
-0.0964103
0
00:44:782: <MSG>: 
22.9937
12.28
0.23815
0.111643
12.2609
-0.0492883
0.00560565
-0.0989395
0
00:44:792: <MSG>: 
22.9937
12.2768
0.233291
0.111421
12.2605
-0.0490861
0.0046334
-0.100748
0
00:44:801: <MSG>: 
22.9937
12.2804
0.266273
0.110115
12.2919
-0.011263
0.00635332
-0.115509
0
00:44:810: <MSG>: 
22.9937
12.2637
0.252683
0.109841
12.2927
-0.0092458
0.00539299
-0.117767
0
00:44:819: <MSG>: 
22.9937
12.2637
0.252683
0.10984
12.2992
-0.00149134
0.00918402
-0.115144
0
00:44:829: <MSG>: 
22.9937
12.2612
0.235358
0.109895
12.298
-0.00293415
0.0108797
-0.112383
0
00:44:838: <MSG>: 
23.2983
12.2843
0.25493
0.110655
12.2939
-0.0106291
0.0797612
-0.0984913
0
00:44:848: <MSG>: 
23.2983
12.2611
0.229803
0.111016
12.289
-0.0170199
0.0804679
-0.0911821
0
00:44:858: <MSG>: 
23.2983
12.2611
0.229803
0.111615
12.2848
-0.022944
0.0819713
-0.0803892
0
00:44:867: <MSG>: 
23.2983
12.2426
0.209359
0.111874
12.2803
-0.0294351
0.0830077
-0.075027
0
00:44:877: <MSG>: 
23.2983
12.2557
0.22765
0.11201
12.2768
-0.0345421
0.083438
-0.0718043
0
00:44:887: <MSG>: 
23.2983
12.2784
0.241041
0.111883
12.2819
-0.0298483
0.0845426
-0.0720999
0
00:44:896: <MSG>: 
23.2983
12.2776
0.213544
0.111503
12.2904
-0.0203603
0.0834857
-0.0763132
0
00:44:905: <MSG>: 
23.2983
12.2776
0.213544
0.11138
12.2962
-0.0143817
0.0838584
-0.0767432
0
00:44:914: <MSG>: 
23.2983
12.2727
0.240814
0.11123
12.3035
-0.00644516
0.083865
-0.0776536
0
00:44:923: <MSG>: 
23.2983
12.2736
0.256803
0.111204
12.3124
0.00301097
0.0849492
-0.076572
0
00:44:933: <MSG>: 
23.2983
12.2621
0.246981
0.111227
12.3221
0.0141025
0.0863823
-0.0747275
0
00:44:941: <MSG>: 
23.2983
12.2638
0.253408
0.111113
12.3432
0.0386358
0.0888742
-0.0743833
0
00:44:951: <MSG>: 
23.2983
12.2638
0.253408
0.111187
12.3577
0.0539408
0.0915693
-0.0715225
0
00:44:960: <MSG>: 
23.2983
12.2706
0.254623
0.111177
12.377
0.0753579
0.0937751
-0.0698879
0
00:44:969: <MSG>: 
23.2983
12.2795
0.245473
0.111242
12.3978
0.0975568
0.0960253
-0.0673312
0
00:44:978: <MSG>: 
23.2983
12.2712
0.241083
0.111368
12.3556
0.0481385
0.0984137
-0.0642215
0
00:44:988: <MSG>: 
23.2983
12.2712
0.241083
0.111314
12.3905
0.0879362
0.100535
-0.0631794
0
00:44:997: <MSG>: 
23.2983
12.2719
0.250399
0.111321
12.3521
0.0425944
0.10287
-0.0617454
0
00:45:006: <MSG>: 
23.2983
12.272
0.239326
0.111441
12.3183
0.00223521
0.105349
-0.0587098
0
00:45:015: <MSG>: 
23.2983
12.2797
0.242752
0.111578
12.2859
-0.0369422
0.108128
-0.0553925
0
00:45:023: <MSG>: 
23.2983
12.2797
0.242752
0.111531
12.2856
-0.0369488
0.107882
-0.0554023
0
00:45:033: <MSG>: 
23.2983
12.2809
0.243889
0.111477
12.2853
-0.0369557
0.107603
-0.0554125
0
00:45:042: <MSG>: 
23.2983
12.2802
0.2275
0.111426
12.2848
-0.0369615
0.107327
-0.0554212
0
00:45:050: <MSG>: 
23.2983
12.287
0.238933
0.111376
12.2846
-0.0369688
0.10709
-0.0554319
0
00:45:059: <MSG>: 
23.2983
12.287
0.238933
0.111326
12.2843
-0.0369748
0.106825
-0.0554408
0
00:45:067: <MSG>: 
23.2983
12.2854
0.242286
0.111276
12.2842
-0.0369816
0.106553
-0.0554509
0
00:45:077: <MSG>: 
23.2983
12.2766
0.241788
0.111437
12.263
-0.0619361
0.109646
-0.0516222
0
00:45:087: <MSG>: 
23.2983
12.2719
0.242858
0.110701
12.2672
-0.0530226
0.103385
-0.0635108
0
00:45:096: <MSG>: 
23.2983
12.2719
0.242858
0.109743
12.2756
-0.0391274
0.0969278
-0.0785094
0
00:45:105: <MSG>: 
23.2983
12.276
0.249496
0.108993
12.2848
-0.0257654
0.0916064
-0.0899002
0
00:45:115: <MSG>: 
23.2983
12.2802
0.234795
0.108481
12.2893
-0.0195548
0.0861028
-0.097583
0
00:45:124: <MSG>: 
23.2983
12.2784
0.242786
0.108204
12.2946
-0.0129849
0.0812715
-0.101641
0
00:45:133: <MSG>: 
23.2983
12.2784
0.242786
0.107908
12.2989
-0.00790912
0.0768213
-0.105666
0
00:45:143: <MSG>: 
23.2983
12.2769
0.237311
0.107624
12.3052
-0.000558995
0.0735159
-0.109087
0
00:45:152: <MSG>: 
23.2983
12.2755
0.242826
0.107446
12.3109
0.00588841
0.070979
-0.110701
0
00:45:161: <MSG>: 
23.2983
12.2776
0.230765
0.1073
12.3169
0.0120977
0.0684478
-0.111894
1
00:45:170: <MSG>: 
23.2983
12.2782
0.238132
0.107275
12.3198
0.0142606
0.0664766
-0.111203
0
00:45:180: <MSG>: 
23.2983
12.2782
0.238132
0.107143
12.3232
0.0172721
0.0643251
-0.11194
0
00:45:190: <MSG>: 
23.2983
12.2809
0.234272
0.107429
12.3178
0.00999608
0.0621285
-0.106842
0
00:45:199: <MSG>: 
23.2983
12.2821
0.237298
0.107605
12.316
0.00743393
0.0613229
-0.103097
0
00:45:208: <MSG>: 
23.2983
12.282
0.242116
0.107716
12.3159
0.00706433
0.0609758
-0.100057
0
00:45:218: <MSG>: 
23.2983
12.282
0.242116
0.107879
12.3153
0.00605815
0.060937
-0.0962898
0
00:45:227: <MSG>: 
23.2983
12.2805
0.236553
0.108054
12.3142
0.00449188
0.0609124
-0.0924355
0
00:45:236: <MSG>: 
23.2983
12.2785
0.243884
0.108253
12.3118
0.000852788
0.0612053
-0.0882784
0
00:45:246: <MSG>: 
23.2983
12.2849
0.230388
0.108214
12.315
0.00385647
0.0614418
-0.087462
0
00:45:255: <MSG>: 
23.2983
12.2832
0.240013
0.108265
12.3174
0.00641952
0.0625533
-0.0851448
0
00:45:265: <MSG>: 
23.2983
12.2832
0.240013
0.107932
12.3287
0.0196891
0.0633984
-0.0882798
0
00:45:274: <MSG>: 
23.2983
12.2793
0.269664
0.1079
12.3339
0.0245154
0.0646314
-0.0871244
0
00:45:283: <MSG>: 
23.2983
12.2646
0.25589
0.108052
12.3378
0.0290478
0.067743
-0.0828271
0
00:45:293: <MSG>: 
23.2983
12.2727
0.257003
0.108182
12.3449
0.037002
0.0717058
-0.0785935
0
00:45:302: <MSG>: 
23.2983
12.2727
0.257003
0.108211
12.3528
0.0458166
0.0744707
-0.0761665
0
00:45:312: <MSG>: 
23.2983
12.2805
0.284074
0.108565
12.3541
0.0453179
0.0787886
-0.0688766
0
00:45:321: <MSG>: 
23.1502
12.2805
0.261291
0.109195
12.3435
0.0315743
0.0531895
-0.058645
0
00:45:332: <MSG>: 
23.1502
12.2785
0.212927
0.110197
12.3351
0.0200843
0.0582783
-0.0441786
0
00:45:340: <MSG>: 
23.1502
12.2842
0.245361
0.110886
12.324
0.00630729
0.0644355
-0.0335428
0
00:45:349: <MSG>: 
23.1502
12.2882
0.267741
0.111489
12.3148
-0.00555364
0.0683327
-0.0247181
0
00:45:359: <MSG>: 
23.1502
12.2882
0.267741
0.112194
12.3079
-0.0140771
0.0718618
-0.0148258
0
00:45:368: <MSG>: 
23.1502
12.2858
0.230588
0.112731
12.302
-0.0208362
0.0737964
-0.00759073
0
00:45:377: <MSG>: 
23.1502
12.2919
0.255626
0.112844
12.3102
-0.0116472
0.0765849
-0.00500411
0
00:45:386: <MSG>: 
23.1502
12.2973
0.259667
0.112855
12.319
-0.00251289
0.0788658
-0.00402197
0
00:45:395: <MSG>: 
23.1502
12.2973
0.259667
0.11295
12.3292
0.0085731
0.0820001
-0.00160296
0
00:45:405: <MSG>: 
23.1502
12.2921
0.245758
0.112918
12.345
0.0261924
0.0851041
-0.000942598
0
00:45:414: <MSG>: 
23.1502
12.2829
0.251511
0.112949
12.3596
0.0432439
0.088307
0.000629179
0
00:45:423: <MSG>: 
23.1502
12.2853
0.263635
0.112925
12.3817
0.0679934
0.0921394
0.00164519
0
00:45:432: <MSG>: 
23.1502
12.2853
0.263635
0.112919
12.4043
0.0936823
0.0958042
0.00285807
0
00:45:443: <MSG>: 
23.1502
12.2855
0.254629
0.113066
12.4238
0.115616
0.0993924
0.00613759
0
00:45:452: <MSG>: 
23.1502
12.2856
0.244185
0.113147
12.4422
0.135539
0.102247
0.00822603
0
00:45:461: <MSG>: 
23.1502
12.2897
0.252939
0.113132
12.4683
0.164146
0.10495
0.00897546
0
00:45:470: <MSG>: 
23.1502
12.2901
0.236783
0.113229
12.4903
0.188247
0.107148
0.0110844
0
00:45:479: <MSG>: 
23.1502
12.2901
0.236783
0.113448
12.5114
0.211186
0.109956
0.0150285
0
00:45:489: <MSG>: 
23.1502
12.2934
0.241696
0.113428
12.547
0.250455
0.112284
0.0155547
0
00:45:497: <MSG>: 
23.1502
12.2943
0.248818
0.113429
12.5487
0.250497
0.112531
0.0155576
0
00:45:505: <MSG>: 
23.1502
12.3052
0.239709
0.113431
12.5512
0.250538
0.112961
0.0155605
0
00:45:514: <MSG>: 
23.1502
12.3052
0.239709
0.113433
12.5534
0.250575
0.113303
0.0155629
0
00:45:523: <MSG>: 
23.1502
12.3152
0.242992
0.113434
12.5553
0.250617
0.113632
0.0155659
0
00:45:532: <MSG>: 
23.1502
12.336
0.245338
0.113436
12.558
0.250654
0.114118
0.0155684
0
00:45:541: <MSG>: 
23.1502
12.3485
0.244909
0.113731
12.5374
0.227379
0.116548
0.0201008
0
00:45:550: <MSG>: 
23.1502
12.3485
0.244909
0.114041
12.517
0.202771
0.11955
0.0248978
0
00:45:559: <MSG>: 
23.1502
12.3687
0.238628
0.114275
12.4977
0.179838
0.122102
0.028436
0
00:45:569: <MSG>: 
23.1502
12.381
0.256042
0.114473
12.4781
0.157036
0.125519
0.0317309
0
00:45:578: <MSG>: 
23.1502
12.381
0.256042
0.114594
12.4606
0.133226
0.121438
0.0313796
0
00:45:587: <MSG>: 
23.1502
12.3896
0.239362
0.11475
12.4452
0.112039
0.116339
0.0310866
0
00:45:596: <MSG>: 
23.1502
12.3949
0.238783
0.114622
12.4348
0.0980988
0.109713
0.0271578
0
00:45:606: <MSG>: 
23.1502
12.3883
0.232155
0.114393
12.4264
0.0872845
0.103368
0.0222387
0
00:45:615: <MSG>: 
23.1502
12.3881
0.241504
0.114079
12.4189
0.0777608
0.0976519
0.0165881
0
00:45:624: <MSG>: 
23.1502
12.3881
0.241504
0.113902
12.4103
0.0673767
0.0922241
0.0126596
0
00:45:633: <MSG>: 
23.1502
12.3811
0.237522
0.113936
12.4009
0.0563392
0.0872155
0.0113222
0
00:45:643: <MSG>: 
23.1502
12.3849
0.244484
0.113803
12.3954
0.0497501
0.0826122
0.00821851
0
00:45:653: <MSG>: 
23.1502
12.3766
0.244252
0.114149
12.3838
0.0369666
0.0804056
0.0113551
0
00:45:662: <MSG>: 
23.1502
12.3766
0.244252
0.114537
12.3728
0.0240207
0.0785531
0.0150433
1
00:45:671: <MSG>: 
23.1502
12.3745
0.232297
0.114751
12.3638
0.0132482
0.075782
0.0164074
0
00:45:680: <MSG>: 
23.1502
12.3703
0.238736
0.114892
12.3556
0.0046661
0.0733862
0.017043
0
00:45:690: <MSG>: 
23.1502
12.3693
0.231447
0.114867
12.3499
-0.000963899
0.0704956
0.0156094
0
00:45:699: <MSG>: 
23.1502
12.3673
0.23537
0.11487
12.344
-0.00650156
0.0677181
0.0145378
0
00:45:709: <MSG>: 
23.1502
12.3673
0.23537
0.114834
12.34
-0.0094305
0.0656172
0.0132554
0
00:45:719: <MSG>: 
23.1502
12.3638
0.230221
0.11465
12.3383
-0.00920328
0.06322
0.0101687
0
00:45:728: <MSG>: 
23.1502
12.3584
0.231881
0.114551
12.3365
-0.00979058
0.0614246
0.00830218
0
00:45:738: <MSG>: 
23.1502
12.3491
0.22821
0.114328
12.3371
-0.00730752
0.0595335
0.00497291
0
00:45:748: <MSG>: 
23.1502
12.3443
0.233354
0.11419
12.3362
-0.00746711
0.0585661
0.00295659
0
00:45:758: <MSG>: 
23.1502
12.3443
0.233354
0.113945
12.3394
-0.00196259
0.0577386
-0.000258791
0
00:45:767: <MSG>: 
23.1502
12.3392
0.227957
0.113795
12.3379
-0.00295047
0.0561831
-0.00256321
0
00:45:776: <MSG>: 
23.1502
12.3368
0.24475
0.112953
12.3484
0.010144
0.0524868
-0.0137962
0
00:45:786: <MSG>: 
23.1502
12.3384
0.258049
0.112828
12.3496
0.0121736
0.0521955
-0.0152412
0
00:45:795: <MSG>: 
23.1502
12.3054
0.216797
0.112551
12.3565
0.0209077
0.0529394
-0.0181549
0
00:45:805: <MSG>: 
23.1502
12.3054
0.216797
0.112465
12.36
0.0251664
0.0544608
-0.0185158
0
00:45:815: <MSG>: 
23.1502
12.3104
0.26121
0.112639
12.3593
0.0242856
0.0567553
-0.0154369
0
00:45:824: <MSG>: 
23.277
12.3163
0.280418
0.112892
12.3596
0.0244024
0.0870556
-0.0111013
0
00:45:833: <MSG>: 
23.277
12.3155
0.237401
0.113558
12.3321
-0.00800973
0.0856138
-0.0032468
0
00:45:843: <MSG>: 
23.277
12.3155
0.237401
0.114197
12.3268
-0.0150235
0.090146
0.00757029
0
00:45:852: <MSG>: 
23.277
12.3078
0.231243
0.114734
12.3216
-0.0221927
0.0933927
0.0162694
0
00:45:861: <MSG>: 
23.277
12.313
0.271148
0.115117
12.3192
-0.0259699
0.0965612
0.022505
0
00:45:871: <MSG>: 
23.277
12.3154
0.251054
0.115407
12.3178
-0.0282226
0.0988146
0.0269928
0
00:45:880: <MSG>: 
23.277
12.3161
0.248569
0.115821
12.3163
-0.0310692
0.101445
0.033319
0
00:45:890: <MSG>: 
23.277
12.3161
0.248569
0.116195
12.3123
-0.03644
0.102428
0.0383943
0
00:45:899: <MSG>: 
23.277
12.3239
0.278802
0.11665
12.3081
-0.0421221
0.101934
0.0440694
0
00:45:908: <MSG>: 
23.277
12.3172
0.264678
0.117093
12.3049
-0.0468053
0.102702
0.0498616
0
00:45:918: <MSG>: 
23.277
12.3076
0.267541
0.117725
12.2985
-0.0540561
0.102399
0.0578214
0
00:45:928: <MSG>: 
23.277
12.308
0.267283
0.11755
12.3156
-0.0346934
0.105274
0.0558589
0
00:45:937: <MSG>: 
23.277
12.308
0.267283
0.117502
12.3292
-0.0191151
0.107818
0.0554375
0
00:45:947: <MSG>: 
23.277
12.3125
0.272758
0.117617
12.3445
-0.00166774
0.111823
0.0574333
0
00:45:955: <MSG>: 
23.277
12.3126
0.25922
0.117784
12.355
0.00911861
0.115063
0.0598113
0
00:45:965: <MSG>: 
23.277
12.3073
0.26797
0.117975
12.3676
0.0231758
0.118728
0.0625881
0
00:45:973: <MSG>: 
23.277
12.3073
0.26797
0.118129
12.387
0.0449067
0.122539
0.0649919
0
00:45:983: <MSG>: 
23.277
12.3074
0.254048
0.118191
12.4092
0.0698885
0.125326
0.0659239
0
00:45:992: <MSG>: 
23.277
12.3085
0.254152
0.118273
12.4359
0.100134
0.128075
0.0670679
0
00:46:001: <MSG>: 
23.277
12.3102
0.260973
0.11863
12.4137
0.0731714
0.131177
0.0714448
0
00:46:009: <MSG>: 
23.277
12.3117
0.252135
0.118684
12.4141
0.0731626
0.13161
0.0714365
0
00:46:018: <MSG>: 
23.277
12.3117
0.252135
0.118746
12.4148
0.0731541
0.132107
0.0714285
0
00:46:027: <MSG>: 
23.277
12.3146
0.254417
0.118805
12.4155
0.0731451
0.132607
0.0714201
0
00:46:036: <MSG>: 
23.277
12.3189
0.266272
0.118871
12.4162
0.0731374
0.13316
0.0714129
0
00:46:045: <MSG>: 
23.277
12.3189
0.266272
0.11893
12.4168
0.0731293
0.133643
0.0714053
0
00:46:055: <MSG>: 
23.277
12.3213
0.259306
0.118922
12.3929
0.0444835
0.136167
0.0709372
0
00:46:064: <MSG>: 
23.277
12.319
0.251358
0.119073
12.3732
0.0210866
0.139086
0.0726958
0
00:46:073: <MSG>: 
23.277
12.3217
0.255611
0.119101
12.355
-0.000314877
0.141077
0.0725819
0
00:46:083: <MSG>: 
23.277
12.3189
0.258449
0.119248
12.3417
-0.0161
0.143043
0.0739863
0
00:46:093: <MSG>: 
23.277
12.3189
0.258449
0.118167
12.3395
-0.0152227
0.137617
0.0557158
0
00:46:102: <MSG>: 
23.277
12.3181
0.259171
0.117639
12.3338
-0.0208269
0.132495
0.0457453
0
00:46:111: <MSG>: 
23.277
12.3193
0.257797
0.117108
12.3317
-0.0223857
0.12689
0.0358144
0
00:46:120: <MSG>: 
23.277
12.321
0.258448
0.116543
12.3291
-0.0244743
0.120853
0.0253835
0
00:46:129: <MSG>: 
23.277
12.321
0.258448
0.116099
12.3255
-0.0278191
0.115772
0.017144
0
00:46:139: <MSG>: 
23.277
12.3193
0.251337
0.115649
12.3236
-0.029203
0.111089
0.00909695
0
00:46:148: <MSG>: 
23.277
12.3153
0.259625
0.115314
12.3235
-0.028543
0.106816
0.00293552
0
00:46:158: <MSG>: 
23.277
12.3175
0.250205
0.115257
12.321
-0.031547
0.103184
0.000941587
1
00:46:167: <MSG>: 
23.277
12.3186
0.255922
0.115321
12.3162
-0.0374959
0.0993383
0.000578849
0
00:46:177: <MSG>: 
23.277
12.3186
0.255922
0.115529
12.3087
-0.0462612
0.0964984
0.00251174
0
00:46:187: <MSG>: 
23.277
12.3235
0.249779
0.115672
12.3027
-0.0530503
0.0940132
0.00359283
0
00:46:196: <MSG>: 
23.277
12.3206
0.249072
0.115611
12.3
-0.0548399
0.0921566
0.00208775
0
00:46:205: <MSG>: 
23.277
12.3198
0.244979
0.11555
12.297
-0.0574366
0.0898627
0.000450807
0
00:46:215: <MSG>: 
23.277
12.3183
0.251541
0.115417
12.2965
-0.0568146
0.0882825
-0.00190495
0
00:46:225: <MSG>: 
23.277
12.3183
0.251541
0.115314
12.2952
-0.0570495
0.0865051
-0.00388083
0
00:46:234: <MSG>: 
23.277
12.318
0.249075
0.115254
12.2942
-0.0570078
0.0855011
-0.00499724
0
00:46:244: <MSG>: 
23.277
12.3178
0.245646
0.114994
12.2973
-0.0519139
0.0844904
-0.00879807
0
00:46:253: <MSG>: 
23.277
12.3153
0.244164
0.114915
12.2973
-0.0505818
0.0837876
-0.00999326
0
00:46:262: <MSG>: 
23.277
12.3134
0.302
0.114323
12.3132
-0.030785
0.0849722
-0.0174899
0
00:46:272: <MSG>: 
23.277
12.3134
0.302
0.114309
12.314
-0.0296481
0.0861712
-0.0170924
0
00:46:281: <MSG>: 
23.277
12.2991
0.310401
0.11442
12.3168
-0.023793
0.0904551
-0.0140105
0
00:46:290: <MSG>: 
23.277
12.292
0.295016
0.114686
12.3192
-0.0212356
0.0946285
-0.00894395
0
00:46:300: <MSG>: 
23.277
12.2849
0.330077
0.114881
12.3273
-0.0114904
0.100638
-0.00430152
0
00:46:309: <MSG>: 
23.277
12.2849
0.330077
0.115055
12.3257
-0.0127766
0.104544
-0.000696395
0
00:46:319: <MSG>: 
23.1818
12.2948
0.296522
0.115162
12.3354
-0.00103998
0.0894531
0.00238832
0
00:46:328: <MSG>: 
23.1818
12.2912
0.251153
0.11619
12.3289
-0.00907726
0.0961842
0.0163394
0
00:46:338: <MSG>: 
23.1818
12.2969
0.276086
0.116692
12.3238
-0.0161927
0.102591
0.023883
0
00:46:347: <MSG>: 
23.1818
12.2975
0.300407
0.11751
12.3172
-0.0238623
0.108757
0.0349332
0
00:46:357: <MSG>: 
23.1818
12.2975
0.300407
0.117745
12.3106
-0.0319161
0.112462
0.0383254
0
00:46:366: <MSG>: 
23.1818
12.2974
0.270518
0.118388
12.3069
-0.0367023
0.116149
0.0464469
0
00:46:375: <MSG>: 
23.1818
12.2977
0.309413
0.118929
12.3033
-0.040716
0.121259
0.053726
0
00:46:384: <MSG>: 
23.1818
12.3085
0.30389
0.119291
12.3013
-0.0435294
0.122962
0.0577582
0
00:46:393: <MSG>: 
23.1818
12.3085
0.30389
0.119349
12.3147
-0.0275714
0.127907
0.0594257
0
00:46:403: <MSG>: 
23.1818
12.3021
0.30032
0.119732
12.2514
-0.0956338
0.131508
0.0646664
0
00:46:412: <MSG>: 
23.1818
12.2988
0.297389
0.12048
12.2015
-0.15003
0.135711
0.0750085
0
00:46:421: <MSG>: 
23.1818
12.3025
0.305862
0.121341
12.1624
-0.194207
0.140456
0.0868986
0
00:46:430: <MSG>: 
23.1818
12.2969
0.295647
0.121325
12.1745
-0.180427
0.143602
0.0865556
0
00:46:439: <MSG>: 
23.1818
12.2969
0.295647
0.121502
12.1851
-0.168043
0.147454
0.0890476
0
00:46:448: <MSG>: 
23.1818
12.2998
0.294779
0.121684
12.1984
-0.152994
0.151098
0.0915201
0
00:46:457: <MSG>: 
23.1818
12.2967
0.300631
0.121835
12.2146
-0.133204
0.154506
0.0934975
0
00:46:467: <MSG>: 
23.1818
12.2932
0.278285
0.121921
12.2354
-0.109269
0.156927
0.0942885
0
00:46:476: <MSG>: 
23.1818
12.2932
0.278285
0.122102
12.2528
-0.0892786
0.159728
0.0964441
0
00:46:485: <MSG>: 
23.1818
12.2727
0.296785
0.12232
12.2732
-0.0651494
0.162942
0.0992755
0
00:46:493: <MSG>: 
23.1818
12.2613
0.291168
0.122395
12.2729
-0.065146
0.163721
0.0992698
0
00:46:502: <MSG>: 
23.1818
12.2524
0.2971
0.122471
12.2721
-0.0651427
0.164508
0.0992642
0
00:46:510: <MSG>: 
23.1818
12.2524
0.2971
0.122551
12.2715
-0.0651395
0.165362
0.0992588
0
00:46:519: <MSG>: 
23.1818
12.2537
0.290723
0.122628
12.271
-0.0651359
0.1662
0.0992528
0
00:46:528: <MSG>: 
23.1818
12.2601
0.301732
0.122708
12.2706
-0.0651328
0.167075
0.0992476
0
00:46:538: <MSG>: 
23.1818
12.2598
0.290336
0.122752
12.2457
-0.0925858
0.169776
0.0991516
0
00:46:547: <MSG>: 
23.1818
12.2598
0.290336
0.122716
12.2227
-0.118179
0.172458
0.0980568
0
00:46:556: <MSG>: 
23.1818
12.2677
0.294812
0.122735
12.2005
-0.143986
0.175503
0.097806
0
00:46:566: <MSG>: 
23.1818
12.2642
0.303395
0.122484
12.1965
-0.146581
0.168108
0.0913476
0
00:46:575: <MSG>: 
23.1818
12.2653
0.289479
0.12193
12.1941
-0.147331
0.159908
0.0814397
0
00:46:584: <MSG>: 
23.1818
12.2653
0.289479
0.121518
12.1913
-0.148274
0.152261
0.0733412
0
00:46:594: <MSG>: 
23.1818
12.2583
0.297117
0.121255
12.1866
-0.151037
0.145461
0.0672918
0
00:46:603: <MSG>: 
23.1818
12.2614
0.290716
0.121099
12.1844
-0.152425
0.138313
0.062394
0
00:46:612: <MSG>: 
23.1818
12.2589
0.297002
0.120835
12.1836
-0.150918
0.132922
0.0569694
0
00:46:621: <MSG>: 
23.1818
12.2589
0.297002
0.120531
12.1835
-0.149069
0.128075
0.051302
0
00:46:630: <MSG>: 
23.1818
12.257
0.286758
0.120245
12.1841
-0.146417
0.123236
0.045886
0
00:46:639: <MSG>: 
23.1818
12.2569
0.293087
0.120101
12.1832
-0.146096
0.11877
0.0422632
0
00:46:649: <MSG>: 
23.1818
12.2547
0.284793
0.120256
12.1764
-0.15218
0.115158
0.0422675
1
00:46:658: <MSG>: 
23.1818
12.2547
0.284793
0.120179
12.1731
-0.153672
0.111697
0.0397232
0
00:46:668: <MSG>: 
23.1818
12.2526
0.289862
0.120078
12.1713
-0.153215
0.109272
0.0372353
0
00:46:677: <MSG>: 
23.1818
12.2472
0.28417
0.119946
12.1678
-0.155052
0.106317
0.0342849
0
00:46:686: <MSG>: 
23.1818
12.2514
0.285989
0.119834
12.1652
-0.156768
0.103398
0.0316192
0
00:46:696: <MSG>: 
23.1818
12.2477
0.282086
0.119583
12.1633
-0.156417
0.100326
0.0273113
0
00:46:705: <MSG>: 
23.1818
12.2477
0.282086
0.11913
12.1658
-0.151006
0.0976644
0.0208363
0
00:46:714: <MSG>: 
23.1818
12.2489
0.28298
0.119023
12.1638
-0.152004
0.0956566
0.0186643
0
00:46:723: <MSG>: 
23.1818
12.2434
0.281539
0.118688
12.1656
-0.147344
0.0939882
0.0139463
0
00:46:733: <MSG>: 
23.1818
12.2437
0.277141
0.118547
12.1655
-0.145815
0.0928255
0.0117081
0
00:46:742: <MSG>: 
23.1818
12.2437
0.277141
0.118429
12.1647
-0.144823
0.0915516
0.00972276
0
00:46:751: <MSG>: 
23.1818
12.2397
0.274226
0.118298
12.1627
-0.146016
0.090033
0.00752299
0
00:46:760: <MSG>: 
23.1818
12.2364
0.260196
0.118115
12.1603
-0.147735
0.0875132
0.0043875
0
00:46:770: <MSG>: 
23.1818
12.2428
0.29917
0.117537
12.1709
-0.135236
0.0866781
-0.00285929
0
00:46:780: <MSG>: 
23.1818
12.2257
0.319507
0.117618
12.1728
-0.130269
0.0902363
-0.000765565
0
00:46:790: <MSG>: 
23.1818
12.2257
0.319507
0.117635
12.1797
-0.120599
0.0944821
0.000769057
0
00:46:799: <MSG>: 
22.942
12.2166
0.319938
0.117888
12.1791
-0.120441
0.045363
0.00483958
0
00:46:808: <MSG>: 
22.942
12.208
0.352853
0.118095
12.1847
-0.112582
0.051379
0.0091759
0
00:46:818: <MSG>: 
22.942
12.2074
0.306293
0.118167
12.1906
-0.104988
0.0551949
0.0111351
0
00:46:829: <MSG>: 
22.942
12.1969
0.274404
0.118163
12.1939
-0.100604
0.0578555
0.0117399
0
00:46:837: <MSG>: 
22.942
12.1969
0.274404
0.118725
12.1938
-0.100796
0.0628138
0.0213172
0
00:46:847: <MSG>: 
22.942
12.2011
0.306815
0.1194
12.1957
-0.0988971
0.0666737
0.0320089
0
00:46:856: <MSG>: 
22.942
12.2033
0.314296
0.120013
12.1961
-0.0980674
0.0707188
0.0416301
0
00:46:865: <MSG>: 
22.942
12.2051
0.280284
0.12052
12.1971
-0.0969823
0.0738989
0.0492989
0
00:46:874: <MSG>: 
22.942
12.2126
0.315926
0.121153
12.198
-0.0955473
0.0774658
0.0586919
0
00:46:883: <MSG>: 
22.942
12.2126
0.315926
0.121819
12.1983
-0.0950514
0.080858
0.0683657
0
00:46:892: <MSG>: 
22.942
12.2181
0.290293
0.122376
12.1985
-0.0949891
0.0838889
0.0761353
0
00:46:902: <MSG>: 
22.942
12.2128
0.29887
0.122941
12.199
-0.0937998
0.0868474
0.0838498
0
00:46:910: <MSG>: 
22.942
12.2119
0.292673
0.122776
12.2089
-0.0833791
0.0891055
0.0816304
0
00:46:919: <MSG>: 
22.942
12.2119
0.292673
0.122722
12.2169
-0.0747126
0.0910554
0.0806181
0
00:46:928: <MSG>: 
22.942
12.2154
0.306753
0.122774
12.2263
-0.0641289
0.0938985
0.0811573
0
00:46:937: <MSG>: 
22.942
12.2143
0.285637
0.122675
12.2428
-0.045331
0.0960469
0.0797269
0
00:46:946: <MSG>: 
22.942
12.2138
0.296778
0.122648
12.2579
-0.0285925
0.0988868
0.0793525
0
00:46:955: <MSG>: 
22.942
12.2138
0.296778
0.122724
12.2712
-0.0137945
0.10133
0.0801716
0
00:46:964: <MSG>: 
22.942
12.216
0.28738
0.122773
12.2853
0.00209344
0.103164
0.0803458
0
00:46:974: <MSG>: 
22.942
12.2143
0.282394
0.122809
12.3065
0.0262526
0.105121
0.0804889
0
00:46:982: <MSG>: 
22.942
12.2175
0.292734
0.122956
12.3255
0.0479457
0.10761
0.0822513
0
00:46:990: <MSG>: 
22.942
12.2175
0.292734
0.123016
12.3258
0.0479431
0.108229
0.0822471
0
00:46:999: <MSG>: 
22.942
12.2172
0.285017
0.123082
12.326
0.0479405
0.108879
0.082243
0
00:47:008: <MSG>: 
22.942
12.2218
0.286351
0.123145
12.3265
0.0479379
0.109552
0.0822387
0
00:47:017: <MSG>: 
22.942
12.2285
0.291754
0.123211
12.327
0.0479356
0.110248
0.082235
0
00:47:025: <MSG>: 
22.942
12.2285
0.291754
0.123275
12.3274
0.047933
0.11091
0.0822307
0
00:47:034: <MSG>: 
22.942
12.2344
0.298562
0.123339
12.3279
0.0479306
0.111592
0.0822268
0
00:47:043: <MSG>: 
22.942
12.2398
0.288301
0.123235
12.3042
0.0205232
0.113932
0.0804582
0
00:47:053: <MSG>: 
22.942
12.2398
0.288301
0.123254
12.2857
-0.000635094
0.116125
0.0802177
0
00:47:061: <MSG>: 
22.942
12.243
0.2999
0.123354
12.2666
-0.0233172
0.119172
0.0813295
0
00:47:071: <MSG>: 
22.942
12.249
0.292461
0.123507
12.2535
-0.0392083
0.121451
0.0827972
0
00:47:080: <MSG>: 
22.942
12.2481
0.290374
0.123397
12.2339
-0.0618022
0.124039
0.081099
0
00:47:089: <MSG>: 
22.942
12.2481
0.290374
0.123047
12.2357
-0.0584681
0.11741
0.0729096
0
00:47:098: <MSG>: 
22.942
12.2517
0.283722
0.122915
12.2357
-0.0582498
0.109642
0.06751
0
00:47:108: <MSG>: 
22.942
12.2461
0.292071
0.122714
12.2378
-0.0547875
0.10359
0.0618307
0
00:47:116: <MSG>: 
22.942
12.245
0.282467
0.12245
12.2408
-0.051086
0.0973594
0.0553571
0
00:47:125: <MSG>: 
22.942
12.245
0.282467
0.122158
12.2464
-0.0439702
0.093025
0.049235
0
00:47:134: <MSG>: 
22.942
12.2392
0.290421
0.121998
12.2519
-0.0373111
0.0890231
0.045123
0
00:47:144: <MSG>: 
22.942
12.2408
0.287119
0.121724
12.2561
-0.0318531
0.0854498
0.0395933
0
00:47:153: <MSG>: 
22.942
12.2411
0.288106
0.121545
12.2585
-0.0286296
0.0823741
0.0356348
1
00:47:162: <MSG>: 
22.942
12.2434
0.287492
0.121311
12.2605
-0.0256207
0.0793432
0.0310061
0
00:47:172: <MSG>: 
22.942
12.2434
0.287492
0.12128
12.2602
-0.026521
0.0757338
0.0289963
0
00:47:181: <MSG>: 
22.942
12.2445
0.286511
0.121039
12.2631
-0.0234158
0.0723864
0.0242697
0
00:47:190: <MSG>: 
22.942
12.2426
0.290745
0.121292
12.257
-0.0306578
0.0693464
0.0263273
0
00:47:199: <MSG>: 
22.942
12.2423
0.282828
0.121373
12.2549
-0.0333099
0.0670375
0.026262
0
00:47:209: <MSG>: 
22.942
12.2423
0.282828
0.121256
12.2565
-0.0307661
0.0655096
0.0238273
0
00:47:218: <MSG>: 
22.942
12.2414
0.285074
0.121155
12.2575
-0.028642
0.0639337
0.0216174
0
00:47:227: <MSG>: 
22.942
12.2448
0.279447
0.121033
12.2587
-0.0278481
0.0619947
0.019052
0
00:47:237: <MSG>: 
22.942
12.2415
0.281329
0.120856
12.2609
-0.0246362
0.0609324
0.0160617
0
00:47:246: <MSG>: 
22.942
12.2415
0.281329
0.120632
12.2657
-0.0186981
0.0607053
0.012791
0
00:47:255: <MSG>: 
22.942
12.2468
0.282626
0.120452
12.2704
-0.0132606
0.0604151
0.0101148
0
00:47:265: <MSG>: 
22.942
12.2457
0.284864
0.119681
12.2822
0.0018941
0.057502
-0.00114242
0
00:47:274: <MSG>: 
22.942
12.2591
0.322246
0.119633
12.2883
0.00742945
0.0580944
-0.0015998
0
00:47:284: <MSG>: 
22.942
12.2442
0.294364
0.119585
12.2986
0.0202808
0.06168
-0.00107137
0
00:47:293: <MSG>: 
22.942
12.2442
0.294364
0.119652
12.3062
0.0294989
0.0651022
0.00091231
0
00:47:302: <MSG>: 
22.942
12.2347
0.298089
0.119723
12.3124
0.037088
0.0679288
0.00274627
0
00:47:311: <MSG>: 
22.942
12.2331
0.339231
0.119896
12.32
0.0460903
0.0734474
0.00675741
0
00:47:321: <MSG>: 
22.942
12.2495
0.296127
0.120392
12.3152
0.0392524
0.0792587
0.0141504
0
00:47:330: <MSG>: 
22.942
12.2495
0.296127
0.121408
12.3114
0.0337715
0.0872448
0.0281631
0
00:47:339: <MSG>: 
22.942
12.2621
0.257787
0.121823
12.3083
0.0287369
0.0906559
0.0336166
0
00:47:349: <MSG>: 
22.942
12.2623
0.286623
0.122027
12.3045
0.0242577
0.0932946
0.0363277
0
00:47:358: <MSG>: 
22.942
12.2566
0.28704
0.122386
12.3043
0.0230594
0.095849
0.0408346
0
00:47:367: <MSG>: 
22.942
12.2494
0.279022
0.122971
12.3024
0.0203426
0.0977256
0.0476522
0
00:47:378: <MSG>: 
22.942
12.2494
0.279022
0.123581
12.2994
0.0161134
0.0992389
0.0544501
0
00:47:387: <MSG>: 
22.942
12.2643
0.312597
0.124123
12.2969
0.0122657
0.100807
0.060465
0
00:47:396: <MSG>: 
22.942
12.2682
0.29989
0.124635
12.2956
0.0103618
0.102794
0.0662302
0
00:47:406: <MSG>: 
22.942
12.2651
0.299077
0.125342
12.2922
0.00645096
0.104962
0.0741834
0
00:47:415: <MSG>: 
22.942
12.2615
0.298947
0.125212
12.3067
0.0223463
0.108135
0.0724688
0
00:47:424: <MSG>: 
22.942
12.2615
0.298947
0.125119
12.3223
0.0397847
0.111174
0.0712377
0
00:47:433: <MSG>: 
22.942
12.2605
0.303217
0.125042
12.3403
0.0602658
0.114346
0.07033
0
00:47:442: <MSG>: 
22.942
12.2629
0.284154
0.125165
12.3519
0.0731732
0.117022
0.0719083
0
00:47:452: <MSG>: 
22.942
12.2605
0.296689
0.125327
12.3617
0.0844849
0.120215
0.074191
0
00:47:461: <MSG>: 
22.942
12.2605
0.296689
0.125294
12.3824
0.107261
0.123066
0.0737757
0
00:47:470: <MSG>: 
22.942
12.2685
0.293118
0.125247
12.4066
0.133853
0.125682
0.0731282
0
00:47:479: <MSG>: 
22.942
12.2644
0.28761
0.125359
12.4271
0.157377
0.128331
0.0746615
0
00:47:488: <MSG>: 
22.942
12.2673
0.289303
0.125567
12.4418
0.173485
0.130206
0.07711
0
00:47:496: <MSG>: 
22.942
12.2673
0.289303
0.125622
12.4432
0.173476
0.130766
0.0771067
0
00:47:504: <MSG>: 
22.942
12.2638
0.288141
0.125682
12.4442
0.173466
0.131295
0.0771034
0
00:47:514: <MSG>: 
22.942
12.2745
0.282068
0.125746
12.446
0.173457
0.132
0.0771002
0
00:47:522: <MSG>: 
22.942
12.2766
0.286853
0.125808
12.4475
0.173448
0.132616
0.0770971
0
00:47:531: <MSG>: 
22.942
12.2766
0.286853
0.125867
12.449
0.173438
0.133216
0.0770937
0
00:47:541: <MSG>: 
22.942
12.292
0.282868
0.126021
12.4384
0.160295
0.134821
0.0784039
0
00:47:550: <MSG>: 
22.942
12.3045
0.279172
0.125804
12.4161
0.135153
0.136935
0.075086
0
00:47:559: <MSG>: 
22.942
12.3164
0.271751
0.125647
12.4001
0.116969
0.138309
0.0723949
0
00:47:568: <MSG>: 
22.942
12.3164
0.271751
0.125472
12.3849
0.0994702
0.139196
0.0693481
0
00:47:577: <MSG>: 
22.942
12.3201
0.280452
0.124578
12.3762
0.0890195
0.130001
0.0554724
0
00:47:587: <MSG>: 
22.942
12.3185
0.276578
0.123443
12.371
0.0836781
0.120196
0.0388001
0
00:47:596: <MSG>: 
22.942
12.3212
0.28293
0.122898
12.3665
0.0776193
0.112772
0.0298166
0
00:47:606: <MSG>: 
22.942
12.3162
0.278534
0.12291
12.3594
0.0684831
0.108057
0.0280686
0
00:47:615: <MSG>: 
22.942
12.3162
0.278534
0.122379
12.3571
0.0655683
0.101491
0.0196209
0
00:47:624: <MSG>: 
22.942
12.3175
0.275986
0.122322
12.3503
0.0558774
0.0960104
0.0169746
0
00:47:633: <MSG>: 
22.942
12.3097
0.279663
0.122101
12.3428
0.048628
0.092204
0.0130185
0
00:47:643: <MSG>: 
22.942
12.3095
0.277042
0.12199
12.3378
0.0419412
0.0873933
0.01004
0
00:47:652: <MSG>: 
22.942
12.3095
0.277042
0.121969
12.3323
0.0348574
0.0834244
0.00840849
0
00:47:663: <MSG>: 
22.942
12.3085
0.276564
0.122382
12.321
0.0213404
0.0811292
0.0122581
1
00:47:672: <MSG>: 
22.942
12.314
0.264547
0.122459
12.3135
0.0125843
0.0775786
0.0118141
0
00:47:682: <MSG>: 
22.942
12.3116
0.268239
0.122355
12.3094
0.0086178
0.0750528
0.00962636
0
00:47:692: <MSG>: 
22.942
12.3087
0.264258
0.122232
12.305
0.00450295
0.07208
0.00711354
0
00:47:702: <MSG>: 
22.942
12.3087
0.264258
0.122053
12.3027
0.00286887
0.0697902
0.0041831
0
00:47:711: <MSG>: 
22.942
12.3056
0.264136
0.121882
12.3001
0.000885636
0.0673587
0.00133761
0
00:47:720: <MSG>: 
22.942
12.3045
0.261346
0.121598
12.2993
0.00125064
0.0648851
-0.00280385
0
00:47:730: <MSG>: 
22.942
12.3083
0.260885
0.121432
12.2988
0.00167852
0.063447
-0.00520544
0
00:47:739: <MSG>: 
22.942
12.3011
0.259693
0.121255
12.2977
0.00171304
0.061765
-0.00778417
0
00:47:749: <MSG>: 
22.942
12.3011
0.259693
0.121079
12.2968
0.00178548
0.0599827
-0.0103624
0
00:47:758: <MSG>: 
22.942
12.2996
0.263865
0.120875
12.2988
0.00506487
0.0592935
-0.012902
0
00:47:767: <MSG>: 
22.942
12.2971
0.254498
0.120634
12.3
0.00799512
0.057819
-0.0160921
0
00:47:778: <MSG>: 
22.942
12.2953
0.252799
0.120347
12.3028
0.011414
0.0570991
-0.0195705
0
00:47:787: <MSG>: 
22.942
12.2937
0.306543
0.120387
12.3055
0.014349
0.0599123
-0.0180036
0
00:47:796: <MSG>: 
22.942
12.2937
0.306543
0.120127
12.3105
0.020513
0.0607066
-0.0207086
0
00:47:805: <MSG>: 
22.942
12.2879
0.289288
0.12016
12.316
0.0273008
0.0645926
-0.0188265
0
00:47:815: <MSG>: 
22.942
12.2673
0.317973
0.120471
12.3163
0.0293673
0.0700569
-0.0130425
0
00:47:824: <MSG>: 
22.942
12.2753
0.327352
0.120704
12.3223
0.0355807
0.0758936
-0.00817481
0
00:47:834: <MSG>: 
22.942
12.2807
0.324122
0.121347
12.3194
0.0311637
0.0810146
0.00281387
0
00:47:843: <MSG>: 
22.942
12.2807
0.324122
0.122005
12.3188
0.0292243
0.086021
0.0137823
0
00:47:853: <MSG>: 
22.942
12.283
0.269864
0.122315
12.3177
0.0261583
0.0886108
0.018776
0
00:47:862: <MSG>: 
22.942
12.2765
0.291363
0.122946
12.317
0.0237056
0.0911189
0.0282228
0
00:47:872: <MSG>: 
22.942
12.2746
0.310437
0.123177
12.3157
0.0214847
0.0940578
0.0319635
0
00:47:881: <MSG>: 
22.942
12.2746
0.310437
0.123271
12.3162
0.0208255
0.0954785
0.0332313
0
00:47:890: <MSG>: 
22.942
12.2788
0.299286
0.123516
12.3163
0.0195276
0.0960845
0.0363447
0
00:47:899: <MSG>: 
22.942
12.2864
0.314187
0.123735
12.3205
0.0239879
0.100562
0.0399488
0
00:47:908: <MSG>: 
22.942
12.298
0.328296
0.12382
12.3297
0.0340574
0.104441
0.0417407
0
00:47:917: <MSG>: 
22.942
12.2902
0.31354
0.124072
12.3367
0.042178
0.109017
0.045783
0
00:47:927: <MSG>: 
22.942
12.2902
0.31354
0.124298
12.3424
0.047696
0.113445
0.0493954
0
00:47:936: <MSG>: 
22.942
12.2853
0.31395
0.124575
12.348
0.0530035
0.117715
0.0535396
0
00:47:945: <MSG>: 
22.942
12.2836
0.32134
0.124801
12.3597
0.0653424
0.122576
0.0572735
0
00:47:954: <MSG>: 
22.942
12.2884
0.315279
0.124994
12.3736
0.0800378
0.12694
0.0603764
0
00:47:964: <MSG>: 
22.942
12.2884
0.315279
0.125198
12.3901
0.0981901
0.131153
0.0635377
0
00:47:973: <MSG>: 
22.942
12.2889
0.314925
0.125444
12.4058
0.115251
0.135173
0.0671473
0
00:47:983: <MSG>: 
22.942
12.2912
0.317426
0.125688
12.4262
0.137851
0.139227
0.0707403
0
00:47:992: <MSG>: 
22.942
12.2854
0.309858
0.125887
12.4456
0.158186
0.142654
0.0735473
0
00:48:002: <MSG>: 
22.942
12.2865
0.30678
0.126115
12.4158
0.121437
0.146113
0.0763288
0
00:48:011: <MSG>: 
22.942
12.2865
0.30678
0.126327
12.4439
0.152096
0.149644
0.0793673
0
00:48:019: <MSG>: 
22.942
12.289
0.323072
0.126384
12.445
0.152097
0.150335
0.079369
0
00:48:028: <MSG>: 
22.942
12.294
0.306225
0.126444
12.4463
0.152099
0.151081
0.0793707
0
00:48:037: <MSG>: 
22.942
12.3022
0.319345
0.126501
12.4475
0.1521
0.15179
0.0793721
0
00:48:045: <MSG>: 
22.942
12.3022
0.319345
0.126559
12.4488
0.152102
0.152511
0.0793739
0
00:48:054: <MSG>: 
22.942
12.3088
0.322906
0.126618
12.4502
0.152103
0.15325
0.0793753
0
00:48:064: <MSG>: 
22.942
12.3133
0.322342
0.126857
12.4328
0.13035
0.157459
0.0826079
0
00:48:073: <MSG>: 
22.942
12.3133
0.322342
0.127036
12.4143
0.108181
0.162069
0.0851863
0
00:48:082: <MSG>: 
22.942
12.3147
0.322346
0.127228
12.3966
0.0864053
0.166027
0.0877311
0
00:48:091: <MSG>: 
22.942
12.3205
0.324108
0.12708
12.3876
0.0742635
0.161385
0.082784
0
00:48:101: <MSG>: 
22.942
12.3213
0.320594
0.127125
12.3774
0.0608997
0.156385
0.0805014
0
00:48:110: <MSG>: 
22.942
12.3213
0.320594
0.126859
12.3706
0.0529085
0.152971
0.0744884
0
00:48:119: <MSG>: 
22.942
12.3248
0.321509
0.126699
12.3664
0.0475642
0.148919
0.0699488
0
00:48:128: <MSG>: 
22.942
12.3237
0.322594
0.126646
12.3613
0.0417205
0.145017
0.066922
0
00:48:137: <MSG>: 
22.942
12.3241
0.315811
0.126281
12.3634
0.0446143
0.14318
0.0604776
0
00:48:146: <MSG>: 
22.942
12.3185
0.316721
0.126112
12.3623
0.0431847
0.14026
0.0563572
0
00:48:155: <MSG>: 
22.942
12.3185
0.316721
0.126176
12.3587
0.038093
0.137062
0.0554152
0
00:48:164: <MSG>: 
22.942
12.3224
0.31558
0.126211
12.3542
0.0321145
0.133696
0.0539453
1
00:48:174: <MSG>: 
22.942
12.3203
0.313841
0.126427
12.346
0.023141
0.131476
0.0552973
0
00:48:183: <MSG>: 
22.942
12.3216
0.310235
0.12643
12.3421
0.0191423
0.129704
0.0539184
0
00:48:192: <MSG>: 
22.942
12.3216
0.310235
0.126588
12.3354
0.0111557
0.12777
0.0545894
0
00:48:202: <MSG>: 
22.942
12.3189
0.313023
0.126361
12.3348
0.011213
0.126155
0.050256
0
00:48:212: <MSG>: 
22.942
12.3165
0.310516
0.12632
12.3316
0.00790911
0.124746
0.0484771
0
00:48:221: <MSG>: 
22.942
12.316
0.313643
0.126181
12.331
0.00791651
0.123792
0.0456055
0
00:48:231: <MSG>: 
22.942
12.3147
0.310506
0.126228
12.3267
0.00356872
0.122914
0.0452582
0
00:48:240: <MSG>: 
22.942
12.3147
0.310506
0.126165
12.3251
0.00219987
0.122314
0.0435615
0
00:48:250: <MSG>: 
22.942
12.317
0.304692
0.125991
12.3265
0.00415939
0.121684
0.0404292
0
00:48:259: <MSG>: 
22.942
12.3062
0.303673
0.125715
12.3293
0.00896244
0.121203
0.0360703
0
00:48:269: <MSG>: 
22.942
12.3085
0.299248
0.125425
12.3338
0.0145445
0.120423
0.0315076
0
00:48:279: <MSG>: 
22.942
12.3175
0.292691
0.124923
12.3414
0.0230124
0.118188
0.0237505
0
00:48:288: <MSG>: 
22.942
12.3175
0.292691
0.124704
12.3493
0.0332307
0.119367
0.0209698
0
00:48:299: <MSG>: 
23.1397
12.2995
0.283722
0.124399
12.3577
0.0441449
0.164031
0.0171637
0
00:48:308: <MSG>: 
23.1397
12.2826
0.304967
0.124341
12.3578
0.0449747
0.164395
0.0163166
0
00:48:317: <MSG>: 
23.1397
12.2778
0.350498
0.124357
12.3616
0.049106
0.1673
0.0172988
0
00:48:326: <MSG>: 
23.1397
12.2928
0.319162
0.124709
12.3481
0.0318594
0.167369
0.0215907
0
00:48:336: <MSG>: 
23.1397
12.2928
0.319162
0.12533
12.343
0.0245569
0.172569
0.0300574
0
00:48:345: <MSG>: 
23.1397
12.2948
0.283749
0.125918
12.3387
0.0185503
0.175875
0.0374485
0
00:48:354: <MSG>: 
23.1397
12.2977
0.31776
0.126476
12.3347
0.0131371
0.178279
0.0440826
0
00:48:364: <MSG>: 
23.1397
12.29
0.317309
0.126791
12.3326
0.010391
0.179131
0.0473708
0
00:48:373: <MSG>: 
23.1397
12.29
0.317309
0.127384
12.3303
0.00689169
0.180673
0.0539996
0
00:48:382: <MSG>: 
23.1397
12.2945
0.303715
0.127918
12.3278
0.00258264
0.181321
0.0595868
0
00:48:391: <MSG>: 
23.1397
12.2987
0.342104
0.12858
12.3232
-0.00276673
0.182876
0.0668206
0
00:48:401: <MSG>: 
23.1397
12.3047
0.322415
0.129372
12.3212
-0.00637307
0.182903
0.0749253
0
00:48:410: <MSG>: 
23.1397
12.2916
0.332956
0.130079
12.3162
-0.0116139
0.184769
0.0825299
0
00:48:420: <MSG>: 
23.1397
12.2916
0.332956
0.129957
12.3247
-0.00214648
0.186178
0.0802168
0
00:48:429: <MSG>: 
23.1397
12.2963
0.321919
0.129719
12.3389
0.0131739
0.187252
0.0763317
0
00:48:438: <MSG>: 
23.1397
12.2951
0.334492
0.129564
12.352
0.0281053
0.188459
0.0736822
0
00:48:449: <MSG>: 
23.1397
12.297
0.3071
0.129379
12.3636
0.0396333
0.188661
0.0700295
0
00:48:458: <MSG>: 
23.1397
12.297
0.3071
0.129132
12.3802
0.05771
0.189262
0.0661059
0
00:48:467: <MSG>: 
23.1397
12.2964
0.321119
0.129061
12.3965
0.0764938
0.19003
0.0646035
0
00:48:476: <MSG>: 
23.1397
12.2971
0.311463
0.128945
12.4123
0.093507
0.190234
0.0623334
0
00:48:485: <MSG>: 
23.1397
12.2952
0.307274
0.128835
12.4327
0.115592
0.190706
0.0603132
0
00:48:494: <MSG>: 
23.1397
12.2915
0.313675
0.128693
12.4007
0.079185
0.19176
0.0577739
0
00:48:502: <MSG>: 
23.1397
12.2915
0.313675
0.128736
12.4013
0.0791787
0.192127
0.0577696
0
00:48:511: <MSG>: 
23.1397
12.2999
0.303155
0.128788
12.4024
0.0791723
0.192612
0.0577652
0
00:48:520: <MSG>: 
23.1397
12.303
0.304873
0.128835
12.4024
0.0791662
0.192969
0.057761
0
00:48:529: <MSG>: 
23.1397
12.3112
0.304983
0.128884
12.4038
0.0791599
0.19346
0.0577567
0
00:48:537: <MSG>: 
23.1397
12.3112
0.304983
0.128931
12.4044
0.0791534
0.193857
0.0577523
0
00:48:547: <MSG>: 
23.1397
12.3076
0.316149
0.128973
12.3931
0.0667512
0.195119
0.057787
0
00:48:557: <MSG>: 
23.1397
12.3098
0.297192
0.128873
12.378
0.0483668
0.195188
0.0555288
0
00:48:566: <MSG>: 
23.1397
12.3094
0.305162
0.128807
12.3662
0.0343701
0.195283
0.0538637
0
00:48:576: <MSG>: 
23.1397
12.3094
0.305162
0.127401
12.3535
0.0200984
0.181116
0.0329253
0
00:48:586: <MSG>: 
23.1397
12.3126
0.301745
0.126102
12.3455
0.0117656
0.169701
0.0142932
0
00:48:595: <MSG>: 
23.1397
12.3106
0.301881
0.125264
12.3381
0.00321921
0.159421
0.00142392
0
00:48:605: <MSG>: 
23.1397
12.3076
0.301199
0.124577
12.3304
-0.00521918
0.150506
-0.00918935
0
00:48:614: <MSG>: 
23.1397
12.3091
0.302174
0.123787
12.3264
-0.00960009
0.140942
-0.0210303
0
00:48:623: <MSG>: 
23.1397
12.3091
0.302174
0.122952
12.3224
-0.013333
0.132684
-0.0328681
0
00:48:633: <MSG>: 
23.1397
12.3061
0.294592
0.122239
12.3165
-0.0199915
0.124282
-0.0432486
0
00:48:642: <MSG>: 
23.1397
12.3071
0.294506
0.122031
12.3079
-0.0307835
0.117684
-0.0471555
0
00:48:652: <MSG>: 
23.1397
12.3026
0.294736
0.122011
12.2996
-0.0407764
0.119621
-0.0462342
1
00:48:662: <MSG>: 
23.1397
12.3026
0.294736
0.122031
12.2922
-0.0498923
0.121713
-0.044739
0
00:48:671: <MSG>: 
23.1397
12.3028
0.291445
0.122022
12.2852
-0.0587561
0.123729
-0.0436921
0
00:48:681: <MSG>: 
23.1397
12.3041
0.293388
0.12202
12.2779
-0.0671361
0.125529
-0.0426447
0
00:48:691: <MSG>: 
23.1397
12.3065
0.286848
0.121931
12.2717
-0.0749598
0.127055
-0.0427956
0
00:48:700: <MSG>: 
23.1397
12.3024
0.287392
0.12187
12.265
-0.0824545
0.128868
-0.0425313
0
00:48:713: <MSG>: 
23.1397
12.3024
0.287392
0.121901
12.2597
-0.0882455
0.130323
-0.0409314
0
00:48:722: <MSG>: 
23.1397
12.2994
0.284594
0.122009
12.2561
-0.0925033
0.131486
-0.0385796
0
00:48:732: <MSG>: 
23.1397
12.2972
0.288898
0.12215
12.2521
-0.0973924
0.133174
-0.0356838
0
00:48:741: <MSG>: 
23.1397
12.2961
0.27439
0.1222
12.2485
-0.101708
0.134146
-0.0342621
0
00:48:751: <MSG>: 
23.1397
12.2941
0.286628
0.122303
12.2451
-0.105603
0.136019
-0.0318588
0
00:48:760: <MSG>: 
23.1397
12.2924
0.273623
0.122272
12.2417
-0.109318
0.136807
-0.0316076
0
00:48:770: <MSG>: 
23.1397
12.2924
0.273623
0.122476
12.2403
-0.110776
0.136949
-0.0284358
0
00:48:779: <MSG>: 
23.1397
12.2939
0.285945
0.1228
12.2399
-0.111076
0.137584
-0.0235521
0
00:48:788: <MSG>: 
23.1397
12.2923
0.280801
0.122952
12.2383
-0.112465
0.137997
-0.0211019
0
00:48:798: <MSG>: 
23.1397
12.2923
0.284972
0.122988
12.2359
-0.115165
0.138743
-0.0201377
0
00:48:808: <MSG>: 
23.1397
12.2903
0.279283
0.123192
12.235
-0.11631
0.13852
-0.0172543
0
00:48:817: <MSG>: 
23.1397
12.2903
0.279283
0.123507
12.2347
-0.11676
0.138615
-0.012847
0
00:48:827: <MSG>: 
23.1397
12.2871
0.280386
0.124015
12.2354
-0.116192
0.138125
-0.00617827
0
00:48:836: <MSG>: 
23.1397
12.2875
0.27562
0.124337
12.2348
-0.116654
0.136993
-0.00226229
0
00:48:845: <MSG>: 
23.1397
12.2875
0.277626
0.12471
12.2351
-0.116118
0.13509
0.00199547
0
00:48:855: <MSG>: 
23.1397
12.2886
0.283227
0.124746
12.234
-0.116852
0.133002
0.00171642
0
00:48:865: <MSG>: 
23.1397
12.2886
0.283227
0.124941
12.2326
-0.117701
0.131433
0.00365811
0
00:48:874: <MSG>: 
23.1397
12.2897
0.28095
0.124815
12.2311
-0.118294
0.129981
0.00146745
0
00:48:884: <MSG>: 
23.1397
12.287
0.28149
0.124845
12.2301
-0.118976
0.126475
0.000677635
0
00:48:893: <MSG>: 
23.1397
12.286
0.278346
0.124202
12.2394
-0.105429
0.123254
-0.00708271
0
00:48:903: <MSG>: 
23.1397
12.2856
0.285334
0.123851
12.2447
-0.0965556
0.121234
-0.0113485
0
00:48:912: <MSG>: 
23.1397
12.2856
0.285334
0.123362
12.2565
-0.0804059
0.119235
-0.0170145
0
00:48:922: <MSG>: 
23.1397
12.2858
0.277585
0.122893
12.2683
-0.0647157
0.116951
-0.0225266
0
00:48:931: <MSG>: 
23.1397
12.2831
0.285767
0.122558
12.2797
-0.0491796
0.11565
-0.0262396
0
00:48:941: <MSG>: 
23.1397
12.2862
0.275575
0.122116
12.2994
-0.0243855
0.114374
-0.0310371
0
00:48:950: <MSG>: 
23.1397
12.2812
0.282086
0.121895
12.3144
-0.00501975
0.113768
-0.0331942
0
00:48:960: <MSG>: 
23.1397
12.2812
0.282086
0.121548
12.2711
-0.0514148
0.114495
-0.0367748
0
00:48:969: <MSG>: 
23.1397
12.2809
0.279155
0.121269
12.232
-0.0934911
0.115009
-0.0396132
0
00:48:978: <MSG>: 
23.1397
12.2817
0.282822
0.12119
12.2536
-0.0668739
0.115233
-0.0397964
0
00:48:988: <MSG>: 
23.1397
12.2845
0.283948
0.121117
12.2758
-0.0403202
0.115541
-0.0398808
0
00:48:997: <MSG>: 
23.1397
12.2845
0.283948
0.121073
12.2485
-0.0708444
0.116636
-0.0397626
0
00:49:006: <MSG>: 
23.1397
12.2866
0.280995
0.121
12.2255
-0.0963912
0.11747
-0.040043
0
00:49:016: <MSG>: 
23.1397
12.2862
0.282746
0.120933
12.2017
-0.122179
0.118458
-0.0401813
0
00:49:025: <MSG>: 
23.1397
12.2812
0.282067
0.120852
12.1805
-0.145142
0.119402
-0.0404893
0
00:49:035: <MSG>: 
23.1397
12.2722
0.282158
0.12064
12.1576
-0.169567
0.120656
-0.042262
0
00:49:044: <MSG>: 
23.1397
12.2722
0.282158
0.120372
12.134
-0.194792
0.122311
-0.044589
0
00:49:054: <MSG>: 
23.1397
12.2782
0.27618
0.120041
12.1107
-0.219644
0.123648
-0.0477369
0
00:49:063: <MSG>: 
23.1397
12.2758
0.282968
0.11976
12.0868
-0.245543
0.125589
-0.0501083
0
00:49:073: <MSG>: 
23.1397
12.2751
0.277914
0.119561
12.0694
-0.264429
0.126952
-0.0515724
0
00:49:082: <MSG>: 
23.1397
12.2654
0.281482
0.119495
12.0557
-0.278702
0.128432
-0.0513609
0
00:49:091: <MSG>: 
23.1397
12.2654
0.281482
0.118484
12.0725
-0.252798
0.121862
-0.0680004
0
00:49:100: <MSG>: 
23.1397
12.2528
0.274843
0.117648
12.0868
-0.231372
0.114915
-0.0817064
0
00:49:110: <MSG>: 
23.1397
12.2316
0.275541
0.117159
12.097
-0.215926
0.109421
-0.0894508
0
00:49:119: <MSG>: 
23.1397
12.2039
0.275834
0.116583
12.1068
-0.200938
0.103479
-0.0984684
0
00:49:128: <MSG>: 
23.1397
12.2039
0.275834
0.116196
12.1172
-0.185997
0.0988796
-0.104199
0
00:49:138: <MSG>: 
23.1397
12.183
0.276365
0.116057
12.1245
-0.176153
0.0948832
-0.105723
1
00:49:147: <MSG>: 
23.1397
12.1633
0.278011
0.115641
12.132
-0.165191
0.0901898
-0.111684
0
00:49:156: <MSG>: 
23.1397
12.1643
0.272971
0.115116
12.1423
-0.151588
0.0862427
-0.119008
0
00:49:167: <MSG>: 
23.1397
12.1643
0.274048
0.114701
12.1512
-0.139026
0.0831778
-0.124085
0
00:49:176: <MSG>: 
23.1397
12.1643
0.274048
0.114639
12.1552
-0.13395
0.0796491
-0.124105
0
00:49:185: <MSG>: 
23.1397
12.1744
0.261931
0.114767
12.1552
-0.134119
0.07671
-0.121114
0
00:49:195: <MSG>: 
23.1397
12.1731
0.267323
0.11491
12.1534
-0.13515
0.0739452
-0.118023
0
00:49:205: <MSG>: 
23.1397
12.177
0.259558
0.114861
12.1555
-0.131824
0.0713054
-0.117583
0
00:49:214: <MSG>: 
23.1397
12.1758
0.264103
0.114887
12.1565
-0.129555
0.0693561
-0.116045
0
00:49:223: <MSG>: 
23.1397
12.1758
0.264103
0.114645
12.1636
-0.119513
0.0685
-0.118064
0
00:49:233: <MSG>: 
23.1397
12.1803
0.257974
0.11448
12.1681
-0.114022
0.0668605
-0.119138
0
00:49:242: <MSG>: 
23.1397
12.1839
0.270103
0.114284
12.1744
-0.105877
0.066292
-0.120374
0
00:49:251: <MSG>: 
23.1397
12.2026
0.29827
0.114156
12.181
-0.0979051
0.0663913
-0.120404
0
00:49:261: <MSG>: 
23.1397
12.2026
0.29827
0.114288
12.1871
-0.0900182
0.0691633
-0.11582
0
00:49:270: <MSG>: 
23.1397
12.1864
0.254882
0.114078
12.1978
-0.0760634
0.0705688
-0.116698
0
00:49:280: <MSG>: 
23.1397
12.1699
0.286444
0.114088
12.2048
-0.0673357
0.0727469
-0.114091
0
00:49:289: <MSG>: 
23.1397
12.1785
0.307795
0.114226
12.2102
-0.0607437
0.0760675
-0.109406
0
00:49:298: <MSG>: 
23.1397
12.1924
0.247222
0.114842
12.2008
-0.0724921
0.078018
-0.0984807
0
00:49:308: <MSG>: 
23.1397
12.1924
0.247222
0.114812
12.2107
-0.0600496
0.0807743
-0.0965642
0
00:49:318: <MSG>: 
23.1397
12.1974
0.233362
0.115351
12.2105
-0.0615815
0.0847943
-0.0876662
0
00:49:328: <MSG>: 
23.1397
12.1925
0.279306
0.115839
12.2083
-0.0637369
0.0895059
-0.0793024
0
00:49:337: <MSG>: 
23.1397
12.1947
0.266253
0.116171
12.209
-0.0636806
0.0922278
-0.0735887
0
00:49:346: <MSG>: 
23.1397
12.1878
0.266875
0.116789
12.2067
-0.065877
0.0961345
-0.0640955
0
00:49:357: <MSG>: 
23.1397
12.1878
0.266875
0.117146
12.2062
-0.0663705
0.0989695
-0.0580659
0
00:49:366: <MSG>: 
23.1397
12.2037
0.291803
0.117381
12.2062
-0.0666527
0.100657
-0.0540583
0
00:49:375: <MSG>: 
23.1397
12.2062
0.278787
0.117844
12.2079
-0.0640242
0.102714
-0.047155
0
00:49:385: <MSG>: 
23.1397
12.2068
0.270181
0.118282
12.2103
-0.0609499
0.102505
-0.0413337
0
00:49:394: <MSG>: 
23.1397
12.2043
0.276824
0.118168
12.2245
-0.0450706
0.105558
-0.0413421
0
00:49:404: <MSG>: 
23.1397
12.2043
0.276824
0.118055
12.2405
-0.0266778
0.108548
-0.0413151
0
00:49:413: <MSG>: 
23.1397
12.1998
0.276875
0.118125
12.2527
-0.0125348
0.111534
-0.0386707
0
00:49:422: <MSG>: 
23.1397
12.1971
0.270589
0.118253
12.2613
-0.00387371
0.114281
-0.0353684
0
00:49:431: <MSG>: 
23.1397
12.1974
0.280594
0.118478
12.2687
0.00435512
0.117412
-0.0305798
0
00:49:441: <MSG>: 
23.1397
12.1974
0.280594
0.118475
12.2875
0.0255659
0.120705
-0.0289834
0
00:49:450: <MSG>: 
23.1397
12.2074
0.269952
0.118679
12.2999
0.0389381
0.12364
-0.0246837
0
00:49:459: <MSG>: 
23.1397
12.2044
0.266513
0.118813
12.3177
0.0598263
0.126476
-0.0213561
0
00:49:468: <MSG>: 
23.1397
12.2081
0.269091
0.118789
12.3183
0.059833
0.126438
-0.0213586
0
00:49:477: <MSG>: 
23.1397
12.2065
0.265935
0.118767
12.3185
0.0598396
0.126351
-0.021361
0
00:49:486: <MSG>: 
23.1397
12.2065
0.265935
0.118744
12.3191
0.059846
0.126296
-0.0213634
0
00:49:494: <MSG>: 
23.1397
12.2133
0.260275
0.118722
12.3198
0.0598527
0.126282
-0.0213659
0
00:49:504: <MSG>: 
23.1397
12.2201
0.266156
0.118698
12.3203
0.0598584
0.126233
-0.021368
0
00:49:513: <MSG>: 
23.1397
12.2293
0.263141
0.118676
12.3208
0.0598651
0.126209
-0.0213705
0
00:49:522: <MSG>: 
23.1397
12.2293
0.263141
0.118865
12.303
0.0405117
0.128944
-0.0176376
0
00:49:531: <MSG>: 
23.1397
12.2375
0.258515
0.118924
12.2783
0.0123112
0.132198
-0.0156905
0
00:49:540: <MSG>: 
23.1397
12.2388
0.263134
0.118971
12.2588
-0.009859
0.135173
-0.01395
0
00:49:550: <MSG>: 
23.1397
12.2423
0.260429
0.118966
12.2414
-0.0299556
0.137384
-0.0131746
0
00:49:559: <MSG>: 
23.1397
12.2423
0.260429
0.118894
12.224
-0.04939
0.140521
-0.0130288
0
00:49:568: <MSG>: 
23.1397
12.241
0.255871
0.118876
12.2232
-0.0493976
0.14061
-0.0130307
0
00:49:577: <MSG>: 
23.1397
12.2441
0.255311
0.118857
12.2231
-0.0494054
0.140704
-0.0130328
0
00:49:586: <MSG>: 
23.1397
12.2401
0.258266
0.118872
12.2242
-0.0469117
0.132627
-0.0151683
0
00:49:596: <MSG>: 
23.1397
12.2401
0.258266
0.118677
12.2272
-0.0422283
0.125434
-0.0193812
0
00:49:605: <MSG>: 
23.1397
12.2398
0.246698
0.118399
12.2319
-0.0357263
0.118898
-0.0242903
0
00:49:614: <MSG>: 
23.1397
12.2344
0.254979
0.118006
12.2367
-0.0282754
0.11282
-0.0302958
0
00:49:624: <MSG>: 
23.1397
12.2335
0.24797
0.117636
12.2417
-0.0212517
0.106037
-0.0361715
0
00:49:633: <MSG>: 
23.1397
12.2335
0.24797
0.117412
12.2443
-0.0176679
0.100386
-0.0399477
0
00:49:643: <MSG>: 
23.1397
12.2296
0.2524
0.117326
12.2444
-0.0171853
0.0953963
-0.0419254
0
00:49:653: <MSG>: 
23.1397
12.2324
0.243121
0.117654
12.2388
-0.0234752
0.09186
-0.038689
1
00:49:663: <MSG>: 
23.1397
12.2335
0.250355
0.117978
12.234
-0.0286862
0.0893879
-0.0352234
0
00:49:672: <MSG>: 
23.1397
12.2308
0.242249
0.118128
12.2302
-0.032332
0.0862467
-0.0340622
0
00:49:681: <MSG>: 
23.1397
12.2308
0.242249
0.118024
12.2302
-0.0311537
0.0833101
-0.0357405
0
00:49:690: <MSG>: 
23.1397
12.2297
0.245685
0.117973
12.2297
-0.0306925
0.0805602
-0.0367362
0
00:49:699: <MSG>: 
23.1397
12.2278
0.242524
0.117783
12.2308
-0.0279327
0.0776926
-0.0393512
0
00:49:709: <MSG>: 
23.1397
12.2297
0.241236
0.117588
12.2342
-0.0225717
0.0761466
-0.0416093
0
00:49:717: <MSG>: 
23.1397
12.2297
0.241236
0.11741
12.2362
-0.019368
0.0746119
-0.0436712
0
00:49:727: <MSG>: 
23.1397
12.2309
0.241322
0.117247
12.2378
-0.0165973
0.0729626
-0.0455562
0
00:49:736: <MSG>: 
23.1397
12.2333
0.239482
0.117112
12.2398
-0.0134984
0.0716735
-0.0469902
0
00:49:745: <MSG>: 
23.1397
12.2328
0.243187
0.117013
12.2413
-0.0109228
0.0705012
-0.047933
0
00:49:754: <MSG>: 
23.1397
12.2288
0.232796
0.116805
12.2454
-0.00527395
0.0694096
-0.0501266
0
00:49:764: <MSG>: 
23.1397
12.2288
0.232796
0.116291
12.251
0.00214521
0.0657228
-0.0566934
0
00:49:774: <MSG>: 
23.1397
12.2424
0.259619
0.116097
12.258
0.0101385
0.0658039
-0.0582833
0
00:49:783: <MSG>: 
23.1083
12.2208
0.209282
0.115986
12.2613
0.0152638
0.0583556
-0.0590135
0
00:49:793: <MSG>: 
23.1083
12.2168
0.240457
0.116001
12.2627
0.0173693
0.0591886
-0.0578018
0
00:49:802: <MSG>: 
23.1083
12.2168
0.240457
0.115745
12.2703
0.0262453
0.0595382
-0.0600479
0
00:49:812: <MSG>: 
23.1083
12.2198
0.267704
0.116202
12.2582
0.0116243
0.0609666
-0.05328
0
00:49:821: <MSG>: 
23.1083
12.2301
0.226027
0.115973
12.2668
0.0210107
0.0613006
-0.0553327
0
00:49:830: <MSG>: 
23.1083
12.2307
0.194066
0.116165
12.2698
0.0232009
0.0619644
-0.0515093
0
00:49:840: <MSG>: 
23.1083
12.2296
0.23679
0.116542
12.2733
0.0263467
0.0628754
-0.0449753
0
00:49:849: <MSG>: 
23.1083
12.2296
0.23679
0.116836
12.2793
0.032173
0.0631608
-0.0399459
0
00:49:858: <MSG>: 
23.1083
12.2284
0.237122
0.117146
12.2818
0.0343268
0.0643321
-0.0345724
0
00:49:867: <MSG>: 
23.1083
12.2259
0.217038
0.117461
12.2853
0.0371719
0.064797
-0.0294231
0
00:49:877: <MSG>: 
23.1083
12.2381
0.248366
0.117685
12.2874
0.0380618
0.0656387
-0.0255959
0
00:49:886: <MSG>: 
23.1083
12.2416
0.233463
0.117987
12.2876
0.0373985
0.0648949
-0.0212071
0
00:49:895: <MSG>: 
23.1083
12.2416
0.233463
0.118193
12.2887
0.0376947
0.0662476
-0.0176107
0
00:49:904: <MSG>: 
23.1083
12.2414
0.232711
0.117764
12.3065
0.0573668
0.0672142
-0.0222266
0
00:49:914: <MSG>: 
23.1083
12.2402
0.236262
0.117509
12.3216
0.0737289
0.0681991
-0.0246903
0
00:49:923: <MSG>: 
23.1083
12.2428
0.240622
0.117297
12.3377
0.0913638
0.0695014
-0.0265063
0
00:49:932: <MSG>: 
23.1083
12.2428
0.240622
0.117105
12.3533
0.107421
0.0708188
-0.0280779
0
00:49:941: <MSG>: 
23.1083
12.2381
0.229665
0.11708
12.3658
0.119713
0.0722152
-0.0275537
0
00:49:951: <MSG>: 
23.1083
12.2354
0.242662
0.117031
12.3812
0.136131
0.0738213
-0.0272203
0
00:49:960: <MSG>: 
23.1083
12.2447
0.23141
0.116906
12.4024
0.158754
0.0750796
-0.0279584
0
00:49:969: <MSG>: 
23.1083
12.2447
0.23141
0.116868
12.426
0.18433
0.0773333
-0.0272494
0
00:49:978: <MSG>: 
23.1083
12.2445
0.22826
0.117009
12.4402
0.199232
0.0787415
-0.0245958
0
00:49:987: <MSG>: 
23.1083
12.2524
0.231071
0.117071
12.455
0.213334
0.0793719
-0.0232502
0
00:49:996: <MSG>: 
23.1083
12.2535
0.224815
0.117052
12.4565
0.213338
0.0791202
-0.023251
0
00:50:005: <MSG>: 
23.1083
12.2535
0.224815
0.117032
12.4584
0.213342
0.078913
-0.0232518
0
00:50:013: <MSG>: 
23.1083
12.265
0.220764
0.117013
12.4603
0.213347
0.0787623
-0.0232526
0
00:50:022: <MSG>: 
23.1083
12.2767
0.230801
0.116993
12.4622
0.213351
0.078585
-0.0232534
0
00:50:031: <MSG>: 
23.1083
12.2938
0.229768
0.116973
12.4642
0.213355
0.0784677
-0.0232542
0
00:50:041: <MSG>: 
23.1083
12.2938
0.229768
0.117021
12.4423
0.185954
0.0801192
-0.0219451
0
00:50:050: <MSG>: 
23.1083
12.306
0.224334
0.116983
12.4212
0.159958
0.0814228
-0.0218667
0
00:50:060: <MSG>: 
23.1083
12.3128
0.231434
0.116973
12.4029
0.137326
0.0832853
-0.0212111
0
00:50:069: <MSG>: 
23.1083
12.324
0.225631
0.116844
12.3837
0.113727
0.0851131
-0.0221317
0
00:50:079: <MSG>: 
23.1083
12.3217
0.224964
0.116728
12.3648
0.0910631
0.0869742
-0.0228538
0
00:50:088: <MSG>: 
23.1083
12.3217
0.224964
0.115283
12.3659
0.0947294
0.079474
-0.0455985
0
00:50:098: <MSG>: 
23.1083
12.3281
0.217854
0.114299
12.3675
0.0973374
0.0722124
-0.0612658
0
00:50:107: <MSG>: 
23.1083
12.3229
0.221932
0.1135
12.3669
0.0975506
0.0650327
-0.0740077
0
00:50:116: <MSG>: 
23.1083
12.3232
0.207116
0.112834
12.3678
0.0974545
0.0580063
-0.0845661
0
00:50:126: <MSG>: 
23.1083
12.3157
0.218388
0.112363
12.3671
0.0962827
0.0527272
-0.0916069
0
00:50:136: <MSG>: 
23.1083
12.3157
0.218388
0.111872
12.3683
0.0968367
0.0469483
-0.0988732
0
00:50:145: <MSG>: 
23.1083
12.3189
0.21294
0.111759
12.366
0.0921813
0.0421332
-0.100358
0
00:50:155: <MSG>: 
23.1083
12.316
0.216319
0.11184
12.3602
0.0839883
0.0373098
-0.0990664
1
00:50:165: <MSG>: 
23.1083
12.3175
0.211
0.111885
12.3552
0.0760337
0.0323032
-0.0983818
0
00:50:174: <MSG>: 
23.1083
12.3161
0.213361
0.112023
12.3485
0.0665558
0.028727
-0.0959989
0
00:50:184: <MSG>: 
23.1083
12.3161
0.213361
0.112198
12.3411
0.0563424
0.0254714
-0.0930798
0
00:50:193: <MSG>: 
23.1083
12.3159
0.211105
0.112196
12.3366
0.0504055
0.0227811
-0.0925407
0
00:50:203: <MSG>: 
23.1083
12.319
0.207834
0.112095
12.3347
0.0473544
0.0202951
-0.0933542
0
00:50:212: <MSG>: 
23.1083
12.3167
0.211502
0.111917
12.334
0.0468848
0.0183384
-0.0950653
0
00:50:222: <MSG>: 
23.1083
12.3167
0.211502
0.111785
12.3334
0.0459569
0.0167654
-0.0959918
0
00:50:231: <MSG>: 
23.1083
12.3164
0.206783
0.111678
12.3333
0.044943
0.0153821
-0.0965207
0
00:50:241: <MSG>: 
23.1083
12.3114
0.247986
0.111227
12.3364
0.0483386
0.0123304
-0.10228
0
00:50:250: <MSG>: 
23.1083
12.3138
0.218476
0.111101
12.338
0.0501582
0.0114276
-0.102767
0
00:50:260: <MSG>: 
23.1083
12.2844
0.221936
0.111269
12.3372
0.0504395
0.0138072
-0.0982718
0
00:50:270: <MSG>: 
23.1083
12.2844
0.221936
0.111163
12.3425
0.056704
0.0156156
-0.0978079
0
00:50:279: <MSG>: 
23.1818
12.2816
0.243287
0.111322
12.344
0.0575614
0.0344877
-0.0935042
0
00:50:288: <MSG>: 
23.1818
12.287
0.254232
0.112005
12.3293
0.0383628
0.0371669
-0.0820303
0
00:50:298: <MSG>: 
23.1818
12.2942
0.198953
0.111975
12.3318
0.0396938
0.0381734
-0.0809989
0
00:50:307: <MSG>: 
23.1818
12.2976
0.20375
0.111847
12.3408
0.0495426
0.0407794
-0.0808197
0
00:50:316: <MSG>: 
23.1818
12.2976
0.20375
0.111701
12.3489
0.0585374
0.0427468
-0.0811441
0
00:50:326: <MSG>: 
23.1818
12.296
0.231961
0.111847
12.3493
0.0592663
0.0451932
-0.0772476
0
00:50:335: <MSG>: 
23.1818
12.3013
0.211328
0.112228
12.3433
0.0501068
0.0490289
-0.0706669
0
00:50:345: <MSG>: 
23.1818
12.2941
0.218153
0.112816
12.3372
0.0421869
0.0533462
-0.061491
0
00:50:354: <MSG>: 
23.1818
12.3025
0.243269
0.112996
12.3308
0.0328828
0.0551465
-0.0580942
0
00:50:364: <MSG>: 
23.1818
12.3025
0.243269
0.11357
12.3269
0.0271942
0.0593485
-0.0492734
0
00:50:373: <MSG>: 
23.1818
12.2925
0.237744
0.113917
12.3215
0.0210384
0.062873
-0.0434802
0
00:50:382: <MSG>: 
23.1818
12.2974
0.235859
0.114008
12.319
0.0166475
0.0643351
-0.0414521
0
00:50:392: <MSG>: 
23.1818
12.2983
0.240029
0.114533
12.3158
0.0121997
0.0656864
-0.0342472
0
00:50:402: <MSG>: 
23.1818
12.2983
0.240029
0.114938
12.3135
0.00839739
0.0668216
-0.0286211
0
00:50:411: <MSG>: 
23.1818
12.3037
0.233325
0.115021
12.3241
0.0196103
0.0704822
-0.0259047
0
00:50:421: <MSG>: 
23.1818
12.2978
0.223609
0.115126
12.3332
0.0297462
0.0735222
-0.023054
0
00:50:430: <MSG>: 
23.1818
12.2964
0.231215
0.115091
12.3498
0.0487639
0.0766617
-0.0221571
0
00:50:439: <MSG>: 
23.1818
12.2977
0.229308
0.115217
12.3645
0.0650853
0.0802276
-0.0189091
0
00:50:448: <MSG>: 
23.1818
12.2944
0.223727
0.115378
12.3795
0.0822206
0.0837726
-0.0152109
0
00:50:457: <MSG>: 
23.1818
12.2944
0.223727
0.11539
12.4
0.10438
0.0871817
-0.0136487
0
00:50:466: <MSG>: 
23.1818
12.3013
0.229721
0.115377
12.4012
0.104385
0.0871679
-0.0136494
0
00:50:474: <MSG>: 
23.1818
12.3002
0.216004
0.115364
12.4018
0.10439
0.0870757
-0.0136502
0
00:50:483: <MSG>: 
23.1818
12.3002
0.216004
0.115351
12.4027
0.104395
0.0870093
-0.0136509
0
00:50:492: <MSG>: 
23.1818
12.3062
0.22599
0.115337
12.404
0.1044
0.0869942
-0.0136517
0
00:50:500: <MSG>: 
23.1818
12.3043
0.231794
0.115324
12.4047
0.104405
0.086907
-0.0136524
0
00:50:509: <MSG>: 
23.1818
12.3079
0.224888
0.11531
12.4059
0.10441
0.0868743
-0.0136532
0
00:50:519: <MSG>: 
23.1818
12.3079
0.224888
0.115411
12.3816
0.0775267
0.0902684
-0.0111571
0
00:50:528: <MSG>: 
23.1818
12.305
0.227237
0.115666
12.3632
0.0573622
0.0940605
-0.00644664
0
00:50:537: <MSG>: 
23.1818
12.3089
0.225515
0.115744
12.3405
0.030326
0.0974592
-0.00437345
0
00:50:547: <MSG>: 
23.1818
12.3113
0.228827
0.115807
12.3182
0.00423002
0.10109
-0.00246047
0
00:50:556: <MSG>: 
23.1818
12.3113
0.228827
0.116078
12.3027
-0.013935
0.105495
0.00249882
0
00:50:565: <MSG>: 
23.1818
12.3095
0.223182
0.116076
12.3025
-0.0139363
0.105622
0.00249905
0
00:50:574: <MSG>: 
23.1818
12.3069
0.222952
0.116073
12.3024
-0.0139375
0.105757
0.00249926
0
00:50:584: <MSG>: 
23.1818
12.3082
0.21813
0.114936
12.3031
-0.0106627
0.0943138
-0.0140743
0
00:50:593: <MSG>: 
23.1818
12.3039
0.218816
0.114298
12.301
-0.0123079
0.086257
-0.0236958
0
00:50:602: <MSG>: 
23.1818
12.3039
0.218816
0.113933
12.2978
-0.0155236
0.079452
-0.0296586
0
00:50:612: <MSG>: 
23.1818
12.2963
0.220129
0.113361
12.2971
-0.0155941
0.0713553
-0.0383278
0
00:50:621: <MSG>: 
23.1818
12.2981
0.225685
0.113048
12.2955
-0.0171067
0.0657605
-0.0431248
0
00:50:631: <MSG>: 
23.1818
12.2981
0.218632
0.112975
12.2901
-0.022962
0.0613187
-0.0447629
0
00:50:640: <MSG>: 
23.1818
12.2981
0.218632
0.112971
12.2851
-0.0286617
0.0570332
-0.0455416
0
00:50:649: <MSG>: 
23.1818
12.3037
0.222516
0.113219
12.2768
-0.0375275
0.0543042
-0.0429128
1
00:50:659: <MSG>: 
23.1818
12.3001
0.215613
0.113365
12.2698
-0.0450216
0.0516321
-0.0414867
0
00:50:668: <MSG>: 
23.1818
12.3003
0.214355
0.113261
12.2665
-0.0476737
0.0491261
-0.0429375
0
00:50:677: <MSG>: 
23.1818
12.2979
0.218171
0.113224
12.2623
-0.0513669
0.0467863
-0.043549
0
00:50:686: <MSG>: 
23.1818
12.2979
0.218171
0.113057
12.2604
-0.0520951
0.0445859
-0.0456601
0
00:50:696: <MSG>: 
23.1818
12.2969
0.215692
0.112757
12.2608
-0.0499973
0.0423773
-0.0492829
0
00:50:706: <MSG>: 
23.1818
12.2936
0.215572
0.112589
12.2602
-0.0490714
0.0412549
-0.0509734
0
00:50:715: <MSG>: 
23.1818
12.2964
0.210716
0.112391
12.2599
-0.0479514
0.0397267
-0.0531269
0
00:50:725: <MSG>: 
23.1818
12.2964
0.210716
0.112177
12.2611
-0.0449944
0.0389983
-0.0552441
0
00:50:734: <MSG>: 
23.1818
12.2987
0.214422
0.112152
12.2599
-0.0452065
0.0386783
-0.0549199
0
00:50:744: <MSG>: 
23.1818
12.2972
0.202147
0.112054
12.2575
-0.0474401
0.0374386
-0.0557868
0
00:50:753: <MSG>: 
23.1818
12.2923
0.215395
0.112037
12.255
-0.0500561
0.0369923
-0.0554358
0
00:50:762: <MSG>: 
23.1818
12.3023
0.220757
0.111293
12.2645
-0.0391387
0.0338177
-0.0647559
0
00:50:771: <MSG>: 
23.1818
12.3023
0.220757
0.110963
12.2745
-0.025927
0.0353043
-0.0675512
0
00:50:780: <MSG>: 
23.1818
12.2706
0.173018
0.110717
12.2799
-0.0181331
0.0357221
-0.0695464
0
00:50:790: <MSG>: 
23.0561
12.2555
0.216445
0.110705
12.2804
-0.015922
0.0102407
-0.0681813
0
00:50:800: <MSG>: 
23.0561
12.253
0.26022
0.110925
12.279
-0.0167811
0.013999
-0.0634324
0
00:50:810: <MSG>: 
23.0561
12.253
0.26022
0.110892
12.2877
-0.00622079
0.0184782
-0.0616243
0
00:50:819: <MSG>: 
23.0561
12.2561
0.205842
0.110703
12.2949
0.00101226
0.0203762
-0.0626408
0
00:50:828: <MSG>: 
23.0561
12.2568
0.191405
0.110828
12.2941
-0.00145449
0.0226076
-0.059554
0
00:50:838: <MSG>: 
23.0561
12.2637
0.228787
0.111523
12.2908
-0.00633846
0.0260323
-0.0472774
0
00:50:848: <MSG>: 
23.0561
12.267
0.216447
0.111916
12.288
-0.0109675
0.0279057
-0.0402005
0
00:50:858: <MSG>: 
23.0561
12.267
0.216447
0.112611
12.286
-0.0142587
0.0305523
-0.0286421
0
00:50:867: <MSG>: 
23.0561
12.2612
0.201914
0.112901
12.2844
-0.0166736
0.0327215
-0.0233647
0
00:50:876: <MSG>: 
23.0561
12.269
0.236195
0.113252
12.2857
-0.0166639
0.0333694
-0.0177214
0
00:50:885: <MSG>: 
23.0561
12.2669
0.229067
0.113161
12.2957
-0.00554859
0.0365169
-0.0176538
0
00:50:894: <MSG>: 
23.0561
12.2675
0.219
0.113224
12.3033
0.00236234
0.0396665
-0.0156502
0
00:50:903: <MSG>: 
23.0561
12.2675
0.219
0.113253
12.3133
0.0133896
0.0427151
-0.0141042
0
00:50:912: <MSG>: 
23.0561
12.268
0.223433
0.113356
12.3194
0.019211
0.0459242
-0.0116145
0
00:50:922: <MSG>: 
23.0561
12.2694
0.229156
0.113349
12.3326
0.0330015
0.0492148
-0.0104721
0
00:50:931: <MSG>: 
23.0561
12.2625
0.216298
0.113349
12.3464
0.0476814
0.0520765
-0.00936024
0
00:50:940: <MSG>: 
23.0561
12.2625
0.216298
0.113521
12.3571
0.0588977
0.0550684
-0.00605144
0
00:50:949: <MSG>: 
23.0561
12.2597
0.227311
0.113594
12.3758
0.0794595
0.0584771
-0.0038565
0
00:50:959: <MSG>: 
23.0561
12.2668
0.227114
0.113715
12.3956
0.101133
0.0618219
-0.00108
0
00:50:967: <MSG>: 
23.0561
12.2674
0.21991
0.113984
12.4087
0.114325
0.0652948
0.00358768
0
00:50:977: <MSG>: 
23.0561
12.2747
0.223316
0.114262
12.4256
0.131916
0.0689278
0.00838432
0
00:50:985: <MSG>: 
23.0561
12.2747
0.223316
0.114261
12.4267
0.131931
0.0691369
0.00838537
0
00:50:994: <MSG>: 
23.0561
12.2714
0.221424
0.114261
12.4275
0.131947
0.0692982
0.00838642
0
00:51:003: <MSG>: 
23.0561
12.2793
0.217064
0.11426
12.4289
0.13196
0.0695783
0.00838735
0
00:51:011: <MSG>: 
23.0561
12.2827
0.232651
0.11426
12.4299
0.131976
0.0697941
0.00838845
0
00:51:020: <MSG>: 
23.0561
12.2827
0.232651
0.114259
12.4311
0.131989
0.0700203
0.00838937
0
00:51:029: <MSG>: 
23.0561
12.2954
0.227489
0.114258
12.4327
0.132005
0.0703282
0.00839041
0
00:51:039: <MSG>: 
23.0561
12.3013
0.223036
0.114664
12.4128
0.108867
0.0747904
0.0148681
0
00:51:048: <MSG>: 
23.0561
12.3013
0.223036
0.114999
12.3904
0.081436
0.0785148
0.0200652
0
00:51:057: <MSG>: 
23.0561
12.3125
0.222736
0.115334
12.3739
0.0609373
0.0821804
0.0251989
0
00:51:067: <MSG>: 
23.0561
12.3155
0.229165
0.115599
12.3539
0.037063
0.0864704
0.0295227
0
00:51:076: <MSG>: 
23.0561
12.3146
0.216161
0.115789
12.3344
0.0137868
0.0897612
0.0325276
0
00:51:085: <MSG>: 
23.0561
12.3121
0.223852
0.114651
12.338
0.0211893
0.0835589
0.0138703
0
00:51:095: <MSG>: 
23.0561
12.3121
0.223852
0.113833
12.3411
0.0270213
0.0783767
0.000418892
0
00:51:104: <MSG>: 
23.0561
12.3113
0.224177
0.113277
12.3447
0.0324921
0.0742604
-0.00872815
0
00:51:113: <MSG>: 
23.0561
12.3132
0.223668
0.11276
12.3476
0.0359689
0.0703302
-0.0171239
0
00:51:123: <MSG>: 
23.0561
12.3091
0.222308
0.112606
12.3466
0.0344204
0.0671408
-0.0199474
0
00:51:132: <MSG>: 
23.0561
12.3091
0.222308
0.112642
12.345
0.0313966
0.0643663
-0.0199302
0
00:51:142: <MSG>: 
23.0561
12.3075
0.220078
0.112606
12.3426
0.0272299
0.0608105
-0.0211416
0
00:51:152: <MSG>: 
23.0561
12.3011
0.220959
0.112617
12.3413
0.0250735
0.0581895
-0.0213912
1
00:51:161: <MSG>: 
23.0561
12.3071
0.21903
0.112605
12.3426
0.0250281
0.0560238
-0.0218464
0
00:51:171: <MSG>: 
23.0561
12.3032
0.221917
0.11254
12.3424
0.0247162
0.0538954
-0.0230062
0
00:51:181: <MSG>: 
23.0561
12.3032
0.221917
0.113091
12.3322
0.0116934
0.0525698
-0.0154038
0
00:51:190: <MSG>: 
23.0561
12.3077
0.215441
0.113203
12.3302
0.00889513
0.0515191
-0.0139223
0
00:51:200: <MSG>: 
23.0561
12.306
0.220528
0.113342
12.327
0.005395
0.0504864
-0.0121011
0
00:51:209: <MSG>: 
23.0561
12.307
0.214901
0.113366
12.3266
0.00495931
0.0494401
-0.0119026
0
00:51:219: <MSG>: 
23.0561
12.3068
0.21363
0.113334
12.3276
0.00573578
0.0492012
-0.0122178
0
00:51:228: <MSG>: 
23.0561
12.3068
0.21363
0.113441
12.3258
0.00309421
0.0487785
-0.0106975
0
00:51:237: <MSG>: 
23.0561
12.3039
0.207261
0.113506
12.3233
0.000125597
0.0477493
-0.00996518
0
00:51:246: <MSG>: 
23.0561
12.3096
0.211279
0.11342
12.3267
0.00372931
0.0478299
-0.0109637
0
00:51:256: <MSG>: 
23.0561
12.3067
0.207925
0.113356
12.3293
0.00716694
0.047996
-0.0115895
0
00:51:265: <MSG>: 
23.0561
12.3067
0.207925
0.112673
12.3512
0.03403
0.0506473
-0.0198461
0
00:51:275: <MSG>: 
23.0561
12.3078
0.289016
0.112962
12.3544
0.0374066
0.0543836
-0.0144304
0
00:51:284: <MSG>: 
23.0561
12.294
0.232638
0.113243
12.3612
0.0447908
0.0595572
-0.00873823
0
00:51:295: <MSG>: 
23.3945
12.2934
0.240076
0.113394
12.368
0.0521958
0.135801
-0.00503152
0
00:51:304: <MSG>: 
23.3945
12.3098
0.277555
0.113629
12.3749
0.0589944
0.141116
-3.94869e-05
0
00:51:314: <MSG>: 
23.3945
12.3037
0.233951
0.114287
12.3664
0.0474256
0.145798
0.00927656
0
00:51:323: <MSG>: 
23.3945
12.3037
0.233951
0.115125
12.3603
0.0389263
0.151127
0.0208456
0
00:51:333: <MSG>: 
23.3945
12.2719
0.198603
0.115456
12.3506
0.0269814
0.153822
0.0253642
0
00:51:342: <MSG>: 
23.3945
12.2801
0.24018
0.115931
12.3422
0.016132
0.156923
0.0316462
0
00:51:352: <MSG>: 
23.3945
12.3034
0.262712
0.1164
12.3346
0.0064998
0.159093
0.0374601
0
00:51:361: <MSG>: 
23.3945
12.3034
0.262712
0.11716
12.3296
0.000173117
0.162047
0.0469696
0
00:51:371: <MSG>: 
23.3945
12.3083
0.221979
0.117491
12.3253
-0.0048283
0.162393
0.0503904
0
00:51:380: <MSG>: 
23.3945
12.3122
0.265362
0.117439
12.3354
0.00668459
0.164713
0.0497943
0
00:51:389: <MSG>: 
23.3945
12.3124
0.265714
0.117318
12.3505
0.0235447
0.167356
0.0483771
0
00:51:398: <MSG>: 
23.3945
12.3039
0.260627
0.117456
12.3572
0.0298153
0.170286
0.0506041
0
00:51:408: <MSG>: 
23.3945
12.3039
0.260627
0.117632
12.3636
0.0361396
0.173075
0.0532299
0
00:51:417: <MSG>: 
23.3945
12.2967
0.259907
0.117755
12.3731
0.0468135
0.175879
0.0552226
0
00:51:426: <MSG>: 
23.3945
12.3029
0.266023
0.117957
12.3812
0.0554699
0.178665
0.0581859
0
00:51:436: <MSG>: 
23.3945
12.3048
0.261968
0.11815
12.392
0.067259
0.181613
0.0610595
0
00:51:446: <MSG>: 
23.3945
12.3064
0.254773
0.118205
12.4127
0.0902336
0.184749
0.062083
0
00:51:455: <MSG>: 
23.3945
12.3064
0.254773
0.118314
12.4302
0.10996
0.187367
0.063714
0
00:51:464: <MSG>: 
23.3945
12.3029
0.262667
0.118488
12.4494
0.131953
0.190249
0.0663449
0
00:51:473: <MSG>: 
23.3945
12.3024
0.238776
0.118499
12.4721
0.156452
0.192018
0.0663447
0
00:51:482: <MSG>: 
23.3945
12.3061
0.261651
0.118523
12.5048
0.192746
0.19543
0.0671761
0
00:51:491: <MSG>: 
23.3945
12.3061
0.261651
0.118566
12.5065
0.192763
0.196114
0.0671828
0
00:51:499: <MSG>: 
23.3945
12.311
0.250857
0.118611
12.5082
0.19278
0.19684
0.0671895
0
00:51:508: <MSG>: 
23.3945
12.3108
0.25164
0.118656
12.5099
0.192794
0.197542
0.0671953
0
00:51:517: <MSG>: 
23.3945
12.3143
0.249087
0.1187
12.5113
0.192811
0.198214
0.067202
0
00:51:526: <MSG>: 
23.3945
12.3143
0.249087
0.118745
12.513
0.192826
0.198924
0.0672081
0
00:51:535: <MSG>: 
23.3945
12.3266
0.263194
0.119271
12.5173
0.196363
0.202078
0.0743743
0
00:51:544: <MSG>: 
23.3945
12.336
0.251756
0.119196
12.4923
0.167834
0.204572
0.0730926
0
00:51:554: <MSG>: 
23.3945
12.3488
0.254578
0.119314
12.4736
0.146089
0.207704
0.0745814
0
00:51:563: <MSG>: 
23.3945
12.3488
0.254578
0.119344
12.4526
0.120943
0.210179
0.0746927
0
00:51:572: <MSG>: 
23.3945
12.3575
0.260025
0.119263
12.4302
0.094628
0.212774
0.073427
0
00:51:582: <MSG>: 
23.3945
12.3624
0.247914
0.11926
12.4181
0.0773566
0.205663
0.0700811
0
00:51:590: <MSG>: 
23.3945
12.363
0.255113
0.119152
12.4085
0.0642522
0.199454
0.0659944
0
00:51:600: <MSG>: 
23.3945
12.363
0.255113
0.118862
12.4002
0.0541233
0.193582
0.0599763
0
00:51:609: <MSG>: 
23.3945
12.3618
0.247974
0.118461
12.3925
0.0454034
0.186993
0.0525818
0
00:51:618: <MSG>: 
23.3945
12.361
0.251759
0.118344
12.3856
0.0360561
0.180564
0.0485309
0
00:51:627: <MSG>: 
23.3945
12.3593
0.245134
0.117904
12.3827
0.0332013
0.17496
0.0411818
0
00:51:636: <MSG>: 
23.3945
12.3593
0.245134
0.117567
12.3798
0.0299647
0.168755
0.0348346
0
00:51:646: <MSG>: 
23.3945
12.3592
0.253106
0.117528
12.3755
0.0243918
0.164262
0.0324994
0
00:51:656: <MSG>: 
23.3945
12.3566
0.241821
0.117626
12.3677
0.0159927
0.160751
0.0320195
0
00:51:665: <MSG>: 
23.3945
12.3569
0.246699
0.117505
12.3639
0.0129247
0.157654
0.0292365
1
00:51:675: <MSG>: 
23.3945
12.3547
0.239779
0.117376
12.3597
0.00935926
0.153974
0.0261981
0
00:51:684: <MSG>: 
23.3945
12.3547
0.239779
0.117267
12.3551
0.00468264
0.150247
0.0234177
0
00:51:693: <MSG>: 
23.3945
12.3546
0.248982
0.117099
12.3543
0.00510534
0.148627
0.0206461
0
00:51:703: <MSG>: 
23.3945
12.3526
0.232017
0.11698
12.3511
0.00267418
0.146017
0.0181622
0
00:51:712: <MSG>: 
23.3945
12.3542
0.241207
0.116936
12.348
0.000117889
0.143932
0.0167332
0
00:51:722: <MSG>: 
23.3945
12.3542
0.241207
0.1169
12.3447
-0.00266499
0.141699
0.0153736
0
00:51:730: <MSG>: 
23.3945
12.3527
0.236232
0.116873
12.3413
-0.0056236
0.139553
0.0141562
0
00:51:740: <MSG>: 
23.3945
12.3492
0.236642
0.116809
12.3397
-0.00615036
0.138119
0.0127575
0
00:51:749: <MSG>: 
23.3945
12.3504
0.236424
0.116752
12.3381
-0.00657863
0.136548
0.0114092
0
00:51:758: <MSG>: 
23.3945
12.3434
0.280107
0.116033
12.3495
0.00720381
0.134908
0.00220971
0
00:51:767: <MSG>: 
23.3945
12.3434
0.280107
0.115851
12.3521
0.0110191
0.134686
-7.01267e-05
0
00:51:776: <MSG>: 
23.3945
12.3231
0.253277
0.115867
12.3541
0.0147172
0.136296
0.000650788
0
00:51:786: <MSG>: 
23.2983
12.3122
0.265295
0.116028
12.3563
0.0179914
0.119478
0.00365475
0
00:51:795: <MSG>: 
23.2983
12.3162
0.320973
0.116465
12.3553
0.0170533
0.12426
0.0104201
0
00:51:804: <MSG>: 
23.2983
12.3162
0.320973
0.116063
12.374
0.0405966
0.128732
0.00688626
0
00:51:814: <MSG>: 
23.2983
12.3234
0.363612
0.11657
12.3664
0.0310774
0.131084
0.0137358
0
00:51:823: <MSG>: 
23.2983
12.3052
0.27501
0.116796
12.3713
0.0363222
0.136108
0.0179971
0
00:51:832: <MSG>: 
23.2983
12.3043
0.284747
0.117577
12.3667
0.0302531
0.142159
0.0311667
0
00:51:841: <MSG>: 
23.2983
12.3043
0.284747
0.118029
12.3624
0.0241137
0.146117
0.0385379
0
00:51:851: <MSG>: 
23.2983
12.3144
0.333395
0.118737
12.3619
0.0220094
0.152102
0.0501658
0
00:51:860: <MSG>: 
23.2983
12.32
0.258783
0.119156
12.3605
0.0194497
0.155258
0.0564665
0
00:51:869: <MSG>: 
23.2983
12.3157
0.241201
0.119494
12.3577
0.0154934
0.158211
0.0614494
0
00:51:878: <MSG>: 
23.2983
12.3287
0.278531
0.120007
12.3574
0.0134442
0.16117
0.0687932
0
00:51:888: <MSG>: 
23.2983
12.3287
0.278531
0.12039
12.3552
0.0097309
0.161556
0.0732976
0
00:51:897: <MSG>: 
23.6111
12.3265
0.290758
0.120903
12.3519
0.00488459
0.227604
0.0801675
0
00:51:906: <MSG>: 
23.6111
12.3239
0.275171
0.121474
12.3482
-1.95577e-05
0.229242
0.0875585
0
00:51:915: <MSG>: 
23.6111
12.3258
0.297058
0.121839
12.349
0.00103677
0.232899
0.0919856
0
00:51:924: <MSG>: 
23.6111
12.3258
0.297058
0.121804
12.3589
0.0121122
0.23451
0.0909774
0
00:51:933: <MSG>: 
23.6111
12.3311
0.297695
0.121962
12.372
0.0270915
0.238305
0.0930881
0
00:51:943: <MSG>: 
23.6111
12.3235
0.283828
0.122064
12.3822
0.037595
0.241053
0.0940855
0
00:51:952: <MSG>: 
23.6111
12.3212
0.292079
0.122164
12.3944
0.0512214
0.243636
0.095059
0
00:51:961: <MSG>: 
23.6111
12.3212
0.292079
0.122216
12.4126
0.0712476
0.24641
0.0954993
0
00:51:970: <MSG>: 
23.6111
12.3266
0.290181
0.122313
12.4307
0.0910719
0.248753
0.096389
0
00:51:979: <MSG>: 
23.6111
12.3261
0.296072
0.122633
12.4043
0.0602079
0.251723
0.0997984
0
00:51:987: <MSG>: 
23.6111
12.327
0.297221
0.122705
12.4048
0.0602038
0.252458
0.0997919
0
00:51:996: <MSG>: 
23.6111
12.327
0.297221
0.122784
12.4053
0.0601996
0.253275
0.0997853
0
00:52:005: <MSG>: 
23.6111
12.3242
0.288682
0.122862
12.4058
0.0601953
0.254069
0.0997787
0
00:52:014: <MSG>: 
23.6111
12.3249
0.283159
0.122944
12.4063
0.0601916
0.254905
0.0997727
0
00:52:022: <MSG>: 
23.6111
12.332
0.288256
0.123022
12.4071
0.0601876
0.255751
0.0997665
0
00:52:032: <MSG>: 
23.6111
12.332
0.288256
0.123357
12.3973
0.0473881
0.257579
0.102973
0
00:52:042: <MSG>: 
23.6111
12.3284
0.291638
0.123297
12.3727
0.0182717
0.259313
0.101311
0
00:52:051: <MSG>: 
23.6111
12.3263
0.279517
0.123211
12.3515
-0.00744707
0.260828
0.0992778
0
00:52:060: <MSG>: 
23.6111
12.3251
0.298602
0.123259
12.334
-0.0281261
0.262964
0.0991776
0
00:52:069: <MSG>: 
23.6111
12.331
0.289665
0.123367
12.3218
-0.0433606
0.264306
0.0995464
0
00:52:079: <MSG>: 
23.6111
12.331
0.289665
0.123203
12.3007
-0.0691866
0.266018
0.0966425
0
00:52:088: <MSG>: 
23.6111
12.3267
0.291565
0.122335
12.3027
-0.0632764
0.259666
0.080841
0
00:52:097: <MSG>: 
23.6111
12.3277
0.289164
0.121654
12.3037
-0.0600932
0.253521
0.0680034
0
00:52:106: <MSG>: 
23.6111
12.3246
0.304013
0.120984
12.3049
-0.0567344
0.247396
0.0555663
0
00:52:116: <MSG>: 
23.6111
12.3246
0.304013
0.120546
12.3035
-0.0573067
0.241626
0.046688
0
00:52:125: <MSG>: 
23.6111
12.3214
0.290832
0.120084
12.3042
-0.0556697
0.236248
0.0378002
0
00:52:135: <MSG>: 
23.6111
12.3157
0.292541
0.119637
12.3063
-0.0522663
0.231807
0.0295395
0
00:52:145: <MSG>: 
23.6111
12.3124
0.286832
0.11922
12.3084
-0.0492692
0.226898
0.0217167
0
00:52:154: <MSG>: 
23.6111
12.3124
0.286832
0.119221
12.3052
-0.0538937
0.222424
0.0199401
1
00:52:164: <MSG>: 
23.6111
12.3151
0.284218
0.119543
12.2965
-0.0652806
0.218382
0.0227171
0
00:52:173: <MSG>: 
23.6111
12.3122
0.2811
0.119674
12.2896
-0.0729747
0.214589
0.0228841
0
00:52:183: <MSG>: 
23.6111
12.3168
0.278518
0.119836
12.2831
-0.0808165
0.210995
0.0235346
0
00:52:192: <MSG>: 
23.6111
12.3144
0.284755
0.119838
12.2789
-0.0846535
0.208262
0.0222645
0
00:52:202: <MSG>: 
23.6111
12.3144
0.284755
0.119739
12.2767
-0.0863209
0.205801
0.0197465
0
00:52:211: <MSG>: 
23.6111
12.3196
0.275836
0.119517
12.2771
-0.0852481
0.203156
0.0155673
0
00:52:221: <MSG>: 
23.6111
12.3184
0.28537
0.11936
12.2763
-0.0846656
0.200902
0.0124339
0
00:52:230: <MSG>: 
23.6111
12.3185
0.272341
0.119228
12.2756
-0.0844795
0.198729
0.00972087
0
00:52:240: <MSG>: 
23.6111
12.3092
0.279314
0.119087
12.276
-0.0823102
0.197645
0.00731464
0
00:52:249: <MSG>: 
23.6111
12.3092
0.279314
0.118942
12.2762
-0.0818087
0.196499
0.00484795
0
00:52:258: <MSG>: 
23.6111
12.3062
0.276696
0.118694
12.2794
-0.0777796
0.195515
0.0011005
0
00:52:268: <MSG>: 
23.6111
12.3003
0.280049
0.118595
12.2792
-0.0774594
0.19471
-0.000542762
0
00:52:277: <MSG>: 
23.6111
12.2929
0.267396
0.118366
12.2814
-0.0743869
0.193417
-0.00404436
0
00:52:286: <MSG>: 
23.6111
12.2924
0.269687
0.11807
12.2867
-0.0674111
0.192606
-0.00822331
0
00:52:295: <MSG>: 
23.6111
12.2924
0.269687
0.117776
12.292
-0.0606032
0.191729
-0.0123381
0
00:52:305: <MSG>: 
23.6111
12.2979
0.267203
0.117481
12.2974
-0.0534174
0.190642
-0.0164586
0
00:52:315: <MSG>: 
23.6111
12.3025
0.321801
0.117535
12.2999
-0.0513996
0.191923
-0.0151104
0
00:52:324: <MSG>: 
23.6111
12.2906
0.312272
0.117571
12.2987
-0.0513382
0.192853
-0.0141291
0
00:52:334: <MSG>: 
23.6111
12.2906
0.312272
0.118362
12.2963
-0.054437
0.20102
-0.00227969
0
00:52:343: <MSG>: 
23.6111
12.2916
0.313647
0.11911
12.2963
-0.0550713
0.206588
0.00811665
0
00:52:353: <MSG>: 
23.6111
12.2923
0.343629
0.119898
12.2949
-0.0571554
0.213016
0.0191347
0
00:52:362: <MSG>: 
23.6111
12.2935
0.327863
0.120534
12.294
-0.0584048
0.217187
0.0275163
0
00:52:371: <MSG>: 
23.0456
12.2847
0.291231
0.120669
12.2917
-0.0595763
0.0990903
0.0289219
0
00:52:381: <MSG>: 
23.0456
12.2847
0.291231
0.121145
12.2915
-0.0597427
0.100078
0.0343502
0
00:52:390: <MSG>: 
23.0456
12.2875
0.298994
0.121706
12.2924
-0.0587906
0.10069
0.0405688
0
00:52:399: <MSG>: 
23.0456
12.2888
0.334651
0.121944
12.2936
-0.0578607
0.104054
0.0443112
0
00:52:408: <MSG>: 
23.0456
12.2904
0.294095
0.121905
12.2996
-0.0517371
0.105289
0.0435374
0
00:52:417: <MSG>: 
23.0456
12.2922
0.325094
0.121891
12.315
-0.0345567
0.109588
0.0441833
0
00:52:426: <MSG>: 
23.0456
12.2922
0.325094
0.121933
12.3278
-0.0201858
0.112849
0.0452269
0
00:52:436: <MSG>: 
23.0456
12.2961
0.306185
0.121989
12.3403
-0.00565945
0.115303
0.0461747
0
00:52:445: <MSG>: 
23.0456
12.2949
0.302139
0.122097
12.3568
0.0136165
0.118918
0.0482664
0
00:52:454: <MSG>: 
23.0456
12.2934
0.288621
0.122225
12.3719
0.0314007
0.121533
0.0502312
0
00:52:464: <MSG>: 
23.0456
12.2934
0.288621
0.12237
12.3855
0.0462518
0.124066
0.0523687
0
00:52:473: <MSG>: 
23.0456
12.2935
0.302302
0.122384
12.4122
0.0756947
0.127328
0.0530346
0
00:52:482: <MSG>: 
23.0456
12.2952
0.294289
0.122429
12.4388
0.10572
0.129912
0.0539445
0
00:52:491: <MSG>: 
23.0456
12.3006
0.293838
0.122516
12.4055
0.0671772
0.132747
0.0550571
0
00:52:500: <MSG>: 
23.0456
12.3006
0.293838
0.122652
12.3818
0.0398556
0.134701
0.05665
0
00:52:509: <MSG>: 
23.0456
12.301
0.298498
0.122707
12.3549
0.00897984
0.1373
0.0572576
0
00:52:519: <MSG>: 
23.0456
12.3014
0.285696
0.122879
12.3338
-0.0158349
0.139785
0.0594278
0
00:52:527: <MSG>: 
23.0456
12.3013
0.294522
0.123062
12.3155
-0.0372965
0.142771
0.0619309
0
00:52:537: <MSG>: 
23.0456
12.3112
0.289381
0.123409
12.3128
-0.0403577
0.144799
0.0662969
0
00:52:545: <MSG>: 
23.0456
12.3112
0.289381
0.123457
12.3124
-0.0403567
0.145338
0.066295
0
00:52:554: <MSG>: 
23.0456
12.3182
0.289837
0.12351
12.3121
-0.0403557
0.145953
0.0662931
0
00:52:563: <MSG>: 
23.0456
12.3197
0.288627
0.123055
12.3031
-0.0501143
0.136833
0.0574157
0
00:52:573: <MSG>: 
23.0456
12.3197
0.288627
0.122568
12.2965
-0.0568607
0.128133
0.0484463
0
00:52:582: <MSG>: 
23.0456
12.3147
0.294762
0.12223
12.29
-0.0634622
0.121024
0.0417927
0
00:52:591: <MSG>: 
23.0456
12.3072
0.286683
0.121629
12.2849
-0.0676299
0.112733
0.0318865
0
00:52:601: <MSG>: 
23.0456
12.3078
0.291935
0.121287
12.2793
-0.0726509
0.105402
0.0252789
0
00:52:610: <MSG>: 
23.0456
12.3163
0.29352
0.120842
12.2773
-0.0727966
0.099535
0.0180783
0
00:52:619: <MSG>: 
23.0456
12.3163
0.29352
0.120364
12.2765
-0.0718095
0.0938367
0.0106409
0
00:52:629: <MSG>: 
23.0456
12.3173
0.287922
0.120021
12.2751
-0.0719637
0.0884225
0.00489316
0
00:52:638: <MSG>: 
23.0456
12.3161
0.2904
0.119908
12.2717
-0.0747689
0.0837885
0.00207305
0
00:52:647: <MSG>: 
23.0456
12.3112
0.289386
0.120213
12.2624
-0.0847496
0.0807911
0.00454442
1
00:52:656: <MSG>: 
23.0456
12.3112
0.289386
0.120178
12.2578
-0.0880425
0.0780762
0.00319001
0
00:52:665: <MSG>: 
23.0456
12.3113
0.294604
0.120174
12.2531
-0.0914643
0.0755588
0.00227594
0
00:52:674: <MSG>: 
23.0456
12.3109
0.289056
0.120024
12.2502
-0.0924925
0.0727197
-0.000414892
0
00:52:683: <MSG>: 
23.0456
12.3117
0.297288
0.119989
12.2465
-0.0951199
0.0709481
-0.00142829
0
00:52:692: <MSG>: 
23.0456
12.3117
0.297288
0.120306
12.2432
-0.0996465
0.0757956
0.00449876
0
00:52:702: <MSG>: 
23.0456
12.3133
0.287427
0.120572
12.2412
-0.102585
0.0800181
0.00939766
0
00:52:711: <MSG>: 
23.0456
12.3088
0.288174
0.120768
12.2392
-0.105001
0.0838557
0.0131307
0
00:52:721: <MSG>: 
23.0456
12.3109
0.284198
0.120924
12.2383
-0.106322
0.0875053
0.0161966
0
00:52:730: <MSG>: 
23.0456
12.3052
0.282157
0.121238
12.2375
-0.10656
0.0911707
0.0214289
0
00:52:740: <MSG>: 
23.0456
12.3052
0.282157
0.121269
12.2363
-0.107603
0.0948273
0.0226359
0
00:52:749: <MSG>: 
23.0456
12.3053
0.281893
0.121459
12.2357
-0.10854
0.0977275
0.0258009
0
00:52:758: <MSG>: 
23.0456
12.3006
0.28617
0.121605
12.2354
-0.109071
0.100508
0.0282845
0
00:52:767: <MSG>: 
23.0456
12.2946
0.282412
0.121725
12.2352
-0.109326
0.103185
0.0303211
0
00:52:777: <MSG>: 
23.0456
12.2946
0.282412
0.121656
12.2344
-0.110026
0.103632
0.0289983
0
00:52:787: <MSG>: 
23.0456
12.3077
0.2704
0.121792
12.2362
-0.107772
0.106883
0.0314336
0
00:52:796: <MSG>: 
23.0456
12.2808
0.227867
0.121987
12.2372
-0.105887
0.107921
0.0339627
0
00:52:806: <MSG>: 
23.1608
12.2706
0.242956
0.122176
12.2381
-0.104364
0.134135
0.0364542
0
00:52:815: <MSG>: 
23.1608
12.2593
0.279609
0.122671
12.2394
-0.102322
0.136183
0.0432679
0
00:52:824: <MSG>: 
23.1608
12.2593
0.279609
0.123236
12.2415
-0.0996949
0.137918
0.0508485
0
00:52:834: <MSG>: 
23.1608
12.2609
0.233763
0.123346
12.2433
-0.0978302
0.138502
0.0517488
0
00:52:843: <MSG>: 
23.1608
12.2586
0.237128
0.122561
12.2547
-0.0815857
0.135156
0.0414414
0
00:52:852: <MSG>: 
23.1608
12.266
0.26142
0.122865
12.2564
-0.0796173
0.13484
0.0448129
0
00:52:861: <MSG>: 
23.1608
12.266
0.26142
0.122914
12.2568
-0.0789383
0.132821
0.0441752
0
00:52:871: <MSG>: 
23.1608
12.2637
0.260172
0.123257
12.2578
-0.0768118
0.132576
0.0480472
0
00:52:880: <MSG>: 
23.1608
12.2627
0.249585
0.123539
12.258
-0.0767407
0.131638
0.0507729
0
00:52:890: <MSG>: 
23.1608
12.272
0.293417
0.123544
12.2566
-0.0770468
0.132607
0.050295
0
00:52:900: <MSG>: 
23.1608
12.2731
0.263604
0.123806
12.2575
-0.0761516
0.132483
0.0529329
0
00:52:909: <MSG>: 
23.1608
12.2731
0.263604
0.123394
12.2673
-0.0631883
0.130524
0.0472658
0
00:52:918: <MSG>: 
23.1608
12.2663
0.265285
0.122849
12.2819
-0.0444409
0.128194
0.0400694
0
00:52:928: <MSG>: 
23.1608
12.2659
0.2705
0.122603
12.293
-0.0300449
0.127318
0.0366331
0
00:52:937: <MSG>: 
23.1608
12.272
0.273514
0.12223
12.3121
-0.00648927
0.126176
0.0317976
0
00:52:946: <MSG>: 
23.1608
12.2653
0.259058
0.122025
12.3269
0.0123402
0.125293
0.0289349
0
00:52:955: <MSG>: 
23.1608
12.2653
0.259058
0.121697
12.2897
-0.0278612
0.125623
0.024717
0
00:52:964: <MSG>: 
23.1608
12.2673
0.262825
0.121592
12.308
-0.005369
0.125214
0.0232043
0
00:52:973: <MSG>: 
23.1608
12.2655
0.256511
0.121332
12.2737
-0.0438068
0.125327
0.0197491
0
00:52:982: <MSG>: 
23.1608
12.2695
0.24854
0.121177
12.2984
-0.0148869
0.124471
0.0176148
0
00:52:992: <MSG>: 
23.1608
12.2695
0.24854
0.121071
12.2759
-0.0402542
0.124431
0.0159716
0
00:53:002: <MSG>: 
23.1608
12.2665
0.265824
0.120864
12.2514
-0.0670072
0.124669
0.0132476
0
00:53:011: <MSG>: 
23.1608
12.2724
0.245762
0.120717
12.2304
-0.0907051
0.124518
0.0111377
0
00:53:021: <MSG>: 
23.1608
12.2745
0.249834
0.12049
12.2089
-0.114239
0.124907
0.00827489
0
00:53:030: <MSG>: 
23.1608
12.2745
0.249834
0.120462
12.1969
-0.127077
0.124848
0.00771453
0
00:53:040: <MSG>: 
23.1608
12.2773
0.246457
0.120362
12.1865
-0.138135
0.124072
0.00609396
0
00:53:049: <MSG>: 
23.1608
12.2758
0.251404
0.120225
12.1697
-0.157316
0.124487
0.00437295
0
00:53:058: <MSG>: 
23.1608
12.2678
0.242208
0.120026
12.1559
-0.172396
0.124389
0.00178107
0
00:53:067: <MSG>: 
23.1608
12.2685
0.253579
0.12003
12.1481
-0.180886
0.124833
0.00188967
0
00:53:077: <MSG>: 
23.1608
12.2685
0.253579
0.119859
12.1366
-0.192827
0.125143
-0.000214955
0
00:53:086: <MSG>: 
23.1608
12.2651
0.249962
0.119616
12.1431
-0.18164
0.116869
-0.00642525
0
00:53:096: <MSG>: 
23.1608
12.2644
0.240044
0.119103
12.1529
-0.167547
0.109527
-0.0162153
0
00:53:106: <MSG>: 
23.1608
12.2571
0.245809
0.118777
12.1618
-0.153734
0.103006
-0.022764
0
00:53:115: <MSG>: 
23.1608
12.256
0.242806
0.118255
12.1739
-0.137596
0.0971198
-0.0318958
0
00:53:125: <MSG>: 
23.1608
12.256
0.242806
0.117951
12.1833
-0.124517
0.0919082
-0.037464
0
00:53:134: <MSG>: 
23.1608
12.2443
0.247475
0.117567
12.1923
-0.112063
0.087007
-0.0440099
1
00:53:143: <MSG>: 
23.1608
12.2398
0.241723
0.117263
12.1994
-0.102751
0.0821269
-0.0492706
0
00:53:152: <MSG>: 
23.1608
12.2341
0.244846
0.116994
12.2057
-0.0941131
0.0775376
-0.0538622
0
00:53:162: <MSG>: 
23.1608
12.2341
0.244846
0.116656
12.2135
-0.0839983
0.0732523
-0.0592376
0
00:53:171: <MSG>: 
23.1608
12.2337
0.239056
0.11648
12.2172
-0.0795199
0.0683967
-0.0623833
0
00:53:180: <MSG>: 
23.1608
12.2372
0.24024
0.116374
12.2193
-0.0763277
0.0646583
-0.064165
0
00:53:190: <MSG>: 
23.1608
12.2374
0.235857
0.116431
12.2183
-0.0775029
0.0610518
-0.0635093
0
00:53:199: <MSG>: 
23.1608
12.2396
0.232674
0.116384
12.219
-0.0769913
0.0576176
-0.0643538
0
00:53:208: <MSG>: 
23.1608
12.2396
0.232674
0.116131
12.2226
-0.0720823
0.0542962
-0.0679783
0
00:53:217: <MSG>: 
23.1608
12.2366
0.233353
0.115925
12.2256
-0.0678917
0.0514911
-0.0708452
0
00:53:227: <MSG>: 
23.1608
12.2432
0.234376
0.115691
12.2308
-0.0614159
0.0494596
-0.0736862
0
00:53:237: <MSG>: 
23.1608
12.2403
0.229655
0.115492
12.2346
-0.0558722
0.0475416
-0.0760125
0
00:53:246: <MSG>: 
23.1608
12.2421
0.269219
0.114609
12.2526
-0.0330977
0.0460163
-0.0878229
0
00:53:256: <MSG>: 
23.1608
12.2421
0.269219
0.114359
12.2584
-0.0257812
0.0444261
-0.0905607
0
00:53:265: <MSG>: 
23.1608
12.2342
0.248648
0.114257
12.2693
-0.0120108
0.04717
-0.0898154
0
00:53:275: <MSG>: 
23.0248
12.2234
0.253485
0.114142
12.2779
-0.000867773
0.0203387
-0.0891038
0
00:53:284: <MSG>: 
23.0248
12.2344
0.282788
0.11425
12.2856
0.00684251
0.0240362
-0.0852038
0
00:53:294: <MSG>: 
23.0248
12.2344
0.282788
0.114385
12.2912
0.0128434
0.0279541
-0.0808793
0
00:53:303: <MSG>: 
23.0248
12.2491
0.265212
0.115017
12.2828
0.00146045
0.030893
-0.0700657
0
00:53:313: <MSG>: 
23.0248
12.2569
0.21562
0.115637
12.2838
0.000765815
0.0365794
-0.0602594
0
00:53:322: <MSG>: 
23.0248
12.2534
0.215846
0.116161
12.2835
0.000322745
0.0403498
-0.0522423
0
00:53:331: <MSG>: 
23.0248
12.2543
0.253967
0.116406
12.2835
-0.000255895
0.0443249
-0.0475385
0
00:53:341: <MSG>: 
23.0248
12.2543
0.253967
0.116837
12.2855
0.00182107
0.047829
-0.0408044
0
00:53:350: <MSG>: 
23.0248
12.2534
0.220741
0.117213
12.2882
0.00469651
0.0497212
-0.0352752
0
00:53:359: <MSG>: 
23.0248
12.2602
0.242483
0.118012
12.2904
0.00649005
0.0530254
-0.0244113
0
00:53:368: <MSG>: 
23.0248
12.2707
0.253211
0.118749
12.2923
0.00803921
0.0553132
-0.0147372
0
00:53:378: <MSG>: 
23.0248
12.2649
0.238012
0.119412
12.2941
0.00985117
0.057176
-0.00617207
0
00:53:387: <MSG>: 
23.0248
12.2649
0.238012
0.120074
12.2938
0.00955466
0.0593838
0.00235541
0
00:53:396: <MSG>: 
23.0248
12.2619
0.235819
0.12084
12.2939
0.0100238
0.0593015
0.0113044
0
00:53:406: <MSG>: 
23.0248
12.2648
0.243025
0.120964
12.2981
0.0137575
0.0614989
0.0135174
0
00:53:415: <MSG>: 
23.0248
12.2692
0.238244
0.121164
12.2499
-0.0385862
0.0636096
0.0164448
0
00:53:424: <MSG>: 
23.0248
12.2692
0.238244
0.121046
12.262
-0.0267752
0.0660657
0.0153583
0
00:53:433: <MSG>: 
23.0248
12.2659
0.228753
0.120857
12.2781
-0.0095595
0.0682011
0.0132216
0
00:53:442: <MSG>: 
23.0248
12.266
0.236779
0.120811
12.2927
0.00611238
0.0704176
0.0131427
0
00:53:451: <MSG>: 
23.0248
12.2667
0.226107
0.12072
12.3096
0.0247061
0.0719635
0.0122347
0
00:53:460: <MSG>: 
23.0248
12.2667
0.226107
0.120599
12.3336
0.0519934
0.0737865
0.0111022
0
00:53:469: <MSG>: 
23.0248
12.2638
0.228855
0.120618
12.3529
0.0737631
0.0753592
0.0118034
0
00:53:477: <MSG>: 
23.0248
12.2603
0.22703
0.120631
12.3534
0.073757
0.0753303
0.0118025
0
00:53:486: <MSG>: 
23.0248
12.2604
0.22632
0.120645
12.354
0.0737509
0.0753113
0.0118016
0
00:53:495: <MSG>: 
23.0248
12.2604
0.22632
0.120658
12.3546
0.0737449
0.0753007
0.0118007
0
00:53:504: <MSG>: 
23.0248
12.2656
0.223398
0.120672
12.3553
0.0737392
0.0753083
0.0117998
0
00:53:513: <MSG>: 
23.0248
12.2724
0.230223
0.120685
12.356
0.0737329
0.0753252
0.0117989
0
00:53:523: <MSG>: 
23.0248
12.2746
0.220224
0.120948
12.3627
0.0804279
0.0768029
0.0156354
0
00:53:532: <MSG>: 
23.0248
12.2746
0.220224
0.120873
12.3432
0.0577135
0.0790192
0.0149647
0
00:53:541: <MSG>: 
23.0248
12.2763
0.216118
0.120577
12.3227
0.0339363
0.0807999
0.0112127
0
00:53:551: <MSG>: 
23.0248
12.28
0.226731
0.120318
12.3042
0.0126311
0.0828759
0.00812423
0
00:53:560: <MSG>: 
23.0248
12.2791
0.216156
0.120018
12.2884
-0.00576588
0.0843407
0.00435957
0
00:53:569: <MSG>: 
23.0248
12.2782
0.219624
0.120002
12.2775
-0.019135
0.0865764
0.00471674
0
00:53:578: <MSG>: 
23.0248
12.2782
0.219624
0.120006
12.2773
-0.019135
0.0866214
0.00471674
0
00:53:587: <MSG>: 
23.0248
12.2782
0.21639
0.11962
12.2776
-0.0185634
0.0766668
-0.00276521
0
00:53:596: <MSG>: 
23.0248
12.2782
0.221658
0.119325
12.2774
-0.0183997
0.0691928
-0.00836009
0
00:53:606: <MSG>: 
23.0248
12.276
0.214204
0.118868
12.2804
-0.0141787
0.0622138
-0.0155439
0
00:53:615: <MSG>: 
23.0248
12.276
0.214204
0.118349
12.2846
-0.00843484
0.0545822
-0.0235468
0
00:53:624: <MSG>: 
23.0248
12.2723
0.224392
0.118063
12.2882
-0.00409878
0.0483341
-0.028375
0
00:53:634: <MSG>: 
23.0248
12.2726
0.214972
0.117859
12.2828
-0.0108508
0.0511086
-0.0299437
0
00:53:644: <MSG>: 
23.0248
12.2702
0.21074
0.117408
12.2839
-0.00880203
0.0443649
-0.0367196
1
00:53:653: <MSG>: 
23.0248
12.2702
0.21074
0.117386
12.2808
-0.0120155
0.0402597
-0.0377631
0
00:53:663: <MSG>: 
23.0248
12.2737
0.209311
0.117132
12.2813
-0.0107063
0.036347
-0.0413919
0
00:53:673: <MSG>: 
23.0248
12.2694
0.209714
0.117066
12.2789
-0.0127327
0.0327354
-0.042689
0
00:53:682: <MSG>: 
23.0248
12.2734
0.211104
0.116912
12.2783
-0.0125184
0.0293986
-0.0449579
0
00:53:691: <MSG>: 
23.0248
12.272
0.207682
0.116512
12.2815
-0.00744528
0.026188
-0.0499906
0
00:53:701: <MSG>: 
23.0248
12.272
0.207682
0.116361
12.2819
-0.00605273
0.0238948
-0.051815
0
00:53:710: <MSG>: 
23.0248
12.2701
0.212916
0.116236
12.2819
-0.00508697
0.0218686
-0.0532326
0
00:53:719: <MSG>: 
23.0248
12.2722
0.206397
0.116136
12.2813
-0.00568846
0.0199784
-0.0543562
0
00:53:729: <MSG>: 
23.0248
12.2759
0.213027
0.116067
12.2802
-0.0064483
0.0183775
-0.0549926
0
00:53:739: <MSG>: 
23.0248
12.2787
0.205003
0.115744
12.2842
-0.00133165
0.01667
-0.0585567
0
00:53:751: <MSG>: 
23.0248
12.2787
0.205003
0.115602
12.2854
0.000527318
0.0151063
-0.0598286
0
00:53:760: <MSG>: 
23.0248
12.2699
0.224169
0.114915
12.2906
0.00703571
0.00991354
-0.0688371
0
00:53:768: <MSG>: 
23.0248
12.2845
0.197262
0.114466
12.2967
0.0151749
0.00753381
-0.0741564
0
00:53:777: <MSG>: 
23.0874
12.2662
0.169485
0.114221
12.3013
0.0210554
0.020827
-0.0764132
0
00:53:787: <MSG>: 
23.0874
12.2653
0.197005
0.113882
12.3094
0.0308901
0.020837
-0.0795448
0
00:53:796: <MSG>: 
23.0874
12.2653
0.197005
0.113633
12.3145
0.0370948
0.0199259
-0.0818442
0
00:53:805: <MSG>: 
23.0874
12.2615
0.228251
0.11442
12.2961
0.0152221
0.0221658
-0.0704806
0
00:53:815: <MSG>: 
23.0874
12.273
0.16814
0.114044
12.3039
0.0230525
0.0211726
-0.074518
0
00:53:825: <MSG>: 
23.0874
12.2753
0.172714
0.113799
12.3111
0.0308239
0.0214584
-0.0764004
0
00:53:835: <MSG>: 
23.0874
12.2753
0.172714
0.11396
12.3132
0.0317008
0.0217558
-0.0727733
0
00:53:844: <MSG>: 
23.0874
12.2736
0.204234
0.114333
12.3161
0.0338533
0.0231808
-0.0658232
0
00:53:853: <MSG>: 
23.0874
12.2737
0.181654
0.114398
12.3202
0.0370404
0.0242803
-0.0636295
0
00:53:862: <MSG>: 
23.0874
12.271
0.184582
0.114638
12.3219
0.0377544
0.0251262
-0.0590134
0
00:53:871: <MSG>: 
23.0874
12.2853
0.212045
0.11486
12.3243
0.0388047
0.0262289
-0.0546364
0
00:53:881: <MSG>: 
23.0874
12.2853
0.212045
0.115092
12.3253
0.0388854
0.0282911
-0.0498971
0
00:53:890: <MSG>: 
23.0874
12.2805
0.19758
0.115283
12.3243
0.0372137
0.0295859
-0.0461095
0
00:53:899: <MSG>: 
23.0874
12.2802
0.198913
0.115553
12.3236
0.0350185
0.0301868
-0.0414246
0
00:53:908: <MSG>: 
23.0874
12.2773
0.207376
0.115601
12.327
0.0381533
0.0318289
-0.039829
0
00:53:917: <MSG>: 
23.0874
12.2827
0.203422
0.115475
12.3376
0.0483023
0.0329485
-0.040547
0
00:53:926: <MSG>: 
23.0874
12.2827
0.203422
0.115547
12.344
0.0546339
0.0348321
-0.038556
0
00:53:936: <MSG>: 
23.0874
12.2784
0.194768
0.115375
12.3615
0.0739446
0.0365858
-0.0395745
0
00:53:945: <MSG>: 
23.0874
12.2781
0.191243
0.115317
12.3764
0.0901837
0.037877
-0.0393392
0
00:53:954: <MSG>: 
23.0874
12.2767
0.19029
0.115272
12.3902
0.10399
0.0390948
-0.0389645
0
00:53:963: <MSG>: 
23.0874
12.2767
0.19029
0.115205
12.4074
0.122089
0.0403152
-0.038874
0
00:53:972: <MSG>: 
23.0874
12.2724
0.187715
0.115207
12.4242
0.139801
0.0413435
-0.0379446
0
00:53:980: <MSG>: 
23.0874
12.2784
0.19257
0.115179
12.4258
0.139803
0.0410909
-0.0379453
0
00:53:989: <MSG>: 
23.0874
12.2792
0.185022
0.115148
12.4264
0.139804
0.0406705
-0.0379461
0
00:53:998: <MSG>: 
23.0874
12.2792
0.185022
0.115119
12.4276
0.139805
0.040327
-0.0379469
0
00:54:007: <MSG>: 
23.0874
12.2903
0.181482
0.115089
12.4293
0.139807
0.0400718
-0.0379475
0
00:54:015: <MSG>: 
23.0874
12.2952
0.193049
0.115059
12.4302
0.139808
0.0397058
-0.0379483
0
00:54:024: <MSG>: 
23.0874
12.3111
0.189328
0.115029
12.432
0.139809
0.0394634
-0.037949
0
00:54:034: <MSG>: 
23.0874
12.3111
0.189328
0.114949
12.4054
0.107902
0.0419919
-0.0378295
0
00:54:045: <MSG>: 
23.0874
12.3139
0.186012
0.114859
12.3819
0.0804841
0.0442942
-0.0378287
0
00:54:054: <MSG>: 
23.0874
12.3214
0.190649
0.114888
12.3664
0.06094
0.0462675
-0.0365003
0
00:54:063: <MSG>: 
23.0874
12.32
0.192609
0.11491
12.3486
0.0398082
0.0483976
-0.0351906
0
00:54:073: <MSG>: 
23.0874
12.32
0.192609
0.115094
12.3373
0.0257331
0.0515159
-0.0315098
0
00:54:083: <MSG>: 
23.0874
12.3242
0.185029
0.114895
12.3339
0.0214641
0.0438273
-0.036125
0
00:54:092: <MSG>: 
23.0874
12.3238
0.188695
0.114701
12.331
0.0179703
0.0357582
-0.0407266
0
00:54:101: <MSG>: 
23.0874
12.3233
0.185002
0.114461
12.3301
0.016948
0.0280105
-0.0457965
0
00:54:110: <MSG>: 
23.0874
12.3222
0.180707
0.114008
12.3335
0.0213219
0.0209285
-0.0536039
0
00:54:120: <MSG>: 
23.0874
12.3222
0.180707
0.113511
12.3375
0.0270614
0.0158623
-0.0612532
0
00:54:129: <MSG>: 
23.0874
12.3175
0.186146
0.113158
12.3411
0.0315941
0.0108882
-0.0667383
0
00:54:139: <MSG>: 
23.0874
12.3196
0.182657
0.112915
12.3458
0.0363948
0.00625741
-0.070472
0
00:54:148: <MSG>: 
23.0874
12.3158
0.178637
0.112817
12.344
0.0340426
0.00117806
-0.0723432
1
00:54:157: <MSG>: 
23.0874
12.3158
0.178637
0.112669
12.3425
0.0317794
-0.00369852
-0.0747571
0
00:54:167: <MSG>: 
23.0874
12.3229
0.179079
0.112609
12.3406
0.0292866
-0.00739629
-0.0756032
0
00:54:176: <MSG>: 
23.0874
12.3175
0.177505
0.112344
12.3415
0.0315835
-0.0104474
-0.0790574
0
00:54:186: <MSG>: 
23.0874
12.3213
0.174312
0.112273
12.3407
0.0306598
-0.013212
-0.0797273
0
00:54:195: <MSG>: 
23.0874
12.3191
0.181606
0.112187
12.3385
0.0283426
-0.0161106
-0.0806829
0
00:54:204: <MSG>: 
23.0874
12.3191
0.181606
0.111977
12.3403
0.030664
-0.0177098
-0.0828968
0
00:54:213: <MSG>: 
23.0874
12.3231
0.173996
0.111912
12.34
0.0299968
-0.0193013
-0.0831281
0
00:54:223: <MSG>: 
23.0874
12.3213
0.174027
0.111775
12.3412
0.0315904
-0.0205887
-0.0842027
0
00:54:233: <MSG>: 
23.0874
12.3205
0.165289
0.111588
12.3421
0.0329976
-0.0225468
-0.0860761
0
00:54:242: <MSG>: 
23.0874
12.3205
0.165289
0.111317
12.3457
0.0375688
-0.0240551
-0.0889916
0
00:54:252: <MSG>: 
23.0874
12.3206
0.170431
0.111001
12.352
0.0451615
-0.0248148
-0.0922599
0
00:54:261: <MSG>: 
23.0874
12.3175
0.163849
0.110632
12.36
0.0552881
-0.0251407
-0.0960773
0
00:54:271: <MSG>: 
23.0874
12.32
0.165174
0.110327
12.3685
0.0652394
-0.0249471
-0.0987434
0
00:54:281: <MSG>: 
23.0874
12.3174
0.161982
0.11015
12.372
0.0688385
-0.0250003
-0.0997813
0
00:54:290: <MSG>: 
23.0874
12.3221
0.160037
0.10999
12.3767
0.0738789
-0.0252444
-0.100651
0
00:54:300: <MSG>: 
23.0874
12.3221
0.160037
0.109841
12.3798
0.0764857
-0.0255712
-0.101355
0
00:54:309: <MSG>: 
23.0874
12.3201
0.159128
0.109595
12.3861
0.08345
-0.0255206
-0.10331
0
00:54:318: <MSG>: 
23.0874
12.3217
0.155507
0.109492
12.3891
0.0856713
-0.025753
-0.103336
0
00:54:328: <MSG>: 
23.0874
12.3187
0.156016
0.110038
12.3854
0.08004
-0.02275
-0.0947588
0
00:54:339: <MSG>: 
23.0874
12.3187
0.156016
0.110356
12.383
0.075417
-0.0198508
-0.0888392
0
00:54:348: <MSG>: 
23.0874
12.3211
0.153536
0.110857
12.3809
0.0715897
-0.0176543
-0.0812102
0
00:54:357: <MSG>: 
23.0874
12.3195
0.15683
0.111146
12.3811
0.0701966
-0.0165029
-0.0764982
0
00:54:367: <MSG>: 
23.0874
12.3205
0.150849
0.111517
12.3797
0.0671524
-0.0164374
-0.0711303
0
00:54:376: <MSG>: 
23.0874
12.3241
0.154496
0.112085
12.3783
0.0640929
-0.015355
-0.0632015
0
00:54:385: <MSG>: 
23.0874
12.3241
0.154496
0.112758
12.3759
0.060271
-0.0157868
-0.0545927
0
00:54:394: <MSG>: 
23.0874
12.3233
0.149861
0.113527
12.3741
0.0570625
-0.0163515
-0.0450129
0
00:54:404: <MSG>: 
23.0874
12.3221
0.154795
0.114316
12.3715
0.0528808
-0.0163456
-0.0351717
0
00:54:413: <MSG>: 
23.0874
12.3179
0.154798
0.115292
12.3685
0.0485169
-0.0166618
-0.0233652
0
00:54:422: <MSG>: 
23.0874
12.3204
0.15548
0.115052
12.3818
0.0621279
-0.0150322
-0.0258971
0
00:54:431: <MSG>: 
23.0874
12.3204
0.15548
0.115017
12.39
0.0705665
-0.0134913
-0.0255921
0
00:54:440: <MSG>: 
23.0874
12.3245
0.154965
0.114921
12.4048
0.0865561
-0.0116162
-0.026011
0
00:54:449: <MSG>: 
23.0874
12.3271
0.148312
0.114827
12.4175
0.0991656
-0.0102063
-0.0265285
0
00:54:458: <MSG>: 
23.0874
12.3206
0.156799
0.11474
12.4342
0.116596
-0.00829284
-0.02675
0
00:54:467: <MSG>: 
23.0874
12.3206
0.156799
0.114715
12.4508
0.134315
-0.00648041
-0.0261527
0
00:54:477: <MSG>: 
23.0874
12.3153
0.149067
0.114693
12.4218
0.100549
-0.00515492
-0.0259114
0
00:54:486: <MSG>: 
23.0874
12.3153
0.154223
0.114697
12.4427
0.123599
-0.00360071
-0.0249644
0
00:54:495: <MSG>: 
23.0874
12.3192
0.149431
0.114723
12.4197
0.0963033
-0.00173449
-0.0238984
0
00:54:504: <MSG>: 
23.0874
12.3192
0.149431
0.114658
12.3916
0.0624004
0.000561461
-0.0239814
0
00:54:513: <MSG>: 
23.0874
12.3225
0.156296
0.114719
12.3719
0.0386237
0.00284142
-0.0223208
0
00:54:522: <MSG>: 
23.0874
12.3247
0.152393
0.114743
12.3526
0.0151708
0.00492971
-0.0212248
0
00:54:531: <MSG>: 
23.0874
12.3229
0.15792
0.114666
12.332
-0.00926256
0.00727616
-0.0214344
0
00:54:540: <MSG>: 
23.0874
12.3229
0.15792
0.114661
12.3156
-0.0286067
0.00983383
-0.0205825
0
00:54:550: <MSG>: 
23.0874
12.3227
0.152082
0.114771
12.308
-0.0378074
0.0115589
-0.0183759
0
00:54:559: <MSG>: 
23.0874
12.3213
0.15376
0.114241
12.3001
-0.0466557
0.0023399
-0.0269103
0
00:54:568: <MSG>: 
23.0874
12.3205
0.15455
0.113782
12.2929
-0.0551107
-0.00673174
-0.0345201
0
00:54:578: <MSG>: 
23.0874
12.3205
0.15455
0.113511
12.2849
-0.0643373
-0.014414
-0.0394526
0
00:54:587: <MSG>: 
23.0874
12.3205
0.15546
0.113107
12.2781
-0.0711347
-0.021314
-0.0456795
0
00:54:596: <MSG>: 
23.0874
12.3187
0.151572
0.112719
12.2738
-0.0752454
-0.0287763
-0.0517592
0
00:54:606: <MSG>: 
23.0874
12.3173
0.147793
0.112138
12.2721
-0.0755721
-0.0356469
-0.0598413
0
00:54:615: <MSG>: 
23.0874
12.3166
0.150682
0.111432
12.2718
-0.0740501
-0.0415247
-0.0690683
0
00:54:624: <MSG>: 
23.0874
12.3166
0.150682
0.110999
12.2704
-0.0744868
-0.0468892
-0.074839
0
00:54:634: <MSG>: 
23.0874
12.3133
0.147992
0.110735
12.2672
-0.077668
-0.0525301
-0.0785943
0
00:54:643: <MSG>: 
23.0874
12.3102
0.15309
0.110885
12.2588
-0.0866768
-0.0558081
-0.0768505
1
00:54:652: <MSG>: 
23.0874
12.3087
0.145811
0.11087
12.2517
-0.0939584
-0.0600801
-0.0772938
0
00:54:662: <MSG>: 
23.0874
12.3087
0.145811
0.110655
12.2477
-0.0967653
-0.0639591
-0.0800257
0
00:54:671: <MSG>: 
23.0874
12.3042
0.154662
0.110383
12.2449
-0.0976519
-0.0671258
-0.0831877
0
00:54:681: <MSG>: 
23.0874
12.3059
0.140342
0.109962
12.2438
-0.0974891
-0.070965
-0.0882592
0
00:54:690: <MSG>: 
23.0874
12.3028
0.149941
0.109692
12.2418
-0.0978416
-0.0730766
-0.0910374
0
00:54:699: <MSG>: 
23.0874
12.3035
0.137739
0.10941
12.24
-0.0990803
-0.0759823
-0.094195
0
00:54:709: <MSG>: 
23.0874
12.3035
0.137739
0.109069
12.2398
-0.0975411
-0.0780824
-0.0978024
0
00:54:718: <MSG>: 
23.0874
12.2968
0.1461
0.108783
12.2387
-0.0965848
-0.0797348
-0.100592
0
00:54:727: <MSG>: 
23.0874
12.2969
0.135284
0.108368
12.241
-0.0926046
-0.0818128
-0.10502
0
00:54:737: <MSG>: 
23.0874
12.2916
0.149262
0.10758
12.2486
-0.0809595
-0.0842049
-0.114128
0
00:54:746: <MSG>: 
23.0874
12.3024
0.173369
0.107037
12.2552
-0.0714262
-0.0852208
-0.119725
0
00:54:756: <MSG>: 
23.0874
12.3024
0.173369
0.107179
12.2548
-0.0705094
-0.0830389
-0.11582
0
00:54:765: <MSG>: 
23.0874
12.2722
0.107091
0.107143
12.2517
-0.0730507
-0.083202
-0.114832
0
00:54:774: <MSG>: 
23.2877
12.2462
0.168256
0.106901
12.2598
-0.0627646
-0.0366042
-0.115891
0
00:54:783: <MSG>: 
23.2877
12.2428
0.190566
0.106877
12.2642
-0.0570104
-0.0326934
-0.113583
0
00:54:792: <MSG>: 
23.2877
12.2428
0.190566
0.106904
12.2687
-0.0511983
-0.0283351
-0.11057
0
00:54:802: <MSG>: 
23.2877
12.2555
0.126179
0.106899
12.2739
-0.0447766
-0.0245322
-0.108098
0
00:54:812: <MSG>: 
23.2877
12.2618
0.0972557
0.106756
12.2794
-0.0385396
-0.0227093
-0.107901
0
00:54:821: <MSG>: 
23.2877
12.2622
0.1473
0.106703
12.2835
-0.0324278
-0.0199521
-0.106364
0
00:54:831: <MSG>: 
23.2877
12.2667
0.132755
0.1071
12.2826
-0.0347939
-0.0165882
-0.0977473
0
00:54:840: <MSG>: 
23.2877
12.2667
0.132755
0.107419
12.2828
-0.0360033
-0.0123829
-0.0902931
0
00:54:849: <MSG>: 
23.2877
12.2587
0.133884
0.107998
12.2826
-0.0371511
-0.00888537
-0.0792087
0
00:54:859: <MSG>: 
23.2877
12.2687
0.169658
0.108358
12.2832
-0.0376821
-0.0054733
-0.0716443
0
00:54:868: <MSG>: 
23.2877
12.2692
0.158264
0.10898
12.2829
-0.0388306
-0.00346538
-0.0607652
0
00:54:877: <MSG>: 
23.2877
12.2692
0.158264
0.109704
12.2836
-0.0388682
-0.00106161
-0.0484593
0
00:54:886: <MSG>: 
23.2877
12.2673
0.152099
0.110362
12.2814
-0.041756
0.00156173
-0.0373406
0
00:54:896: <MSG>: 
23.2877
12.2694
0.154893
0.111014
12.2798
-0.0444788
0.00333982
-0.0268012
0
00:54:905: <MSG>: 
23.2877
12.2667
0.159286
0.11187
12.2779
-0.0474259
0.00382172
-0.013943
0
00:54:914: <MSG>: 
23.2877
12.2661
0.140077
0.111677
12.2892
-0.0359689
0.00631553
-0.0154037
0
00:54:923: <MSG>: 
23.2877
12.2661
0.140077
0.111522
12.3013
-0.0227711
0.00878398
-0.0163786
0
00:54:932: <MSG>: 
23.2877
12.2628
0.154325
0.111422
12.315
-0.00666846
0.0115711
-0.016519
0
00:54:941: <MSG>: 
23.2877
12.2696
0.147979
0.11133
12.3335
0.0140652
0.0145305
-0.016513
0
00:54:950: <MSG>: 
23.2877
12.2614
0.142656
0.111289
12.3527
0.0365742
0.0175543
-0.0157946
0
00:54:960: <MSG>: 
23.2877
12.2614
0.142656
0.111199
12.3732
0.0593816
0.0200355
-0.0158633
0
00:54:968: <MSG>: 
23.2877
12.2636
0.148337
0.111188
12.374
0.0593814
0.0199316
-0.0158634
0
00:54:977: <MSG>: 
23.2877
12.2617
0.142908
0.111176
12.3741
0.0593813
0.0197341
-0.0158634
0
00:54:986: <MSG>: 
23.2877
12.2682
0.136666
0.111164
12.3748
0.0593812
0.0196112
-0.0158634
0
00:54:994: <MSG>: 
23.2877
12.2682
0.136666
0.111151
12.3753
0.0593811
0.0194567
-0.0158635
0
00:55:003: <MSG>: 
23.2877
12.2757
0.14673
0.111139
12.3759
0.059381
0.0193405
-0.0158635
0
00:55:012: <MSG>: 
23.2877
12.2837
0.147187
0.111127
12.3763
0.0593809
0.0191954
-0.0158636
0
00:55:022: <MSG>: 
23.2877
12.2908
0.137629
0.11095
12.3487
0.0274414
0.0221137
-0.0171651
0
00:55:031: <MSG>: 
23.2877
12.2908
0.137629
0.110924
12.3272
0.00253435
0.0254775
-0.0163814
0
00:55:040: <MSG>: 
23.2877
12.293
0.147411
0.11079
12.3024
-0.0255198
0.0292509
-0.0168725
0
00:55:050: <MSG>: 
23.2877
12.2988
0.139275
0.110588
12.2765
-0.0571506
0.0324569
-0.0184058
0
00:55:059: <MSG>: 
23.2877
12.2956
0.142516
0.1106
12.2552
-0.0820597
0.0363637
-0.0169599
0
00:55:067: <MSG>: 
23.2877
12.2956
0.142516
0.110583
12.2545
-0.0820677
0.0363432
-0.0169615
0
00:55:076: <MSG>: 
23.2877
12.3008
0.134742
0.110565
12.2542
-0.0820756
0.0363222
-0.016963
0
00:55:085: <MSG>: 
23.2877
12.2961
0.141546
0.110547
12.2531
-0.0820842
0.0362973
-0.0169647
0
00:55:095: <MSG>: 
23.2877
12.2963
0.132601
0.110215
12.2612
-0.0710568
0.0287077
-0.0235584
0
00:55:104: <MSG>: 
23.2877
12.2963
0.132601
0.109989
12.2675
-0.0625881
0.0219205
-0.0283247
0
00:55:113: <MSG>: 
23.2877
12.2892
0.145234
0.109652
12.2775
-0.0490845
0.0175876
-0.0338243
0
00:55:123: <MSG>: 
23.2877
12.2839
0.138247
0.109338
12.286
-0.0381816
0.0132498
-0.0388636
0
00:55:132: <MSG>: 
23.2877
12.2833
0.140538
0.108961
12.2955
-0.0259174
0.0109651
-0.0441085
0
00:55:142: <MSG>: 
23.2877
12.2833
0.140538
0.108888
12.2987
-0.0219992
0.00795943
-0.0453252
1
00:55:151: <MSG>: 
23.2877
12.2863
0.136266
0.108699
12.302
-0.0174381
0.00472187
-0.0481675
0
00:55:160: <MSG>: 
23.2877
12.2883
0.136079
0.10834
12.3099
-0.00837822
0.00212457
-0.0531308
0
00:55:170: <MSG>: 
23.2877
12.2863
0.127874
0.108036
12.3151
-0.00141469
-1.35677e-06
-0.057119
0
00:55:179: <MSG>: 
23.2877
12.2894
0.128916
0.108083
12.3145
-0.00330506
-0.00333821
-0.056603
0
00:55:188: <MSG>: 
23.2877
12.2894
0.128916
0.10825
12.312
-0.00667923
-0.00565013
-0.0542328
0
00:55:198: <MSG>: 
23.2877
12.2867
0.132567
0.10825
12.3129
-0.00524316
-0.00707423
-0.0538603
0
00:55:207: <MSG>: 
23.2877
12.2885
0.127533
0.108274
12.3137
-0.00459575
-0.00839334
-0.0531565
0
00:55:217: <MSG>: 
23.2877
12.2878
0.129645
0.108305
12.3131
-0.00493801
-0.00980065
-0.0523977
0
00:55:226: <MSG>: 
23.2877
12.2905
0.120614
0.108128
12.3178
0.000206018
-0.0108827
-0.0543401
0
00:55:236: <MSG>: 
23.2877
12.2905
0.120614
0.108012
12.3215
0.00478299
-0.0115924
-0.0553321
0
00:55:245: <MSG>: 
23.2877
12.2873
0.120257
0.108024
12.3209
0.00377102
-0.0123863
-0.05466
0
00:55:254: <MSG>: 
23.2877
12.2888
0.137284
0.107092
12.3397
0.0263596
-0.013447
-0.0666457
0
00:55:263: <MSG>: 
23.2877
12.2993
0.110513
0.106658
12.3443
0.0315172
-0.0169716
-0.0725413
0
00:55:273: <MSG>: 
23.2877
12.2993
0.110513
0.1063
12.3554
0.0444456
-0.0170786
-0.0762931
0
00:55:283: <MSG>: 
23.2877
12.2781
0.108923
0.105973
12.3644
0.0557205
-0.0170233
-0.0795376
0
00:55:292: <MSG>: 
23.2346
12.2778
0.165921
0.105943
12.371
0.0629304
-0.0261977
-0.078155
0
00:55:302: <MSG>: 
23.2346
12.2907
0.187971
0.105895
12.3777
0.0705744
-0.0234395
-0.0768751
0
00:55:312: <MSG>: 
23.2346
12.3099
0.136087
0.106285
12.3721
0.0614136
-0.0191311
-0.0701262
0
00:55:321: <MSG>: 
23.2346
12.3099
0.136087
0.107088
12.3664
0.0535585
-0.0131331
-0.05811
0
00:55:331: <MSG>: 
23.2346
12.3063
0.122041
0.107343
12.3639
0.049388
-0.0116944
-0.053971
0
00:55:340: <MSG>: 
23.2346
12.2983
0.151485
0.107801
12.3582
0.0412827
-0.00866829
-0.0470561
0
00:55:349: <MSG>: 
23.2346
12.2946
0.138032
0.108223
12.3556
0.0372238
-0.0060694
-0.0407335
0
00:55:358: <MSG>: 
23.2346
12.2989
0.13078
0.108764
12.3525
0.0321693
-0.00265625
-0.0328992
0
00:55:368: <MSG>: 
23.2346
12.2989
0.13078
0.109332
12.3471
0.0248124
-0.00252901
-0.0257514
0
00:55:377: <MSG>: 
23.2346
12.3148
0.16107
0.109951
12.3421
0.0182075
-0.00148315
-0.0178505
0
00:55:387: <MSG>: 
23.2346
12.3138
0.13768
0.110655
12.3381
0.0130544
-0.00107987
-0.00920419
0
00:55:396: <MSG>: 
23.2346
12.3109
0.139909
0.111211
12.3334
0.0075394
-0.00059009
-0.00241143
0
00:55:405: <MSG>: 
23.2346
12.3109
0.139909
0.110963
12.3464
0.0204782
0.00163265
-0.00510589
0
00:55:414: <MSG>: 
23.2346
12.307
0.147473
0.110803
12.3603
0.034569
0.00419721
-0.00642949
0
00:55:423: <MSG>: 
23.2346
12.3071
0.15342
0.110812
12.3719
0.0464122
0.00712165
-0.005289
0
00:55:432: <MSG>: 
23.2346
12.3044
0.135537
0.110738
12.3901
0.0659869
0.0103117
-0.0051968
0
00:55:441: <MSG>: 
23.2346
12.3072
0.149665
0.110779
12.4051
0.0826932
0.0133139
-0.00356375
0
00:55:450: <MSG>: 
23.2346
12.3072
0.149665
0.110758
12.4255
0.105351
0.016073
-0.00284747
0
00:55:460: <MSG>: 
23.2346
12.3106
0.139795
0.110853
12.4404
0.120669
0.0187801
-0.000611196
0
00:55:469: <MSG>: 
23.2346
12.3097
0.135217
0.110826
12.4651
0.14745
0.0215637
2.04904e-05
0
00:55:478: <MSG>: 
23.2346
12.309
0.139829
0.11093
12.4864
0.170507
0.024106
0.00236224
0
00:55:487: <MSG>: 
23.2346
12.309
0.139829
0.110928
12.4878
0.170517
0.0241867
0.0023624
0
00:55:495: <MSG>: 
23.2346
12.3093
0.136521
0.110926
12.4891
0.170527
0.0242423
0.00236256
0
00:55:504: <MSG>: 
23.2346
12.3153
0.139159
0.110924
12.4906
0.170537
0.02435
0.00236274
0
00:55:513: <MSG>: 
23.2346
12.3214
0.147608
0.110922
12.4922
0.170546
0.0244703
0.00236288
0
00:55:522: <MSG>: 
23.2346
12.3214
0.147608
0.11092
12.4937
0.170556
0.0245541
0.00236305
0
00:55:532: <MSG>: 
23.2346
12.3273
0.147875
0.111001
12.4715
0.1451
0.0286255
0.0045457
0
00:55:541: <MSG>: 
23.2346
12.3359
0.137263
0.110914
12.4489
0.11914
0.0323343
0.0043129
0
00:55:550: <MSG>: 
23.2346
12.3435
0.154927
0.110903
12.4244
0.0900998
0.0366948
0.00529455
0
00:55:559: <MSG>: 
23.2346
12.3435
0.154927
0.11094
12.4038
0.0652207
0.0406671
0.00682904
0
00:55:569: <MSG>: 
23.2346
12.3522
0.145191
0.110827
12.3835
0.0407072
0.0444365
0.00626048
0
00:55:578: <MSG>: 
23.2346
12.3532
0.155361
0.109551
12.3848
0.0447512
0.0344382
-0.0114242
0
00:55:587: <MSG>: 
23.2346
12.3545
0.143383
0.108946
12.3842
0.0443207
0.0268117
-0.0204997
0
00:55:597: <MSG>: 
23.2346
12.349
0.156083
0.108764
12.3818
0.0418028
0.0223143
-0.0236385
0
00:55:606: <MSG>: 
23.2346
12.349
0.156083
0.108676
12.3796
0.0386467
0.0172803
-0.0258054
0
00:55:616: <MSG>: 
23.2346
12.3488
0.147103
0.108497
12.3779
0.0362656
0.0129692
-0.0288056
0
00:55:625: <MSG>: 
23.2346
12.3424
0.159035
0.108585
12.3721
0.0289983
0.00967365
-0.0283793
0
00:55:635: <MSG>: 
23.2346
12.3397
0.156172
0.108758
12.3675
0.0223753
0.00648152
-0.0268933
0
00:55:644: <MSG>: 
23.2346
12.3397
0.156172
0.108933
12.3621
0.0152144
0.00328125
-0.0254315
0
00:55:653: <MSG>: 
23.2346
12.3431
0.155163
0.109155
12.3564
0.00924802
0.00206611
-0.0228788
1
00:55:663: <MSG>: 
23.2346
12.3477
0.154574
0.109147
12.3546
0.00837072
0.00107344
-0.0229792
0
00:55:672: <MSG>: 
23.2346
12.3477
0.150269
0.109132
12.3529
0.00742207
-0.0004056
-0.0232846
0
00:55:682: <MSG>: 
23.2346
12.3425
0.150368
0.109266
12.3484
0.00333756
-0.00181905
-0.0218166
0
00:55:691: <MSG>: 
23.2346
12.3425
0.150368
0.109199
12.3479
0.00439765
-0.00284431
-0.0226277
0
00:55:701: <MSG>: 
23.2346
12.3401
0.147749
0.10907
12.3492
0.00669852
-0.00322726
-0.0239853
0
00:55:710: <MSG>: 
23.2346
12.3344
0.153432
0.109143
12.347
0.00491364
-0.00318048
-0.0227964
0
00:55:720: <MSG>: 
23.2346
12.3381
0.147013
0.10918
12.3452
0.0031325
-0.00370076
-0.0222039
0
00:55:729: <MSG>: 
23.2346
12.3381
0.147013
0.109118
12.3452
0.00414343
-0.00405392
-0.0227833
0
00:55:739: <MSG>: 
23.2346
12.336
0.159954
0.109018
12.3468
0.0077473
-0.00345937
-0.0235108
0
00:55:748: <MSG>: 
23.2346
12.3407
0.151171
0.109083
12.3468
0.00801094
-0.00275806
-0.0222033
0
00:55:758: <MSG>: 
23.2346
12.3349
0.158277
0.109084
12.3485
0.0112721
-0.00148566
-0.0215035
0
00:55:767: <MSG>: 
23.2346
12.3412
0.190686
0.10906
12.3544
0.0175261
0.00071571
-0.0208499
0
00:55:777: <MSG>: 
23.2346
12.3412
0.190686
0.10941
12.3597
0.0248025
0.00708229
-0.014344
0
00:55:787: <MSG>: 
23.4267
12.3257
0.160689
0.10969
12.3617
0.0286469
0.0516671
-0.00944329
0
00:55:796: <MSG>: 
23.4267
12.3101
0.179917
0.109806
12.3682
0.0377882
0.0563408
-0.00638654
0
00:55:805: <MSG>: 
23.4267
12.3069
0.220269
0.110141
12.3735
0.0441721
0.0634639
9.10171e-05
0
00:55:814: <MSG>: 
23.4267
12.3165
0.17286
0.110947
12.3443
0.00847626
0.0622347
0.00965089
0
00:55:824: <MSG>: 
23.4267
12.3165
0.17286
0.111648
12.3408
0.0026649
0.0686348
0.0217349
0
00:55:833: <MSG>: 
23.4267
12.3201
0.14122
0.112166
12.3403
-0.000363185
0.0737985
0.030544
0
00:55:843: <MSG>: 
23.4267
12.3198
0.186071
0.112784
12.3385
-0.00372376
0.0774192
0.0401475
0
00:55:852: <MSG>: 
23.4267
12.3241
0.197379
0.113435
12.3385
-0.00531141
0.0800082
0.0497468
0
00:55:862: <MSG>: 
23.4267
12.3183
0.1823
0.113672
12.3362
-0.00832107
0.0843323
0.0536927
0
00:55:871: <MSG>: 
23.4267
12.3183
0.1823
0.11389
12.3342
-0.0117315
0.0870453
0.0567768
0
00:55:881: <MSG>: 
23.4267
12.3285
0.220765
0.114347
12.3347
-0.0128493
0.0901121
0.0633698
0
00:55:890: <MSG>: 
23.4267
12.3232
0.207401
0.114669
12.3353
-0.013461
0.0925004
0.067731
0
00:55:899: <MSG>: 
23.4267
12.3166
0.203865
0.115381
12.279
-0.0741754
0.0986406
0.0771648
0
00:55:908: <MSG>: 
23.4267
12.3166
0.203865
0.115939
12.2237
-0.134783
0.103295
0.084041
0
00:55:917: <MSG>: 
23.4267
12.3138
0.209587
0.116235
12.2169
-0.142689
0.106198
0.087449
0
00:55:927: <MSG>: 
23.4267
12.3203
0.216091
0.116682
12.2166
-0.143188
0.111816
0.0934926
0
00:55:935: <MSG>: 
23.4267
12.3198
0.198418
0.116814
12.232
-0.125912
0.117071
0.0957297
0
00:55:945: <MSG>: 
23.4267
12.3152
0.199814
0.116927
12.2466
-0.109809
0.121771
0.0974422
0
00:55:954: <MSG>: 
23.4267
12.3152
0.199814
0.117096
12.2611
-0.0937592
0.126036
0.099698
0
00:55:963: <MSG>: 
23.4267
12.3106
0.198446
0.117299
12.2763
-0.0771386
0.129987
0.102355
0
00:55:972: <MSG>: 
23.4267
12.2934
0.191647
0.117426
12.2994
-0.0504699
0.134192
0.104126
0
00:55:982: <MSG>: 
23.4267
12.2872
0.202795
0.117571
12.2649
-0.0907513
0.138499
0.105734
0
00:55:990: <MSG>: 
23.4267
12.2872
0.202795
0.117644
12.2642
-0.0907525
0.139408
0.105735
0
00:55:999: <MSG>: 
23.4267
12.2778
0.200008
0.117724
12.2629
-0.0907537
0.140367
0.105735
0
00:56:007: <MSG>: 
23.4267
12.284
0.193514
0.117804
12.2624
-0.0907548
0.141378
0.105736
0
00:56:017: <MSG>: 
23.4267
12.2862
0.199164
0.117887
12.2614
-0.090756
0.14242
0.105737
0
00:56:025: <MSG>: 
23.4267
12.2862
0.199164
0.117967
12.2606
-0.0907571
0.143411
0.105737
0
00:56:035: <MSG>: 
23.4267
12.2921
0.19835
0.118176
12.2412
-0.113293
0.148033
0.108301
0
00:56:044: <MSG>: 
23.4267
12.2872
0.194175
0.118512
12.2273
-0.129907
0.152536
0.112465
0
00:56:053: <MSG>: 
23.4267
12.2845
0.200248
0.118692
12.2104
-0.149273
0.157029
0.114594
0
00:56:063: <MSG>: 
23.4267
12.2845
0.200248
0.118786
12.1952
-0.166726
0.160248
0.115245
0
00:56:072: <MSG>: 
23.4267
12.2853
0.20758
0.118546
12.2008
-0.156605
0.153793
0.10808
0
00:56:081: <MSG>: 
23.4267
12.2809
0.191127
0.119029
12.2014
-0.155638
0.157268
0.113751
0
00:56:091: <MSG>: 
23.4267
12.2847
0.199035
0.118788
12.2068
-0.146475
0.150717
0.10663
0
00:56:100: <MSG>: 
23.4267
12.2847
0.199035
0.118576
12.2125
-0.137318
0.144367
0.100105
0
00:56:109: <MSG>: 
23.4267
12.2792
0.192965
0.118437
12.2186
-0.128079
0.138461
0.0948976
0
00:56:118: <MSG>: 
23.4267
12.2775
0.196951
0.118114
12.2285
-0.114552
0.134019
0.0877431
0
00:56:127: <MSG>: 
23.4267
12.2674
0.199527
0.117881
12.2365
-0.103077
0.130427
0.0822006
0
00:56:137: <MSG>: 
23.4267
12.2674
0.199527
0.117773
12.2411
-0.0961972
0.126586
0.0783142
0
00:56:146: <MSG>: 
23.4267
12.2688
0.202752
0.117538
12.2464
-0.0878302
0.123661
0.0730582
1
00:56:155: <MSG>: 
23.4267
12.2668
0.193789
0.117293
12.2508
-0.0813296
0.120389
0.0676808
0
00:56:165: <MSG>: 
23.4267
12.2702
0.196032
0.117016
12.2567
-0.073526
0.117621
0.0621157
0
00:56:174: <MSG>: 
23.4267
12.2714
0.200871
0.117117
12.2562
-0.0732118
0.115619
0.0619272
0
00:56:183: <MSG>: 
23.4267
12.2714
0.200871
0.117018
12.2594
-0.0679805
0.114333
0.0593363
0
00:56:193: <MSG>: 
23.4267
12.2717
0.198963
0.117082
12.2598
-0.0661831
0.113296
0.0589701
0
00:56:203: <MSG>: 
23.4267
12.2731
0.200128
0.117079
12.2618
-0.0628366
0.112589
0.0578052
0
00:56:213: <MSG>: 
23.4267
12.2746
0.192929
0.116952
12.2652
-0.057183
0.111725
0.0549322
0
00:56:223: <MSG>: 
23.4267
12.2746
0.192929
0.116873
12.2682
-0.0524779
0.111124
0.0529152
0
00:56:232: <MSG>: 
23.4267
12.274
0.193322
0.116838
12.2712
-0.048376
0.110906
0.0516383
0
00:56:241: <MSG>: 
23.4267
12.2731
0.190126
0.116693
12.2756
-0.0416747
0.110718
0.048962
0
00:56:250: <MSG>: 
23.4267
12.2766
0.208328
0.116021
12.2877
-0.0271073
0.108461
0.0386946
0
00:56:260: <MSG>: 
23.4267
12.2863
0.19026
0.115753
12.2906
-0.0227673
0.106268
0.0338798
0
00:56:269: <MSG>: 
23.4267
12.2863
0.19026
0.115709
12.2973
-0.0143578
0.107764
0.033348
0
00:56:278: <MSG>: 
23.4267
12.2617
0.172528
0.115405
12.3057
-0.00408136
0.107433
0.0288207
0
00:56:287: <MSG>: 
23.4483
12.2597
0.223755
0.11537
12.3113
0.00237736
0.113234
0.0284306
0
00:56:296: <MSG>: 
23.4483
12.2631
0.235002
0.115513
12.3121
0.00353161
0.114814
0.0304266
0
00:56:306: <MSG>: 
23.4483
12.2631
0.235002
0.115399
12.3192
0.0112823
0.116469
0.0290662
0
00:56:315: <MSG>: 
23.4483
12.2761
0.191519
0.115408
12.3245
0.0159645
0.118066
0.0292979
0
00:56:324: <MSG>: 
23.4483
12.275
0.183097
0.115835
12.3231
0.0130197
0.12029
0.0345551
0
00:56:333: <MSG>: 
23.4483
12.2742
0.223305
0.116136
12.323
0.012041
0.123636
0.0386663
0
00:56:342: <MSG>: 
23.4483
12.2769
0.191785
0.116455
12.3239
0.0122014
0.124632
0.0421745
0
00:56:352: <MSG>: 
23.4483
12.2769
0.191785
0.116898
12.3243
0.0119154
0.126085
0.047187
0
00:56:361: <MSG>: 
23.4483
12.2799
0.202859
0.117053
12.3232
0.0101792
0.126949
0.0486507
0
00:56:370: <MSG>: 
23.4483
12.2931
0.225393
0.117592
12.3231
0.00928315
0.127672
0.0545124
0
00:56:379: <MSG>: 
23.4483
12.2892
0.212763
0.118333
12.3224
0.00799448
0.12888
0.0627646
0
00:56:389: <MSG>: 
23.4483
12.2892
0.212763
0.119083
12.3223
0.00715984
0.130436
0.0711023
0
00:56:398: <MSG>: 
23.4483
12.2853
0.204825
0.119777
12.3197
0.00389358
0.130023
0.0780762
0
00:56:407: <MSG>: 
23.4483
12.2847
0.216429
0.119623
12.3302
0.0149711
0.131623
0.0754487
0
00:56:415: <MSG>: 
23.4483
12.29
0.208281
0.119523
12.3403
0.0255572
0.132881
0.0735047
0
00:56:425: <MSG>: 
23.4483
12.29
0.208281
0.119416
12.3522
0.0376554
0.134925
0.0717176
0
00:56:433: <MSG>: 
23.4483
12.2838
0.206509
0.119292
12.3663
0.0527197
0.13675
0.0697588
0
00:56:443: <MSG>: 
23.4483
12.283
0.215313
0.119124
12.3868
0.0750536
0.138959
0.0673422
0
00:56:451: <MSG>: 
23.4483
12.286
0.208172
0.119065
12.4044
0.0943095
0.140769
0.0663317
0
00:56:461: <MSG>: 
23.4483
12.286
0.208172
0.119156
12.4166
0.107644
0.142611
0.0673076
0
00:56:469: <MSG>: 
23.4483
12.2837
0.214287
0.119203
12.4328
0.124509
0.144563
0.0677687
0
00:56:478: <MSG>: 
23.4483
12.2831
0.214905
0.119253
12.4339
0.124504
0.145084
0.0677661
0
00:56:486: <MSG>: 
23.4483
12.2819
0.212862
0.119307
12.4345
0.124498
0.145571
0.0677635
0
00:56:495: <MSG>: 
23.4483
12.2894
0.210616
0.119362
12.4359
0.124492
0.146186
0.0677608
0
00:56:504: <MSG>: 
23.4483
12.2894
0.210616
0.119418
12.437
0.124487
0.14675
0.0677585
0
00:56:513: <MSG>: 
23.4483
12.2992
0.227742
0.11947
12.438
0.12448
0.1473
0.0677557
0
00:56:522: <MSG>: 
23.4483
12.3109
0.21309
0.119515
12.42
0.102898
0.14984
0.0680873
0
00:56:532: <MSG>: 
23.4483
12.3109
0.21309
0.119728
12.4076
0.0879449
0.15253
0.0707502
0
00:56:542: <MSG>: 
23.4483
12.3149
0.218402
0.119887
12.3939
0.0718527
0.155601
0.0726967
0
00:56:550: <MSG>: 
23.4483
12.3268
0.221188
0.119808
12.3734
0.0465078
0.158357
0.0714587
0
00:56:560: <MSG>: 
23.4483
12.3283
0.221401
0.119778
12.3558
0.0250616
0.160814
0.0707953
0
00:56:569: <MSG>: 
23.4483
12.3305
0.212699
0.118752
12.3476
0.0165834
0.149918
0.0549706
0
00:56:578: <MSG>: 
23.4483
12.3305
0.212699
0.117645
12.3446
0.0147311
0.139388
0.0386325
0
00:56:587: <MSG>: 
23.4483
12.3287
0.216837
0.117014
12.3417
0.0120058
0.131097
0.0284711
0
00:56:596: <MSG>: 
23.4483
12.3266
0.218693
0.11619
12.3409
0.0124202
0.122538
0.016171
0
00:56:607: <MSG>: 
23.4483
12.3237
0.209976
0.115431
12.3387
0.00996358
0.113806
0.00463976
0
00:56:616: <MSG>: 
23.4483
12.3237
0.209976
0.114745
12.3371
0.00855321
0.105581
-0.00575988
0
00:56:626: <MSG>: 
23.4483
12.3171
0.213319
0.114757
12.327
-0.00407175
0.108398
-0.00470277
0
00:56:636: <MSG>: 
23.4483
12.3199
0.20472
0.114454
12.3225
-0.0094214
0.102262
-0.00999928
0
00:56:645: <MSG>: 
23.4483
12.3164
0.207544
0.114749
12.3095
-0.0239864
0.0983882
-0.00773493
1
00:56:656: <MSG>: 
23.4483
12.3218
0.203581
0.114545
12.3042
-0.0294148
0.0941479
-0.0112901
0
00:56:665: <MSG>: 
23.4483
12.3218
0.203581
0.114219
12.3005
-0.0319458
0.0899988
-0.0161774
0
00:56:675: <MSG>: 
23.4483
12.3167
0.205292
0.114109
12.2936
-0.0382931
0.0862165
-0.0184159
0
00:56:685: <MSG>: 
23.4483
12.3173
0.197291
0.113719
12.2917
-0.0389696
0.0822263
-0.0239406
0
00:56:694: <MSG>: 
23.4483
12.3141
0.203523
0.113508
12.2885
-0.0410134
0.0798177
-0.0268666
0
00:56:703: <MSG>: 
23.4483
12.3125
0.199275
0.113262
12.2855
-0.043095
0.0770325
-0.0302852
0
00:56:713: <MSG>: 
23.4483
12.3125
0.199275
0.112933
12.2845
-0.0424347
0.0744406
-0.0345784
0
00:56:722: <MSG>: 
23.4483
12.3103
0.200532
0.112638
12.2837
-0.0418425
0.071929
-0.0384213
0
00:56:731: <MSG>: 
23.4483
12.3075
0.195745
0.112272
12.2847
-0.0382233
0.0698527
-0.0429157
0
00:56:740: <MSG>: 
23.4483
12.3076
0.191335
0.111911
12.2854
-0.0369744
0.0676174
-0.0474212
0
00:56:749: <MSG>: 
23.4483
12.3146
0.17494
0.110729
12.2953
-0.0244557
0.0602093
-0.0633683
0
00:56:759: <MSG>: 
23.4483
12.3146
0.17494
0.109978
12.3052
-0.0107409
0.0575341
-0.0724642
0
00:56:768: <MSG>: 
23.4483
12.3011
0.151622
0.109798
12.3053
-0.00897497
0.0567511
-0.0739556
0
00:56:778: <MSG>: 
23.4483
12.2828
0.160541
0.109307
12.3098
-0.00156427
0.0548158
-0.0796217
0
00:56:787: <MSG>: 
23.2135
12.2728
0.206444
0.109251
12.3086
-0.00228178
0.00568734
-0.078944
0
00:56:797: <MSG>: 
23.2135
12.2728
0.206444
0.110035
12.2871
-0.0276398
0.00829732
-0.0673488
0
00:56:807: <MSG>: 
23.2135
12.2817
0.17394
0.109689
12.2905
-0.0238592
0.00761702
-0.0709979
0
00:56:816: <MSG>: 
23.2135
12.2864
0.135581
0.10928
12.2956
-0.0174787
0.0060093
-0.0756709
0
00:56:826: <MSG>: 
23.2135
12.2898
0.171142
0.10903
12.2992
-0.0135467
0.00623696
-0.0777771
0
00:56:834: <MSG>: 
23.2135
12.2883
0.173145
0.108675
12.3066
-0.00505409
0.00638849
-0.0812679
0
00:56:844: <MSG>: 
23.2135
12.2883
0.173145
0.10918
12.3045
-0.00910806
0.00795828
-0.0719639
0
00:56:853: <MSG>: 
23.2135
12.2816
0.149262
0.109466
12.3022
-0.0132416
0.00891194
-0.0663448
0
00:56:862: <MSG>: 
23.2135
12.2838
0.180916
0.109537
12.2989
-0.0177996
0.00946293
-0.0641766
0
00:56:872: <MSG>: 
23.2135
12.2931
0.163747
0.109719
12.2979
-0.0207889
0.00943861
-0.0605328
0
00:56:881: <MSG>: 
23.2135
12.2871
0.16814
0.109444
12.3095
-0.00650627
0.0106784
-0.0628285
0
00:56:890: <MSG>: 
23.2135
12.2871
0.16814
0.109269
12.3166
0.000643782
0.0116398
-0.0639124
0
00:56:899: <MSG>: 
23.2135
12.293
0.162134
0.109083
12.326
0.0101199
0.0122793
-0.0652374
0
00:56:909: <MSG>: 
23.2135
12.2903
0.177127
0.109006
12.3349
0.0199556
0.013823
-0.0648759
0
00:56:918: <MSG>: 
23.2135
12.2889
0.155162
0.108678
12.3541
0.0410343
0.0146095
-0.06792
0
00:56:927: <MSG>: 
23.2135
12.2889
0.155162
0.108538
12.3705
0.0594402
0.0161706
-0.0682731
0
00:56:936: <MSG>: 
23.2135
12.2839
0.168679
0.108443
12.3894
0.0807907
0.0180654
-0.0679717
0
00:56:946: <MSG>: 
23.2135
12.291
0.160078
0.108378
12.4108
0.104885
0.019944
-0.0672092
0
00:56:955: <MSG>: 
23.2135
12.2943
0.153482
0.108404
12.4234
0.117459
0.0210816
-0.0655326
0
00:56:964: <MSG>: 
23.2135
12.2942
0.159476
0.108381
12.4457
0.141737
0.022912
-0.0643028
0
00:56:972: <MSG>: 
23.2135
12.2942
0.159476
0.108324
12.4469
0.141763
0.0225597
-0.0643152
0
00:56:981: <MSG>: 
23.2135
12.2961
0.159607
0.108266
12.4482
0.141789
0.0222154
-0.0643277
0
00:56:990: <MSG>: 
23.2135
12.2999
0.153793
0.108206
12.4494
0.141812
0.0218467
-0.0643387
0
00:56:999: <MSG>: 
23.2135
12.2999
0.153793
0.108148
12.4506
0.141839
0.0214908
-0.0643516
0
00:57:008: <MSG>: 
23.2135
12.3086
0.162999
0.108089
12.4521
0.141862
0.0211832
-0.0643628
0
00:57:016: <MSG>: 
23.2135
12.3148
0.160696
0.108032
12.453
0.141889
0.0208215
-0.0643754
0
00:57:026: <MSG>: 
23.2135
12.3236
0.155245
0.108172
12.4303
0.114966
0.0231709
-0.0610028
0
00:57:035: <MSG>: 
23.2135
12.3236
0.155245
0.108263
12.4052
0.0843562
0.0254888
-0.0583928
0
00:57:044: <MSG>: 
23.2135
12.3253
0.159119
0.108255
12.3793
0.0535996
0.0278082
-0.0571718
0
00:57:054: <MSG>: 
23.2135
12.3345
0.161289
0.108217
12.3539
0.022848
0.0303617
-0.0562161
0
00:57:063: <MSG>: 
23.2135
12.3331
0.154444
0.108408
12.3364
0.00186698
0.0331783
-0.052192
0
00:57:072: <MSG>: 
23.2135
12.3374
0.147538
0.108359
12.3368
0.00186739
0.0329914
-0.0522034
0
00:57:081: <MSG>: 
23.2135
12.3374
0.147538
0.108147
12.3366
0.00222943
0.0260441
-0.0564627
0
00:57:091: <MSG>: 
23.2135
12.3336
0.147497
0.10769
12.341
0.00907112
0.0192711
-0.0641396
0
00:57:099: <MSG>: 
23.2135
12.3317
0.136055
0.107568
12.3431
0.0106301
0.0112655
-0.0672312
0
00:57:109: <MSG>: 
23.2135
12.3317
0.136055
0.10741
12.3461
0.0139632
0.00459519
-0.0703627
0
00:57:117: <MSG>: 
23.2135
12.3252
0.144634
0.107097
12.3517
0.020855
-0.000289086
-0.0752155
0
00:57:127: <MSG>: 
23.2135
12.3226
0.147193
0.106892
12.3579
0.0280696
-0.00483202
-0.0782353
0
00:57:137: <MSG>: 
23.2135
12.3235
0.150033
0.106731
12.3638
0.0347068
-0.00773406
-0.0801277
0
00:57:146: <MSG>: 
23.2135
12.3266
0.148221
0.106534
12.3689
0.0402303
-0.0109632
-0.0826183
1
00:57:156: <MSG>: 
23.2135
12.3266
0.148221
0.106418
12.3704
0.0411956
-0.0142225
-0.0839405
0
00:57:165: <MSG>: 
23.2135
12.3283
0.14823
0.106232
12.3744
0.0448547
-0.0170836
-0.0861748
0
00:57:174: <MSG>: 
23.2135
12.3249
0.144964
0.106069
12.3761
0.0464766
-0.0203269
-0.0881223
0
00:57:183: <MSG>: 
23.2135
12.327
0.143017
0.106124
12.3743
0.0436876
-0.0227458
-0.086752
0
00:57:193: <MSG>: 
23.2135
12.327
0.143017
0.106087
12.3741
0.0433229
-0.0248283
-0.0866007
0
00:57:203: <MSG>: 
23.2135
12.3268
0.144513
0.106026
12.3754
0.0449297
-0.0260447
-0.0864914
0
00:57:212: <MSG>: 
23.2135
12.3279
0.135633
0.105894
12.3792
0.0492534
-0.0268667
-0.0873021
0
00:57:222: <MSG>: 
23.2135
12.3285
0.141075
0.105797
12.3822
0.0528842
-0.0275185
-0.0875713
0
00:57:231: <MSG>: 
23.2135
12.3288
0.128887
0.105771
12.3818
0.0512121
-0.0289415
-0.0870795
0
00:57:241: <MSG>: 
23.2135
12.3288
0.128887
0.105556
12.3862
0.0556019
-0.0300436
-0.0890878
0
00:57:250: <MSG>: 
23.2135
12.3256
0.137832
0.105403
12.3901
0.0595168
-0.0306457
-0.0901529
0
00:57:259: <MSG>: 
23.2135
12.325
0.150919
0.105177
12.3929
0.061911
-0.0320654
-0.0924003
0
00:57:268: <MSG>: 
24.1477
12.3325
0.0936245
0.104922
12.4013
0.0691552
0.154914
-0.0959365
0
00:57:277: <MSG>: 
24.1477
12.327
0.12019
0.104843
12.4073
0.0758631
0.156024
-0.0953486
0
00:57:287: <MSG>: 
24.1477
12.327
0.12019
0.104686
12.4143
0.083596
0.156037
-0.0961379
0
00:57:296: <MSG>: 
24.1477
12.3133
0.152558
0.104709
12.4197
0.0890489
0.157818
-0.0938902
0
00:57:306: <MSG>: 
24.1477
12.324
0.113702
0.104958
12.4092
0.0745224
0.159019
-0.0893815
0
00:57:315: <MSG>: 
24.1477
12.3314
0.0739816
0.105072
12.4002
0.0622668
0.159245
-0.0868807
0
00:57:324: <MSG>: 
24.1477
12.3314
0.0739816
0.105243
12.392
0.0511733
0.159011
-0.0838077
0
00:57:333: <MSG>: 
24.1477
12.3353
0.116146
0.105387
12.386
0.0427157
0.157297
-0.0815088
0
00:57:342: <MSG>: 
24.1477
12.3334
0.151633
0.105505
12.3784
0.0331308
0.157171
-0.0791408
0
00:57:352: <MSG>: 
24.1477
12.3301
0.143765
0.105776
12.3745
0.0275499
0.156974
-0.0748021
0
00:57:361: <MSG>: 
24.1477
12.3301
0.143765
0.106139
12.3693
0.0206031
0.155546
-0.069872
0
00:57:371: <MSG>: 
24.1477
12.338
0.186175
0.106409
12.3641
0.0136569
0.154341
-0.0660686
0
00:57:380: <MSG>: 
24.1477
12.3453
0.172691
0.106942
12.3601
0.00780652
0.154172
-0.0587587
0
00:57:389: <MSG>: 
24.1477
12.3385
0.16275
0.107537
12.3562
0.00277779
0.1532
-0.0510161
0
00:57:399: <MSG>: 
24.1477
12.3347
0.157786
0.107404
12.3654
0.0122725
0.154219
-0.0518517
0
00:57:409: <MSG>: 
24.1477
12.3347
0.157786
0.107303
12.3751
0.0224328
0.155134
-0.0521973
0
00:57:418: <MSG>: 
24.1477
12.3375
0.170046
0.107162
12.3917
0.0405252
0.157184
-0.0527407
0
00:57:428: <MSG>: 
24.1477
12.3353
0.167019
0.106988
12.413
0.0643874
0.15986
-0.0535272
0
00:57:436: <MSG>: 
24.1477
12.3345
0.166872
0.106838
12.4367
0.0910746
0.162497
-0.05401
0
00:57:446: <MSG>: 
24.1477
12.3359
0.170291
0.10681
12.4578
0.11503
0.164843
-0.0528184
0
00:57:455: <MSG>: 
24.1477
12.3359
0.170291
0.106789
12.4778
0.136677
0.167168
-0.0515971
0
00:57:464: <MSG>: 
24.1477
12.3378
0.158017
0.106794
12.5017
0.162854
0.169683
-0.0498981
0
00:57:472: <MSG>: 
24.1477
12.3352
0.168961
0.106756
12.5031
0.162861
0.169298
-0.0499008
0
00:57:481: <MSG>: 
24.1477
12.3393
0.164564
0.106715
12.5043
0.162868
0.168869
-0.0499036
0
00:57:490: <MSG>: 
24.1477
12.3393
0.164564
0.106675
12.5057
0.162876
0.168462
-0.0499066
0
00:57:498: <MSG>: 
24.1477
12.345
0.1615
0.106634
12.5071
0.162882
0.168055
-0.049909
0
00:57:507: <MSG>: 
24.1477
12.3478
0.168136
0.106595
12.5084
0.16289
0.167641
-0.049912
0
00:57:517: <MSG>: 
24.1477
12.3544
0.173091
0.107098
12.513
0.167427
0.171056
-0.041164
0
00:57:526: <MSG>: 
24.1477
12.3544
0.173091
0.107196
12.4894
0.140211
0.174381
-0.0383068
0
00:57:536: <MSG>: 
24.1477
12.3563
0.169273
0.107414
12.4706
0.117528
0.177639
-0.0338502
0
00:57:545: <MSG>: 
24.1477
12.3686
0.169371
0.107587
12.4547
0.0978449
0.180918
-0.0300906
0
00:57:555: <MSG>: 
24.1477
12.3683
0.178214
0.107674
12.4364
0.0760953
0.184503
-0.0274732
0
00:57:564: <MSG>: 
24.1477
12.3683
0.178214
0.107794
12.4181
0.0541007
0.188671
-0.0242733
0
00:57:573: <MSG>: 
24.1477
12.3741
0.170018
0.106756
12.4141
0.0506112
0.180041
-0.0387845
0
00:57:582: <MSG>: 
24.1477
12.3707
0.17408
0.10641
12.4072
0.0427982
0.17468
-0.0439725
0
00:57:591: <MSG>: 
24.1477
12.3735
0.17528
0.106187
12.4031
0.037236
0.169446
-0.0476542
0
00:57:601: <MSG>: 
24.1477
12.3658
0.178459
0.106004
12.3994
0.0324256
0.16497
-0.0505274
0
00:57:610: <MSG>: 
24.1477
12.3658
0.178459
0.105723
12.3983
0.0304555
0.159349
-0.054883
0
00:57:620: <MSG>: 
24.1477
12.3651
0.177049
0.105403
12.3951
0.0262464
0.154392
-0.059446
0
00:57:629: <MSG>: 
24.1477
12.3653
0.178571
0.105153
12.393
0.0234631
0.150123
-0.0629151
0
00:57:639: <MSG>: 
24.1477
12.3651
0.173348
0.105713
12.3814
0.00920015
0.149406
-0.0557147
0
00:57:649: <MSG>: 
24.1477
12.3651
0.173348
0.10603
12.3728
-0.000738977
0.148094
-0.0516205
0
00:57:658: <MSG>: 
24.1477
12.3683
0.175794
0.106268
12.3662
-0.00796099
0.146956
-0.0485273
1
00:57:667: <MSG>: 
24.1477
12.365
0.175436
0.106383
12.3608
-0.0129246
0.145643
-0.046941
0
00:57:677: <MSG>: 
24.1477
12.3667
0.173617
0.106342
12.3598
-0.0126361
0.145091
-0.0470073
0
00:57:687: <MSG>: 
24.1477
12.3611
0.174023
0.106447
12.3555
-0.0159592
0.144631
-0.0452697
0
00:57:697: <MSG>: 
24.1477
12.3611
0.174023
0.10642
12.3532
-0.0177375
0.143742
-0.0452877
0
00:57:706: <MSG>: 
24.1477
12.3641
0.170069
0.106397
12.3517
-0.0189883
0.143064
-0.0452081
0
00:57:716: <MSG>: 
24.1477
12.355
0.172019
0.106349
12.3503
-0.0190834
0.143109
-0.0452174
0
00:57:725: <MSG>: 
24.1477
12.3558
0.162347
0.10627
12.3496
-0.019387
0.142419
-0.0457997
0
00:57:735: <MSG>: 
24.1477
12.352
0.173173
0.106142
12.3505
-0.0166719
0.142539
-0.0467456
0
00:57:744: <MSG>: 
24.1477
12.352
0.173173
0.106164
12.3491
-0.0174312
0.142808
-0.045801
0
00:57:754: <MSG>: 
24.1477
12.3539
0.164527
0.106081
12.3506
-0.0145889
0.143214
-0.0461153
0
00:57:763: <MSG>: 
24.1477
12.3483
0.163966
0.106062
12.351
-0.0129005
0.143953
-0.0455276
0
00:57:773: <MSG>: 
24.1477
12.3414
0.205434
0.105501
12.3637
0.00278404
0.143707
-0.0519606
0
00:57:782: <MSG>: 
24.1477
12.3414
0.183097
0.105474
12.367
0.00678481
0.144965
-0.0512427
0
00:57:792: <MSG>: 
24.1477
12.3414
0.183097
0.105477
12.3707
0.0110518
0.148051
-0.0495916
0
00:57:802: <MSG>: 
23.5566
12.3344
0.190425
0.105663
12.3705
0.0119299
0.0353846
-0.0450535
0
00:57:811: <MSG>: 
23.5566
12.3201
0.238829
0.105904
12.3771
0.0183884
0.0412886
-0.0396718
0
00:57:821: <MSG>: 
23.5566
12.3102
0.237926
0.106012
12.3837
0.0272534
0.0465013
-0.0361628
0
00:57:831: <MSG>: 
23.5566
12.3224
0.185137
0.106543
12.3645
0.00225953
0.0451343
-0.0293863
0
00:57:841: <MSG>: 
23.5566
12.3224
0.185137
0.107077
12.3631
-0.000967412
0.0492114
-0.019807
0
00:57:850: <MSG>: 
23.5566
12.3249
0.206158
0.107598
12.3602
-0.00523186
0.0524548
-0.0108833
0
00:57:859: <MSG>: 
23.5566
12.3292
0.221658
0.107958
12.3579
-0.00919832
0.0571523
-0.00406482
0
00:57:868: <MSG>: 
23.5566
12.3295
0.184934
0.108128
12.3581
-0.0101112
0.0584939
-0.00115231
0
00:57:877: <MSG>: 
23.5566
12.3335
0.193882
0.108504
12.3618
-0.00590115
0.0643204
0.00537315
0
00:57:886: <MSG>: 
23.5566
12.3335
0.193882
0.108514
12.3736
0.00751208
0.0684158
0.00672535
0
00:57:896: <MSG>: 
23.5566
12.3446
0.204981
0.108625
12.3852
0.0193
0.0737104
0.00970788
0
00:57:904: <MSG>: 
23.5566
12.3349
0.1886
0.108848
12.3933
0.028502
0.0789228
0.0140925
0
00:57:914: <MSG>: 
23.5566
12.3343
0.197409
0.109061
12.4028
0.038357
0.0834888
0.0180767
0
00:57:923: <MSG>: 
23.5566
12.3343
0.197409
0.10929
12.4141
0.0504428
0.0884203
0.0223767
0
00:57:932: <MSG>: 
23.5566
12.3293
0.212077
0.109574
12.4251
0.0625655
0.0935154
0.0274084
0
00:57:941: <MSG>: 
23.5566
12.3334
0.205179
0.109907
12.4399
0.077943
0.0991877
0.0331777
0
00:57:951: <MSG>: 
23.5566
12.329
0.201218
0.110195
12.4529
0.0917872
0.104299
0.0381663
0
00:57:960: <MSG>: 
23.5566
12.329
0.201218
0.110538
12.4662
0.105134
0.109291
0.0437606
0
00:57:969: <MSG>: 
23.5566
12.3372
0.202113
0.11089
12.4811
0.120216
0.114201
0.0494019
0
00:57:978: <MSG>: 
23.5566
12.3392
0.191934
0.11118
12.5008
0.141112
0.118327
0.0539566
0
00:57:988: <MSG>: 
23.5566
12.3382
0.192916
0.111469
12.4692
0.102711
0.121946
0.057977
0
00:57:996: <MSG>: 
23.5566
12.3354
0.203831
0.111506
12.4699
0.10272
0.122522
0.0579823
0
00:58:005: <MSG>: 
23.5566
12.3354
0.203831
0.111544
12.4708
0.102729
0.123146
0.0579879
0
00:58:014: <MSG>: 
23.5566
12.3365
0.191409
0.111583
12.4715
0.102736
0.123755
0.0579925
0
00:58:022: <MSG>: 
23.5566
12.3467
0.199829
0.111621
12.4725
0.102745
0.124408
0.0579978
0
00:58:031: <MSG>: 
23.5566
12.3467
0.199829
0.11166
12.4734
0.102753
0.125048
0.0580026
0
00:58:041: <MSG>: 
23.5566
12.3578
0.201693
0.111844
12.4479
0.07225
0.129449
0.0608899
0
00:58:050: <MSG>: 
23.5566
12.3643
0.195406
0.112115
12.4274
0.0467213
0.133674
0.0648637
0
00:58:059: <MSG>: 
23.5566
12.36
0.192281
0.112376
12.4087
0.0239667
0.13758
0.068591
0
00:58:068: <MSG>: 
23.5566
12.36
0.192281
0.112378
12.3864
-0.00273394
0.140428
0.0685687
0
00:58:078: <MSG>: 
23.5566
12.363
0.202605
0.112173
12.3829
-0.0060592
0.135407
0.0629482
0
00:58:088: <MSG>: 
23.5566
12.3578
0.202198
0.11234
12.3759
-0.0138314
0.130777
0.0629332
0
00:58:097: <MSG>: 
23.5566
12.3579
0.203121
0.112201
12.3747
-0.0145944
0.127004
0.0588504
0
00:58:106: <MSG>: 
23.5566
12.3572
0.206953
0.112025
12.3734
-0.0150389
0.123152
0.0543194
0
00:58:115: <MSG>: 
23.5566
12.3572
0.206953
0.111988
12.3723
-0.0159989
0.119695
0.0519578
0
00:58:125: <MSG>: 
23.5566
12.3586
0.199067
0.111818
12.3744
-0.0128624
0.116588
0.047889
0
00:58:134: <MSG>: 
23.5566
12.3564
0.205845
0.111817
12.3769
-0.00963547
0.115045
0.0467171
0
00:58:144: <MSG>: 
23.5566
12.3542
0.201648
0.111919
12.3657
-0.0233491
0.119459
0.0486848
0
00:58:153: <MSG>: 
23.5566
12.3542
0.201648
0.112054
12.3631
-0.0261475
0.116626
0.0489649
1
00:58:163: <MSG>: 
23.5566
12.3538
0.20574
0.112369
12.3577
-0.0317091
0.115364
0.0521957
0
00:58:172: <MSG>: 
23.5566
12.3521
0.197373
0.112537
12.3535
-0.0355331
0.113775
0.0532342
0
00:58:181: <MSG>: 
23.5566
12.355
0.210063
0.112584
12.3532
-0.0351659
0.113648
0.0530774
0
00:58:191: <MSG>: 
23.5566
12.3548
0.200836
0.112586
12.3524
-0.0352191
0.112759
0.0520538
0
00:58:200: <MSG>: 
23.5566
12.3548
0.200836
0.112596
12.3512
-0.0357743
0.111661
0.0510919
0
00:58:209: <MSG>: 
23.5566
12.3533
0.207509
0.112452
12.3546
-0.0305719
0.111687
0.0484702
0
00:58:219: <MSG>: 
23.5566
12.3526
0.204036
0.112366
12.357
-0.0267766
0.111789
0.0466443
0
00:58:228: <MSG>: 
23.5566
12.3538
0.211563
0.112302
12.3595
-0.0227952
0.112179
0.0452756
0
00:58:237: <MSG>: 
23.5566
12.3538
0.211563
0.112347
12.3613
-0.019781
0.113322
0.0455914
0
00:58:247: <MSG>: 
23.5566
12.3511
0.197927
0.112228
12.3659
-0.0134264
0.113963
0.0435562
0
00:58:257: <MSG>: 
23.5566
12.3502
0.207822
0.112164
12.369
-0.00967246
0.115033
0.0424287
0
00:58:266: <MSG>: 
23.5566
12.3491
0.204487
0.112194
12.3695
-0.00940873
0.115798
0.0424754
0
00:58:276: <MSG>: 
23.5566
12.3498
0.214964
0.112196
12.3724
-0.00579917
0.117401
0.0424315
0
00:58:285: <MSG>: 
23.5566
12.3498
0.214964
0.111603
12.3834
0.0071447
0.115724
0.0333572
0
00:58:294: <MSG>: 
23.5566
12.3657
0.239154
0.111684
12.39
0.0152505
0.118925
0.0350686
0
00:58:304: <MSG>: 
23.4699
12.3387
0.168882
0.11167
12.3959
0.0222031
0.102942
0.0349796
0
00:58:312: <MSG>: 
23.4699
12.3264
0.226563
0.111831
12.4016
0.0290172
0.106934
0.0380266
0
00:58:322: <MSG>: 
23.4699
12.3277
0.246893
0.112095
12.4064
0.034969
0.111863
0.042688
0
00:58:331: <MSG>: 
23.4699
12.3277
0.246893
0.11305
12.3996
0.0249711
0.118812
0.0556128
0
00:58:341: <MSG>: 
23.4699
12.3405
0.22216
0.11375
12.3946
0.0171184
0.125102
0.0651316
0
00:58:350: <MSG>: 
23.4699
12.3389
0.193795
0.114225
12.3896
0.00977013
0.128558
0.0709885
0
00:58:359: <MSG>: 
23.4699
12.3354
0.240089
0.114974
12.3862
0.00500742
0.133469
0.0804868
0
00:58:369: <MSG>: 
23.4699
12.3354
0.240089
0.115698
12.3825
-0.00037111
0.136794
0.0890488
0
00:58:378: <MSG>: 
23.4699
12.3354
0.230179
0.116459
12.3774
-0.00706525
0.140345
0.0979859
0
00:58:387: <MSG>: 
23.4699
12.3375
0.226958
0.117267
12.373
-0.0129605
0.143306
0.107137
0
00:58:397: <MSG>: 
23.4699
12.3514
0.253689
0.118348
12.3704
-0.0171747
0.147537
0.11962
0
00:58:406: <MSG>: 
23.4699
12.3514
0.253689
0.118999
12.3668
-0.0220204
0.150963
0.126754
0
00:58:415: <MSG>: 
23.4699
12.3496
0.2386
0.119201
12.3729
-0.0160817
0.155102
0.129214
0
00:58:424: <MSG>: 
23.4699
12.3436
0.247692
0.1193
12.3831
-0.00461704
0.15896
0.130141
0
00:58:433: <MSG>: 
23.4699
12.3426
0.245317
0.119463
12.3967
0.00992216
0.163637
0.13206
0
00:58:443: <MSG>: 
23.4699
12.3443
0.255453
0.11965
12.4099
0.0245033
0.167632
0.134096
0
00:58:452: <MSG>: 
23.4699
12.3443
0.255453
0.119793
12.4316
0.0488027
0.172879
0.135995
0
00:58:462: <MSG>: 
23.4699
12.3446
0.242225
0.119939
12.4534
0.0733734
0.177089
0.13756
0
00:58:471: <MSG>: 
23.4699
12.343
0.254262
0.120202
12.4692
0.0905121
0.181359
0.140777
0
00:58:480: <MSG>: 
23.4699
12.3498
0.245415
0.120428
12.4894
0.112136
0.185077
0.143188
0
00:58:489: <MSG>: 
23.4699
12.3437
0.246731
0.120669
12.5096
0.134672
0.188584
0.145784
0
00:58:498: <MSG>: 
23.4699
12.3437
0.246731
0.120903
12.485
0.105806
0.19202
0.147889
0
00:58:507: <MSG>: 
23.4699
12.3485
0.252279
0.121007
12.4862
0.105802
0.193266
0.147886
0
00:58:515: <MSG>: 
23.4699
12.3488
0.24493
0.121121
12.4869
0.105799
0.194535
0.147882
0
00:58:524: <MSG>: 
23.4699
12.3549
0.250201
0.121233
12.4878
0.105795
0.195827
0.147878
0
00:58:533: <MSG>: 
23.4699
12.3549
0.250201
0.12135
12.4887
0.105792
0.197172
0.147874
0
00:58:542: <MSG>: 
23.4699
12.3624
0.257203
0.121469
12.4898
0.105788
0.198558
0.14787
0
00:58:553: <MSG>: 
23.4699
12.3676
0.2619
0.121673
12.4735
0.0869882
0.202745
0.149429
0
00:58:564: <MSG>: 
23.4699
12.371
0.250701
0.120612
12.4598
0.0714655
0.193232
0.132131
0
00:58:573: <MSG>: 
23.4699
12.371
0.250701
0.119854
12.4464
0.0562412
0.185002
0.119072
0
00:58:583: <MSG>: 
23.4699
12.3686
0.258945
0.119344
12.4347
0.0431613
0.178331
0.109495
0
00:58:593: <MSG>: 
23.4699
12.3741
0.25233
0.119039
12.4258
0.0321206
0.172326
0.102518
0
00:58:602: <MSG>: 
23.4699
12.3655
0.259223
0.118438
12.4194
0.0260862
0.165459
0.0921772
0
00:58:611: <MSG>: 
23.4699
12.3698
0.251103
0.117743
12.4172
0.0236542
0.15848
0.0807783
0
00:58:620: <MSG>: 
23.4699
12.3698
0.251103
0.117386
12.4101
0.0154847
0.152852
0.0737975
0
00:58:630: <MSG>: 
23.4699
12.3662
0.259403
0.11706
12.4038
0.00902204
0.147874
0.0674912
0
00:58:639: <MSG>: 
23.4699
12.3694
0.243855
0.117237
12.3932
-0.00318176
0.144987
0.0677037
0
00:58:647: <MSG>: 
23.4699
12.3651
0.251682
0.117278
12.3851
-0.0109433
0.143291
0.0667801
0
00:58:657: <MSG>: 
23.4699
12.364
0.244298
0.117522
12.3777
-0.020139
0.147744
0.0705164
1
00:58:666: <MSG>: 
23.4699
12.364
0.244298
0.117624
12.3696
-0.029853
0.152058
0.0722207
0
00:58:676: <MSG>: 
23.4699
12.3654
0.248646
0.117865
12.3612
-0.0407354
0.156837
0.0759507
0
00:58:685: <MSG>: 
23.4699
12.3648
0.2493
0.118035
12.3525
-0.0513279
0.160645
0.0783331
0
00:58:695: <MSG>: 
23.4699
12.366
0.248951
0.118164
12.3452
-0.0607165
0.164453
0.0801675
0
00:58:704: <MSG>: 
23.4699
12.366
0.248951
0.118269
12.3382
-0.0692078
0.168358
0.0816761
0
00:58:713: <MSG>: 
23.4699
12.36
0.248466
0.118383
12.3304
-0.0778942
0.172388
0.0833249
0
00:58:723: <MSG>: 
23.4699
12.3632
0.244994
0.118466
12.3241
-0.0857608
0.176245
0.0844796
0
00:58:733: <MSG>: 
23.4699
12.3591
0.256804
0.11878
12.3186
-0.0914853
0.179577
0.0885008
0
00:58:742: <MSG>: 
23.4699
12.3589
0.24768
0.119006
12.3148
-0.0961993
0.182335
0.0911613
0
00:58:752: <MSG>: 
23.4699
12.3589
0.24768
0.119346
12.3116
-0.0994614
0.185315
0.0953488
0
00:58:761: <MSG>: 
23.4699
12.3508
0.257625
0.119618
12.3065
-0.105107
0.188883
0.0987736
0
00:58:771: <MSG>: 
23.4699
12.3526
0.287423
0.119829
12.3019
-0.110938
0.192316
0.10128
0
00:58:780: <MSG>: 
23.4699
12.3377
0.239625
0.119906
12.297
-0.116474
0.195895
0.102102
0
00:58:789: <MSG>: 
23.4699
12.3203
0.237491
0.120468
12.2946
-0.118716
0.199225
0.109195
0
00:58:799: <MSG>: 
23.4699
12.3203
0.237491
0.120761
12.2924
-0.120879
0.201132
0.112157
0
00:58:808: <MSG>: 
23.4699
12.3051
0.290517
0.121256
12.2904
-0.123033
0.204286
0.118128
0
00:58:818: <MSG>: 
23.2983
12.3018
0.264858
0.121814
12.2885
-0.124457
0.169563
0.123836
0
00:58:827: <MSG>: 
23.2983
12.3018
0.236104
0.1223
12.287
-0.12588
0.169332
0.128307
0
00:58:837: <MSG>: 
23.2983
12.3057
0.263892
0.122436
12.2848
-0.128118
0.171199
0.128871
0
00:58:846: <MSG>: 
23.2983
12.3057
0.263892
0.122546
12.2833
-0.129646
0.17004
0.128033
0
00:58:855: <MSG>: 
23.2983
12.31
0.276123
0.12288
12.2804
-0.132641
0.170892
0.1309
0
00:58:864: <MSG>: 
23.2983
12.3029
0.243633
0.122847
12.2102
-0.203121
0.171458
0.128648
0
00:58:874: <MSG>: 
23.2983
12.3066
0.272571
0.123168
12.1433
-0.272765
0.174972
0.13118
0
00:58:884: <MSG>: 
23.2983
12.3066
0.272571
0.123368
12.0838
-0.3354
0.175438
0.131328
0
00:58:894: <MSG>: 
23.2983
12.3075
0.262721
0.123318
12.0217
-0.401016
0.174933
0.128443
0
00:58:903: <MSG>: 
23.2983
12.3087
0.2522
0.122802
11.9591
-0.467528
0.171608
0.119626
0
00:58:912: <MSG>: 
23.2983
12.3069
0.248653
0.122579
11.9144
-0.515385
0.167611
0.11411
0
00:58:922: <MSG>: 
23.2983
12.2959
0.255467
0.122281
11.9227
-0.503039
0.165053
0.108696
0
00:58:931: <MSG>: 
23.2983
12.2959
0.255467
0.121956
11.934
-0.487464
0.162636
0.10308
0
00:58:941: <MSG>: 
23.2983
12.2618
0.242147
0.12166
11.9477
-0.468553
0.160581
0.097875
0
00:58:950: <MSG>: 
23.2983
12.2181
0.231016
0.121294
11.9665
-0.44374
0.157804
0.09184
0
00:58:959: <MSG>: 
23.2983
12.165
0.236608
0.120891
11.9238
-0.489906
0.15604
0.0853276
0
00:58:968: <MSG>: 
23.2983
12.165
0.236608
0.120571
11.9559
-0.448472
0.154228
0.0803013
0
00:58:977: <MSG>: 
23.2983
12.1003
0.221644
0.120241
11.9259
-0.478819
0.152834
0.0748884
0
00:58:986: <MSG>: 
23.2983
12.0509
0.238237
0.12001
11.895
-0.511791
0.152587
0.0710312
0
00:58:996: <MSG>: 
23.2983
12.0189
0.238897
0.12007
11.8898
-0.511792
0.153292
0.0710288
0
00:59:004: <MSG>: 
23.2983
12.0186
0.237192
0.120124
11.8856
-0.511794
0.153947
0.0710265
0
00:59:013: <MSG>: 
23.2983
12.0186
0.237192
0.12018
11.881
-0.511795
0.154639
0.071024
0
00:59:022: <MSG>: 
23.2983
12.0266
0.239446
0.120234
11.8766
-0.511796
0.155331
0.0710217
0
00:59:031: <MSG>: 
23.2983
12.0298
0.236607
0.120292
11.8722
-0.511797
0.156022
0.0710195
0
00:59:040: <MSG>: 
23.2983
12.0298
0.236607
0.119955
11.8535
-0.530695
0.155492
0.0658107
0
00:59:049: <MSG>: 
23.2983
12.0242
0.231692
0.119704
11.8398
-0.54356
0.155151
0.0618114
0
00:59:058: <MSG>: 
23.2983
12.0146
0.226006
0.119324
11.8264
-0.555519
0.154231
0.0561335
0
00:59:067: <MSG>: 
23.2983
12.004
0.23914
0.118948
11.8147
-0.565142
0.153875
0.0507393
0
00:59:076: <MSG>: 
23.2983
12.004
0.23914
0.118567
11.8024
-0.576162
0.153743
0.0454072
0
00:59:086: <MSG>: 
23.2983
11.9933
0.224995
0.117952
11.8331
-0.531058
0.143899
0.0328668
0
00:59:094: <MSG>: 
23.2983
11.9864
0.236527
0.117648
11.8618
-0.490748
0.136019
0.0257331
0
00:59:103: <MSG>: 
23.2983
11.9758
0.223458
0.117356
11.8879
-0.454296
0.128844
0.0191094
0
00:59:112: <MSG>: 
23.2983
11.9758
0.223458
0.117159
11.9115
-0.421551
0.121358
0.0138107
1
00:59:121: <MSG>: 
23.2983
11.9659
0.22864
0.116732
11.9333
-0.3912
0.114944
0.00567985
0
00:59:130: <MSG>: 
23.2983
11.951
0.216264
0.116422
11.9529
-0.364425
0.108488
-0.000670031
0
00:59:140: <MSG>: 
23.2983
11.941
0.229732
0.116015
11.9741
-0.335988
0.102946
-0.00797044
0
00:59:150: <MSG>: 
23.2983
11.941
0.229732
0.115678
11.9947
-0.308996
0.0981095
-0.0139631
0
00:59:159: <MSG>: 
23.2983
11.9382
0.226555
0.115436
12.0091
-0.289774
0.0931914
-0.0185691
0
00:59:169: <MSG>: 
23.2983
11.9458
0.224877
0.115402
12.0186
-0.277034
0.0879865
-0.0203049
0
00:59:178: <MSG>: 
23.2983
11.9543
0.227358
0.115349
12.0273
-0.264867
0.084307
-0.0218359
0
00:59:187: <MSG>: 
23.2983
11.9634
0.222787
0.115097
12.0388
-0.248866
0.0810871
-0.0259671
0
00:59:197: <MSG>: 
23.2983
11.9634
0.222787
0.115001
12.0466
-0.238644
0.077886
-0.0278673
0
00:59:206: <MSG>: 
23.2983
11.9689
0.221683
0.114926
12.0539
-0.229127
0.0751053
-0.0293317
0
00:59:215: <MSG>: 
23.2983
11.9741
0.221318
0.114549
12.067
-0.212101
0.0730052
-0.0347119
0
00:59:224: <MSG>: 
23.2983
11.9775
0.222847
0.114208
12.0792
-0.196723
0.0710006
-0.0394976
0
00:59:234: <MSG>: 
23.2983
11.9862
0.216464
0.114121
12.0854
-0.188354
0.068638
-0.0408209
0
00:59:243: <MSG>: 
23.2983
11.9862
0.216464
0.113669
12.0943
-0.17706
0.064568
-0.0476245
0
00:59:253: <MSG>: 
23.2983
12.0172
0.257295
0.113526
12.1104
-0.156417
0.0673753
-0.0480231
0
00:59:263: <MSG>: 
23.2983
12.0102
0.193371
0.113462
12.1204
-0.144112
0.0677433
-0.0480628
0
00:59:272: <MSG>: 
23.2452
12.0156
0.217246
0.113478
12.1283
-0.134378
0.0576019
-0.0467656
0
00:59:282: <MSG>: 
23.2452
12.0156
0.217246
0.113504
12.1353
-0.126432
0.0586339
-0.0454112
0
00:59:291: <MSG>: 
23.2452
12.0299
0.224001
0.113943
12.1314
-0.132078
0.0603448
-0.0383565
0
00:59:300: <MSG>: 
23.2452
12.0503
0.171608
0.113663
12.1463
-0.115019
0.0608928
-0.0414226
0
00:59:309: <MSG>: 
23.2452
12.0563
0.147988
0.11386
12.1547
-0.104065
0.0627472
-0.038104
0
00:59:319: <MSG>: 
23.2452
12.0609
0.19472
0.114217
12.1631
-0.0934815
0.0649321
-0.0328576
0
00:59:329: <MSG>: 
23.2452
12.0609
0.19472
0.114375
12.1705
-0.083704
0.0648975
-0.03057
0
00:59:338: <MSG>: 
23.2452
12.0605
0.197833
0.114554
12.1758
-0.0759275
0.0655864
-0.0279046
0
00:59:347: <MSG>: 
23.2452
12.0628
0.183013
0.114755
12.1823
-0.0674264
0.0655736
-0.0252139
0
00:59:357: <MSG>: 
23.2452
12.0755
0.222409
0.115059
12.1909
-0.0566163
0.0674008
-0.0207785
0
00:59:366: <MSG>: 
23.2452
12.0819
0.197301
0.115229
12.1994
-0.0466406
0.0672085
-0.0185808
0
00:59:375: <MSG>: 
23.2452
12.0819
0.197301
0.115636
12.2064
-0.037845
0.0668588
-0.013678
0
00:59:384: <MSG>: 
23.2452
12.084
0.197251
0.116026
12.2125
-0.0296092
0.066363
-0.00906963
0
00:59:394: <MSG>: 
23.2452
12.0915
0.197274
0.11626
12.2199
-0.0204255
0.066245
-0.00624023
0
00:59:403: <MSG>: 
23.2452
12.0938
0.204085
0.116044
12.2342
-0.00582645
0.067939
-0.00864827
0
00:59:412: <MSG>: 
23.2452
12.0938
0.204085
0.115889
12.2506
0.0112648
0.0701117
-0.0100061
0
00:59:421: <MSG>: 
23.2452
12.0988
0.190006
0.115691
12.269
0.0306677
0.0714546
-0.0122074
0
00:59:431: <MSG>: 
23.2452
12.0971
0.201339
0.115421
12.2903
0.0531074
0.0732781
-0.0151786
0
00:59:440: <MSG>: 
23.2452
12.1041
0.189455
0.115246
12.31
0.0738617
0.0745286
-0.0169475
0
00:59:450: <MSG>: 
23.2452
12.1052
0.184391
0.115176
12.2662
0.0247499
0.0764453
-0.0173311
0
00:59:459: <MSG>: 
23.2452
12.1052
0.184391
0.11505
12.2903
0.051001
0.0777936
-0.0183329
0
00:59:467: <MSG>: 
23.2452
12.1134
0.196649
0.115036
12.2908
0.051001
0.0776507
-0.018333
0
00:59:476: <MSG>: 
23.2452
12.1238
0.196124
0.115021
12.2911
0.051001
0.0774634
-0.0183331
0
00:59:485: <MSG>: 
23.2452
12.1359
0.194646
0.115007
12.2913
0.051001
0.0772741
-0.0183332
0
00:59:494: <MSG>: 
23.2452
12.1359
0.194646
0.114993
12.2917
0.051001
0.077103
-0.0183332
0
00:59:503: <MSG>: 
23.2452
12.1535
0.193383
0.114979
12.2925
0.051001
0.0770059
-0.0183333
0
00:59:512: <MSG>: 
23.2452
12.1635
0.195357
0.115116
12.2759
0.0325389
0.0795727
-0.0154829
0
00:59:521: <MSG>: 
23.2452
12.1749
0.18056
0.115062
12.2596
0.0139624
0.0814961
-0.0155105
0
00:59:530: <MSG>: 
23.2452
12.1749
0.18056
0.115
12.2423
-0.00657876
0.0834209
-0.0156513
0
00:59:540: <MSG>: 
23.2452
12.1759
0.195015
0.114978
12.2261
-0.0251968
0.0858007
-0.0150918
0
00:59:549: <MSG>: 
23.2452
12.1806
0.186283
0.114912
12.2141
-0.0394352
0.0876404
-0.0152663
0
00:59:559: <MSG>: 
23.2452
12.1766
0.187761
0.114858
12.2023
-0.0524543
0.0902059
-0.0150539
0
00:59:567: <MSG>: 
23.2452
12.1766
0.187761
0.114844
12.2019
-0.0524576
0.0901545
-0.0150548
0
00:59:576: <MSG>: 
23.2452
12.1791
0.183298
0.114761
12.2092
-0.0427563
0.0831245
-0.0178725
0
00:59:586: <MSG>: 
23.2452
12.1735
0.189623
0.114635
12.2168
-0.0328353
0.0759442
-0.0211817
0
00:59:595: <MSG>: 
23.2452
12.1679
0.180423
0.114201
12.2248
-0.0223169
0.0686405
-0.028011
0
00:59:604: <MSG>: 
23.2452
12.1679
0.180423
0.113765
12.2305
-0.0145687
0.0616764
-0.0347064
0
00:59:613: <MSG>: 
23.2452
12.1692
0.183279
0.113363
12.2339
-0.00950596
0.0553352
-0.0407657
0
00:59:623: <MSG>: 
23.2452
12.1678
0.179222
0.112872
12.24
-0.000707244
0.0489151
-0.0477692
0
00:59:633: <MSG>: 
23.2452
12.1693
0.176105
0.112646
12.2444
0.00472789
0.0435995
-0.05132
0
00:59:642: <MSG>: 
23.2452
12.1643
0.179562
0.112382
12.2474
0.00894865
0.0380588
-0.0553317
1
00:59:652: <MSG>: 
23.2452
12.1643
0.179562
0.112431
12.2475
0.009277
0.0347567
-0.0550174
0
00:59:661: <MSG>: 
23.2452
12.1689
0.174761
0.112534
12.2469
0.00840252
0.031648
-0.0540361
0
00:59:671: <MSG>: 
23.2452
12.1659
0.175188
0.112524
12.2464
0.00867132
0.0285069
-0.0543726
0
00:59:680: <MSG>: 
23.2452
12.1698
0.169473
0.112382
12.2484
0.0113584
0.0252519
-0.056355
0
00:59:689: <MSG>: 
23.2452
12.1698
0.169473
0.112147
12.2517
0.0161917
0.0221385
-0.0593421
0
00:59:698: <MSG>: 
23.2452
12.1696
0.17601
0.112008
12.2542
0.0203836
0.0199111
-0.0608759
0
00:59:708: <MSG>: 
23.2452
12.1723
0.166005
0.11192
12.2567
0.0239898
0.0180864
-0.0616923
0
00:59:717: <MSG>: 
23.2452
12.1728
0.173997
0.111726
12.2612
0.0302886
0.0164651
-0.0637405
0
00:59:726: <MSG>: 
23.2452
12.1709
0.159642
0.111617
12.2619
0.0313587
0.0140368
-0.0649543
0
00:59:736: <MSG>: 
23.2452
12.1709
0.159642
0.111296
12.2677
0.0385294
0.012159
-0.0685286
0
00:59:745: <MSG>: 
23.2452
12.174
0.171964
0.111075
12.2733
0.0451936
0.0111353
-0.0706399
0
00:59:755: <MSG>: 
23.2452
12.1739
0.198899
0.11085
12.2864
0.0615687
0.0145905
-0.0714815
0
00:59:764: <MSG>: 
23.2452
12.1924
0.188718
0.110741
12.2917
0.0688369
0.01436
-0.0719764
0
00:59:774: <MSG>: 
23.2452
12.1924
0.188718
0.110978
12.2981
0.0767119
0.0182862
-0.0668948
0
00:59:783: <MSG>: 
23.4699
12.1698
0.156524
0.110888
12.3047
0.0855091
0.0664863
-0.0670508
0
00:59:792: <MSG>: 
23.4699
12.1639
0.177488
0.11065
12.3179
0.100851
0.068829
-0.0684226
0
00:59:802: <MSG>: 
23.4699
12.1833
0.209289
0.110783
12.3222
0.10567
0.0722968
-0.064819
0
00:59:811: <MSG>: 
23.4699
12.2227
0.139182
0.111152
12.3138
0.0930516
0.073128
-0.0591542
0
00:59:820: <MSG>: 
23.4699
12.2227
0.139182
0.111568
12.3165
0.0942733
0.0769235
-0.0509954
0
00:59:829: <MSG>: 
23.4699
12.2259
0.131632
0.111649
12.3215
0.0981474
0.0790992
-0.0483953
0
00:59:839: <MSG>: 
23.4699
12.2142
0.168116
0.112064
12.3258
0.101447
0.0803327
-0.0411471
0
00:59:848: <MSG>: 
23.4699
12.2074
0.165158
0.11245
12.3299
0.104376
0.0813441
-0.0345595
0
00:59:858: <MSG>: 
23.4699
12.2082
0.17724
0.112783
12.3314
0.1046
0.083762
-0.0284937
0
00:59:867: <MSG>: 
23.4699
12.2082
0.17724
0.113168
12.3339
0.105214
0.0851735
-0.0220845
0
00:59:877: <MSG>: 
23.4699
12.2264
0.207325
0.113393
12.3369
0.106285
0.0879342
-0.0177393
0
00:59:886: <MSG>: 
23.4699
12.2288
0.184971
0.113535
12.3394
0.107633
0.0891644
-0.0150824
0
00:59:895: <MSG>: 
23.4699
12.2315
0.179818
0.113798
12.3422
0.108458
0.0892152
-0.011124
0
00:59:904: <MSG>: 
23.4699
12.2315
0.179818
0.113954
12.3474
0.113528
0.0915893
-0.00835756
0
00:59:913: <MSG>: 
23.4699
12.2269
0.186206
0.113921
12.3599
0.126965
0.0936336
-0.00797603
0
00:59:923: <MSG>: 
23.4699
12.2289
0.186152
0.114078
12.3696
0.136662
0.0965213
-0.00502997
0
00:59:932: <MSG>: 
23.4699
12.2216
0.179736
0.114021
12.3859
0.153815
0.0992744
-0.00473413
0
00:59:941: <MSG>: 
23.4699
12.2278
0.184467
0.11408
12.4005
0.168362
0.102141
-0.00300813
0
00:59:951: <MSG>: 
23.4699
12.2278
0.184467
0.114021
12.4213
0.190254
0.104607
-0.00284647
0
00:59:959: <MSG>: 
23.4699
12.2299
0.176997
0.114037
12.4406
0.210873
0.10678
-0.00181801
0
00:59:969: <MSG>: 
23.4699
12.2281
0.170296
0.114103
12.4592
0.230259
0.108572
-0.000329438
0
00:59:977: <MSG>: 
23.4699
12.231
0.187163
0.114102
12.4609
0.230257
0.108525
-0.000329441
0
00:59:985: <MSG>: 
23.4699
12.231
0.187163
0.114101
12.4629
0.230256
0.108496
-0.000329444
0
00:59:994: <MSG>: 
23.4699
12.2352
0.16685
0.114101
12.4649
0.230254
0.108457
-0.000329447
0
01:00:003: <MSG>: 
23.4699
12.2424
0.182725
0.1141
12.467
0.230252
0.108472
-0.000329449
0
01:00:012: <MSG>: 
23.4699
12.2519
0.182551
0.114099
12.4691
0.23025
0.10848
-0.000329452
0
01:00:021: <MSG>: 
23.4699
12.2519
0.182551
0.114541
12.4729
0.232465
0.111351
0.00617014
0
01:00:031: <MSG>: 
23.4699
12.2667
0.186638
0.114527
12.4502
0.203972
0.114174
0.00665254
0
01:00:040: <MSG>: 
23.4699
12.2778
0.178352
0.114652
12.4326
0.181604
0.117307
0.00900978
0
01:00:049: <MSG>: 
23.4699
12.2885
0.192752
0.114818
12.418
0.162773
0.120867
0.0119977
0
01:00:059: <MSG>: 
23.4699
12.2885
0.192752
0.114862
12.403
0.143694
0.123722
0.0132066
0
01:00:068: <MSG>: 
23.4699
12.2936
0.177419
0.114894
12.3908
0.128147
0.126117
0.0141301
0
01:00:076: <MSG>: 
23.4699
12.2975
0.173527
0.114903
12.3919
0.128151
0.126269
0.0141306
0
01:00:085: <MSG>: 
23.4699
12.3009
0.171915
0.114912
12.393
0.128154
0.126436
0.0141311
0
01:00:095: <MSG>: 
23.4699
12.3009
0.171915
0.114517
12.3917
0.125687
0.118627
0.00591695
0
01:00:104: <MSG>: 
23.4699
12.2997
0.17804
0.114107
12.3917
0.125383
0.112371
-0.00184641
0
01:00:113: <MSG>: 
23.4699
12.2962
0.174891
0.113723
12.3926
0.126157
0.106561
-0.0089764
0
01:00:122: <MSG>: 
23.4699
12.2935
0.180508
0.113425
12.3944
0.127757
0.102286
-0.014303
0
01:00:132: <MSG>: 
23.4699
12.2935
0.180508
0.113234
12.396
0.128453
0.0980422
-0.0180291
0
01:00:141: <MSG>: 
23.4699
12.2939
0.179172
0.113085
12.3966
0.127536
0.0933109
-0.0212524
0
01:00:151: <MSG>: 
23.4699
12.2952
0.172912
0.113029
12.3949
0.123897
0.0889031
-0.0230586
1
01:00:160: <MSG>: 
23.4699
12.2975
0.179544
0.112928
12.394
0.121745
0.0850296
-0.0253082
0
01:00:169: <MSG>: 
23.4699
12.2975
0.179544
0.112902
12.3928
0.119748
0.0829745
-0.0259463
0
01:00:178: <MSG>: 
23.4699
12.2991
0.167481
0.112716
12.3938
0.120588
0.0805226
-0.0288707
0
01:00:188: <MSG>: 
23.4699
12.2937
0.174432
0.112571
12.3941
0.120892
0.0783357
-0.0310998
0
01:00:197: <MSG>: 
23.4699
12.2917
0.166124
0.112302
12.3961
0.12248
0.0760741
-0.0350052
0
01:00:207: <MSG>: 
23.4699
12.2918
0.172706
0.112129
12.3974
0.123406
0.0745691
-0.0373208
0
01:00:216: <MSG>: 
23.4699
12.2918
0.172706
0.111893
12.4005
0.126582
0.0733993
-0.0403507
0
01:00:225: <MSG>: 
23.4699
12.294
0.168645
0.111818
12.4007
0.125938
0.0724146
-0.0411287
0
01:00:235: <MSG>: 
23.4699
12.299
0.171066
0.111682
12.4031
0.128166
0.0718688
-0.0425599
0
01:00:244: <MSG>: 
23.4699
12.3007
0.163584
0.111531
12.4059
0.131169
0.071252
-0.0441897
0
01:00:253: <MSG>: 
23.4699
12.3007
0.163584
0.110983
12.4175
0.145118
0.070479
-0.0511667
0
01:00:263: <MSG>: 
23.4699
12.2987
0.218253
0.110357
12.4342
0.163775
0.0716508
-0.0585491
0
01:00:272: <MSG>: 
23.4699
12.3037
0.191212
0.110285
12.4389
0.168235
0.0725408
-0.0584334
0
01:00:281: <MSG>: 
23.3623
12.2848
0.173121
0.110187
12.4476
0.178507
0.0534242
-0.0577892
0
01:00:290: <MSG>: 
23.3623
12.2916
0.206746
0.110314
12.4542
0.184872
0.0578466
-0.0540001
0
01:00:299: <MSG>: 
23.3623
12.2916
0.206746
0.110513
12.4569
0.18609
0.0614576
-0.0494407
0
01:00:308: <MSG>: 
23.3623
12.316
0.209935
0.110902
12.4507
0.176683
0.0635751
-0.0429321
0
01:00:318: <MSG>: 
23.3623
12.3268
0.172919
0.111129
12.4528
0.177116
0.0662029
-0.0384678
0
01:00:327: <MSG>: 
23.3623
12.3296
0.171374
0.111811
12.4486
0.169246
0.0704445
-0.028767
0
01:00:337: <MSG>: 
23.3623
12.3296
0.171374
0.112267
12.4447
0.161849
0.0741403
-0.0219959
0
01:00:346: <MSG>: 
23.3623
12.3312
0.216247
0.112801
12.4411
0.155478
0.078408
-0.0142178
0
01:00:355: <MSG>: 
23.3623
12.3315
0.187453
0.11324
12.44
0.151833
0.0812897
-0.00803612
0
01:00:365: <MSG>: 
23.3623
12.3342
0.190814
0.11387
12.438
0.147013
0.0842874
0.000333886
0
01:00:374: <MSG>: 
23.3623
12.35
0.215244
0.114628
12.4348
0.141015
0.0875605
0.0101468
0
01:00:384: <MSG>: 
23.3623
12.35
0.215244
0.115353
12.432
0.135848
0.0899826
0.0192139
0
01:00:393: <MSG>: 
23.3623
12.3503
0.195238
0.116023
12.4294
0.130788
0.0914937
0.0272163
0
01:00:402: <MSG>: 
23.3623
12.347
0.200707
0.116821
12.4257
0.124855
0.0938056
0.0368538
0
01:00:411: <MSG>: 
23.3623
12.3492
0.202471
0.116878
12.4355
0.133843
0.097374
0.0382821
0
01:00:420: <MSG>: 
23.3623
12.3492
0.202471
0.116753
12.4511
0.149924
0.100254
0.0370229
0
01:00:429: <MSG>: 
23.3623
12.3476
0.206833
0.116885
12.4637
0.162976
0.104294
0.0396478
0
01:00:438: <MSG>: 
23.3623
12.3455
0.190334
0.116841
12.4842
0.184365
0.107747
0.0396661
0
01:00:448: <MSG>: 
23.3623
12.3431
0.204672
0.116926
12.5013
0.202947
0.110887
0.0413825
0
01:00:457: <MSG>: 
23.3623
12.3431
0.204672
0.116992
12.5223
0.224642
0.11484
0.0430768
0
01:00:466: <MSG>: 
23.3623
12.3473
0.187112
0.117132
12.5384
0.240373
0.117736
0.0453925
0
01:00:475: <MSG>: 
23.3623
12.346
0.191542
0.117255
12.5576
0.26021
0.120261
0.0473513
0
01:00:483: <MSG>: 
23.3623
12.3489
0.198998
0.117288
12.5599
0.260205
0.120662
0.0473513
0
01:00:492: <MSG>: 
23.3623
12.3484
0.18926
0.117324
12.562
0.2602
0.121015
0.0473513
0
01:00:501: <MSG>: 
23.3623
12.3484
0.18926
0.117359
12.5642
0.260195
0.121396
0.0473513
0
01:00:510: <MSG>: 
23.3623
12.353
0.186735
0.117395
12.5664
0.260191
0.121778
0.0473513
0
01:00:518: <MSG>: 
23.3623
12.3637
0.201327
0.117431
12.5689
0.260186
0.122236
0.0473513
0
01:00:528: <MSG>: 
23.3623
12.3637
0.201327
0.117532
12.551
0.238442
0.125035
0.0488466
0
01:00:537: <MSG>: 
23.3623
12.3686
0.200812
0.117555
12.5295
0.212929
0.128667
0.0495435
0
01:00:546: <MSG>: 
23.3623
12.3838
0.195111
0.117566
12.507
0.184512
0.131992
0.0499263
0
01:00:555: <MSG>: 
23.3623
12.3936
0.205628
0.117438
12.4812
0.153271
0.135781
0.0486672
0
01:00:565: <MSG>: 
23.3623
12.4074
0.201816
0.117278
12.4583
0.124751
0.139449
0.0469045
0
01:00:575: <MSG>: 
23.3623
12.4074
0.201816
0.116354
12.4458
0.109195
0.129763
0.0328199
0
01:00:584: <MSG>: 
23.3623
12.4076
0.204013
0.115359
12.4384
0.101253
0.12086
0.0183749
0
01:00:593: <MSG>: 
23.3623
12.4128
0.194984
0.114891
12.4324
0.0929657
0.114649
0.010876
0
01:00:603: <MSG>: 
23.3623
12.4044
0.203511
0.114608
12.4243
0.0830355
0.109561
0.00593695
0
01:00:612: <MSG>: 
23.3623
12.4044
0.203511
0.114644
12.413
0.0679225
0.103853
0.00448206
0
01:00:622: <MSG>: 
23.3623
12.4019
0.191223
0.114392
12.4047
0.0566859
0.097553
-0.000424444
0
01:00:632: <MSG>: 
23.3623
12.3962
0.202612
0.114366
12.3938
0.0427266
0.0925032
-0.00229031
0
01:00:642: <MSG>: 
23.3623
12.3958
0.189977
0.114437
12.3821
0.0286126
0.0883977
-0.00274864
0
01:00:651: <MSG>: 
23.3623
12.3921
0.186083
0.114254
12.374
0.0191459
0.0841832
-0.00615405
1
01:00:661: <MSG>: 
23.3623
12.3868
0.185025
0.114014
12.3668
0.0117698
0.0805181
-0.0100187
0
01:00:670: <MSG>: 
23.3623
12.3868
0.185025
0.113793
12.3601
0.00471029
0.0767906
-0.0136293
0
01:00:680: <MSG>: 
23.3623
12.3865
0.186223
0.1135
12.356
0.000329163
0.0733993
-0.0179415
0
01:00:689: <MSG>: 
23.3623
12.381
0.18458
0.113078
12.3527
-0.00160486
0.0700241
-0.0237275
0
01:00:698: <MSG>: 
23.3623
12.3842
0.186755
0.11273
12.3508
-0.00284148
0.067401
-0.0283479
0
01:00:708: <MSG>: 
23.3623
12.3842
0.186755
0.112345
12.3511
-0.000878042
0.0655748
-0.0331187
0
01:00:717: <MSG>: 
23.3623
12.3734
0.189312
0.112113
12.3467
-0.00516827
0.0635647
-0.0360963
0
01:00:727: <MSG>: 
23.3623
12.3693
0.186097
0.111982
12.343
-0.00971212
0.0624372
-0.0375733
0
01:00:736: <MSG>: 
23.3623
12.3622
0.184663
0.111849
12.3387
-0.0142509
0.0610986
-0.0391424
0
01:00:745: <MSG>: 
23.3623
12.3581
0.171008
0.111435
12.3397
-0.0122959
0.0593498
-0.0441961
0
01:00:754: <MSG>: 
23.3623
12.3581
0.171008
0.110922
12.344
-0.00623924
0.0579165
-0.0503293
0
01:00:764: <MSG>: 
23.3623
12.3521
0.17841
0.110586
12.345
-0.00432818
0.0566323
-0.0541852
0
01:00:774: <MSG>: 
23.3623
12.3506
0.255964
0.110315
12.3508
0.00210829
0.0584508
-0.056257
0
01:00:783: <MSG>: 
23.3623
12.3418
0.216857
0.110275
12.3556
0.00834824
0.0624839
-0.0547797
0
01:00:793: <MSG>: 
23.3623
12.3326
0.188731
0.110323
12.3581
0.0118945
0.0662632
-0.052295
0
01:00:803: <MSG>: 
23.3623
12.3326
0.188731
0.110259
12.3608
0.0144012
0.0688593
-0.0515828
0
01:00:813: <MSG>: 
23.3623
12.3239
0.218752
0.110244
12.3671
0.0207017
0.0731191
-0.0497242
0
01:00:822: <MSG>: 
23.3731
12.3218
0.203808
0.110167
12.3692
0.0226741
0.0775571
-0.049368
0
01:00:832: <MSG>: 
23.3731
12.3226
0.164016
0.110686
12.363
0.0125919
0.0797401
-0.0401724
0
01:00:841: <MSG>: 
23.3731
12.3205
0.194612
0.111086
12.3574
0.00434939
0.0842327
-0.0322655
0
01:00:850: <MSG>: 
23.3731
12.3205
0.194612
0.111623
12.3514
-0.00417771
0.0867325
-0.0230416
0
01:00:860: <MSG>: 
23.3731
12.322
0.210653
0.112012
12.3469
-0.0107302
0.0893829
-0.0161494
0
01:00:869: <MSG>: 
23.3731
12.327
0.181488
0.112041
12.3442
-0.0154721
0.0901561
-0.015267
0
01:00:878: <MSG>: 
23.3731
12.3327
0.201984
0.112221
12.3393
-0.0225256
0.0908074
-0.0122264
0
01:00:887: <MSG>: 
23.3731
12.3327
0.201984
0.112047
12.3466
-0.0152535
0.0924781
-0.0137022
0
01:00:896: <MSG>: 
23.3731
12.3398
0.209535
0.112015
12.354
-0.00776339
0.0949034
-0.0131354
0
01:00:906: <MSG>: 
23.3731
12.3306
0.191925
0.111923
12.365
0.00478186
0.0974015
-0.0132613
0
01:00:915: <MSG>: 
23.3731
12.333
0.194463
0.111833
12.3785
0.019561
0.0995165
-0.0134907
0
01:00:924: <MSG>: 
23.3731
12.333
0.194463
0.111793
12.3929
0.0358086
0.102106
-0.0129011
0
01:00:934: <MSG>: 
23.3731
12.3314
0.201522
0.111685
12.4144
0.0604918
0.104847
-0.0131081
0
01:00:943: <MSG>: 
23.3731
12.3326
0.195299
0.111851
12.427
0.0740856
0.107667
-0.00982286
0
01:00:952: <MSG>: 
23.3731
12.3298
0.185936
0.11199
12.4395
0.0875303
0.110279
-0.00695776
0
01:00:961: <MSG>: 
23.3731
12.3342
0.19331
0.112129
12.4534
0.102158
0.112301
-0.0043137
0
01:00:970: <MSG>: 
23.3731
12.3342
0.19331
0.112072
12.4835
0.135897
0.114814
-0.00399706
0
01:00:979: <MSG>: 
23.3731
12.3338
0.175891
0.112115
12.4468
0.0923098
0.116608
-0.00295234
0
01:00:989: <MSG>: 
23.3731
12.3331
0.180932
0.11217
12.4151
0.0547899
0.118745
-0.0016468
0
01:00:997: <MSG>: 
23.3731
12.3342
0.184695
0.112158
12.4155
0.0548007
0.118963
-0.00164713
0
01:01:006: <MSG>: 
23.3731
12.3342
0.184695
0.112146
12.416
0.0548115
0.119195
-0.00164746
0
01:01:014: <MSG>: 
23.3731
12.3406
0.179248
0.112134
12.4164
0.054821
0.11944
-0.00164775
0
01:01:023: <MSG>: 
23.3731
12.3498
0.189351
0.112123
12.417
0.0548319
0.119698
-0.00164808
0
01:01:032: <MSG>: 
23.3731
12.3556
0.187788
0.11211
12.4175
0.0548416
0.119953
-0.00164838
0
01:01:041: <MSG>: 
23.3731
12.3556
0.187788
0.112098
12.418
0.0548527
0.120183
-0.00164872
0
01:01:050: <MSG>: 
23.3731
12.3541
0.182776
0.112266
12.3963
0.028836
0.122954
0.00138561
0
01:01:060: <MSG>: 
23.3731
12.351
0.184694
0.112316
12.3754
0.00420188
0.125158
0.00266006
0
01:01:069: <MSG>: 
23.3731
12.351
0.194171
0.112317
12.3538
-0.0213302
0.127781
0.0033873
0
01:01:079: <MSG>: 
23.3731
12.351
0.194171
0.111428
12.3597
-0.0104149
0.121423
-0.0115046
0
01:01:088: <MSG>: 
23.3731
12.3531
0.186351
0.11047
12.3696
0.00537815
0.116243
-0.0267891
0
01:01:097: <MSG>: 
23.3731
12.3517
0.191486
0.109894
12.3764
0.0158454
0.111807
-0.0360395
0
01:01:107: <MSG>: 
23.3731
12.3548
0.192434
0.109454
12.3826
0.0238975
0.107922
-0.0429645
0
01:01:116: <MSG>: 
23.3731
12.3547
0.193163
0.109569
12.3825
0.022952
0.10534
-0.0413434
0
01:01:125: <MSG>: 
23.3731
12.3547
0.193163
0.109617
12.3839
0.0238888
0.102373
-0.040861
0
01:01:135: <MSG>: 
23.3731
12.3514
0.19655
0.109621
12.3875
0.0273585
0.100081
-0.0408007
0
01:01:144: <MSG>: 
23.3731
12.3489
0.200757
0.109703
12.3897
0.0289426
0.0981445
-0.0394995
1
01:01:154: <MSG>: 
23.3731
12.3544
0.195308
0.109804
12.3916
0.03032
0.0963818
-0.0379323
0
01:01:163: <MSG>: 
23.3731
12.3544
0.195308
0.109788
12.3944
0.0331349
0.0951799
-0.0378911
0
01:01:173: <MSG>: 
23.3731
12.3543
0.194414
0.110017
12.3927
0.030628
0.0942781
-0.0343168
0
01:01:182: <MSG>: 
23.3731
12.3522
0.19922
0.110354
12.3877
0.0237303
0.0929942
-0.0294727
0
01:01:191: <MSG>: 
23.3731
12.3502
0.196357
0.110544
12.3869
0.0219231
0.0926823
-0.0264471
0
01:01:201: <MSG>: 
23.3731
12.3504
0.199572
0.110655
12.3872
0.0222073
0.0927485
-0.0244489
0
01:01:210: <MSG>: 
23.3731
12.3504
0.199572
0.110928
12.3848
0.0186268
0.0931494
-0.0201524
0
01:01:220: <MSG>: 
23.3731
12.3575
0.195869
0.111096
12.385
0.0178515
0.0936362
-0.0173557
0
01:01:229: <MSG>: 
23.3731
12.3578
0.193569
0.111256
12.3836
0.0163146
0.0936564
-0.0148687
0
01:01:238: <MSG>: 
23.3731
12.3593
0.184845
0.111191
12.3885
0.0216348
0.0939464
-0.0154203
0
01:01:248: <MSG>: 
23.3731
12.3593
0.184845
0.111214
12.3901
0.0235057
0.0936207
-0.0149423
0
01:01:257: <MSG>: 
23.3731
12.352
0.205378
0.111244
12.3927
0.0259579
0.0948163
-0.0139069
0
01:01:267: <MSG>: 
23.3731
12.3474
0.214825
0.110632
12.4087
0.0434403
0.0943928
-0.0221273
0
01:01:276: <MSG>: 
23.3731
12.3387
0.204335
0.110604
12.4123
0.0482398
0.0956389
-0.0217227
0
01:01:286: <MSG>: 
23.3731
12.3329
0.188781
0.110843
12.4134
0.0483571
0.098366
-0.0172661
0
01:01:295: <MSG>: 
23.3731
12.3329
0.188781
0.110872
12.4179
0.0527369
0.0998684
-0.0161137
0
01:01:304: <MSG>: 
23.5348
12.3355
0.226292
0.111368
12.4105
0.0415295
0.13792
-0.00853691
0
01:01:314: <MSG>: 
23.5348
12.3458
0.216988
0.111997
12.403
0.0317359
0.141949
0.000329768
0
01:01:323: <MSG>: 
23.5348
12.3549
0.156937
0.112231
12.3939
0.0202295
0.143093
0.00343163
0
01:01:332: <MSG>: 
23.5348
12.3549
0.156937
0.112371
12.3844
0.00822159
0.144081
0.0053185
0
01:01:341: <MSG>: 
23.5348
12.3527
0.188479
0.112423
12.3771
-0.000721572
0.144488
0.00597265
0
01:01:351: <MSG>: 
23.5348
12.3547
0.203522
0.112802
12.3722
-0.00701034
0.145366
0.0107024
0
01:01:360: <MSG>: 
23.5348
12.3492
0.177162
0.112909
12.3679
-0.0121774
0.144277
0.0115151
0
01:01:369: <MSG>: 
23.5348
12.3542
0.194249
0.112834
12.3779
-0.00177729
0.146272
0.0109863
0
01:01:378: <MSG>: 
23.5348
12.3542
0.194249
0.112655
12.3879
0.00904282
0.146657
0.00854419
0
01:01:388: <MSG>: 
23.5348
12.3607
0.210423
0.112518
12.4032
0.0263071
0.148862
0.00731315
0
01:01:397: <MSG>: 
23.5348
12.3562
0.19369
0.112454
12.4126
0.0358092
0.150051
0.00679572
0
01:01:407: <MSG>: 
23.5348
12.3482
0.196675
0.11239
12.4236
0.0472561
0.151373
0.00632375
0
01:01:416: <MSG>: 
23.5348
12.3482
0.196675
0.112497
12.4305
0.0543107
0.15269
0.00822289
0
01:01:425: <MSG>: 
23.5348
12.3453
0.203926
0.112519
12.4428
0.0674533
0.15422
0.0090167
0
01:01:435: <MSG>: 
23.5348
12.3484
0.193652
0.112493
12.4618
0.0879802
0.156509
0.00939953
0
01:01:444: <MSG>: 
23.5348
12.347
0.190582
0.112491
12.4816
0.110409
0.158416
0.0100254
0
01:01:453: <MSG>: 
23.5348
12.357
0.194151
0.112575
12.4993
0.129807
0.160206
0.0117731
0
01:01:462: <MSG>: 
23.5348
12.357
0.194151
0.112664
12.5204
0.153722
0.16189
0.0135584
0
01:01:471: <MSG>: 
23.5348
12.3528
0.188608
0.112769
12.5377
0.172653
0.163057
0.0153943
0
01:01:480: <MSG>: 
23.5348
12.3569
0.188519
0.112883
12.5593
0.195753
0.164338
0.0173323
0
01:01:489: <MSG>: 
23.5348
12.3533
0.195407
0.112888
12.5607
0.19578
0.164596
0.017335
0
01:01:498: <MSG>: 
23.5348
12.3533
0.195407
0.112892
12.5624
0.195808
0.164915
0.0173377
0
01:01:506: <MSG>: 
23.5348
12.3596
0.183662
0.112897
12.5643
0.195832
0.165283
0.01734
0
01:01:515: <MSG>: 
23.5348
12.365
0.194391
0.112902
12.5658
0.195861
0.165586
0.0173428
0
01:01:524: <MSG>: 
23.5348
12.3777
0.194715
0.112906
12.5676
0.195885
0.165967
0.0173451
0
01:01:533: <MSG>: 
23.5348
12.3777
0.194715
0.112849
12.5383
0.161393
0.168237
0.01695
0
01:01:543: <MSG>: 
23.5348
12.3934
0.187893
0.112868
12.516
0.135267
0.170431
0.017593
0
01:01:552: <MSG>: 
23.5348
12.408
0.183955
0.113071
12.4977
0.113348
0.172698
0.0207573
0
01:01:561: <MSG>: 
23.5348
12.4204
0.188886
0.113172
12.4801
0.0918263
0.174722
0.0224187
0
01:01:570: <MSG>: 
23.5348
12.4204
0.188886
0.113253
12.4673
0.0733918
0.16762
0.0207802
0
01:01:580: <MSG>: 
23.5348
12.4232
0.184739
0.113075
12.4574
0.0600306
0.159305
0.0158605
0
01:01:589: <MSG>: 
23.5348
12.4279
0.18535
0.112799
12.449
0.0489396
0.152213
0.0102702
0
01:01:598: <MSG>: 
23.5348
12.4197
0.188255
0.112502
12.4398
0.0382157
0.145594
0.0046612
0
01:01:607: <MSG>: 
23.5348
12.4197
0.188255
0.112116
12.4327
0.0297117
0.138922
-0.00191984
0
01:01:616: <MSG>: 
23.5348
12.4195
0.18587
0.111901
12.4275
0.0224085
0.132283
-0.00643418
0
01:01:625: <MSG>: 
23.5348
12.4098
0.188558
0.11162
12.4219
0.0173632
0.127525
-0.0110733
0
01:01:634: <MSG>: 
23.5348
12.4096
0.185389
0.11134
12.4182
0.0129524
0.121709
-0.0159675
0
01:01:644: <MSG>: 
23.5348
12.4096
0.185389
0.111419
12.4102
0.00419358
0.118172
-0.015969
0
01:01:653: <MSG>: 
23.5348
12.4067
0.185466
0.111568
12.4017
-0.00486911
0.11503
-0.0150297
1
01:01:663: <MSG>: 
23.5348
12.4055
0.177023
0.111435
12.397
-0.00887536
0.111413
-0.0175024
0
01:01:672: <MSG>: 
23.5348
12.4048
0.182782
0.111358
12.3921
-0.0138895
0.108203
-0.0191983
0
01:01:681: <MSG>: 
23.5348
12.3997
0.178012
0.111285
12.3868
-0.018873
0.105054
-0.0208028
0
01:01:690: <MSG>: 
23.5348
12.3997
0.178012
0.111172
12.3836
-0.0212797
0.102608
-0.0226501
0
01:01:700: <MSG>: 
23.5348
12.3985
0.17594
0.11106
12.3807
-0.0237295
0.0999526
-0.0245154
0
01:01:709: <MSG>: 
23.5348
12.3934
0.173786
0.110941
12.3769
-0.0264323
0.0970162
-0.0265465
0
01:01:718: <MSG>: 
23.5348
12.3934
0.173609
0.110874
12.3742
-0.0285945
0.0945919
-0.0277684
0
01:01:728: <MSG>: 
23.5348
12.3934
0.173609
0.110759
12.3733
-0.02798
0.0928817
-0.0293244
0
01:01:737: <MSG>: 
23.5348
12.3893
0.171022
0.110554
12.3727
-0.0272152
0.0911749
-0.0319464
0
01:01:746: <MSG>: 
23.5348
12.3899
0.171594
0.110405
12.3731
-0.0259396
0.0900499
-0.0337189
0
01:01:755: <MSG>: 
23.5348
12.3823
0.167178
0.110235
12.3728
-0.0249961
0.0884699
-0.0358358
0
01:01:765: <MSG>: 
23.5348
12.3823
0.167178
0.109707
12.3845
-0.00936787
0.0886549
-0.0417503
0
01:01:774: <MSG>: 
23.5348
12.3839
0.243057
0.109843
12.3848
-0.0080534
0.0903054
-0.0390421
0
01:01:783: <MSG>: 
23.5348
12.368
0.199047
0.110024
12.3885
-0.00335647
0.0935939
-0.03531
0
01:01:793: <MSG>: 
23.5348
12.3564
0.183284
0.109905
12.3946
0.00566535
0.0948638
-0.035901
0
01:01:802: <MSG>: 
23.1608
12.3506
0.23046
0.110092
12.3958
0.00697937
0.0199073
-0.0319557
0
01:01:811: <MSG>: 
23.1608
12.3506
0.23046
0.110196
12.4
0.0117833
0.0235317
-0.0291468
0
01:01:820: <MSG>: 
23.1608
12.36
0.187688
0.110683
12.3939
0.00394514
0.0260367
-0.0207612
0
01:01:830: <MSG>: 
23.1608
12.3612
0.147106
0.111111
12.3896
-0.00222181
0.0279785
-0.0135722
0
01:01:839: <MSG>: 
23.1608
12.36
0.16856
0.11148
12.3854
-0.00790647
0.0291205
-0.00762379
0
01:01:849: <MSG>: 
23.1608
12.36
0.16856
0.111802
12.386
-0.00831083
0.0287787
-0.00292564
0
01:01:858: <MSG>: 
23.1608
12.3552
0.198174
0.112134
12.384
-0.0114388
0.0299208
0.00225371
0
01:01:867: <MSG>: 
23.1608
12.3535
0.152003
0.112242
12.3819
-0.0146071
0.0296058
0.00362888
0
01:01:876: <MSG>: 
23.1608
12.363
0.191046
0.112696
12.3794
-0.0183591
0.0313179
0.0105784
0
01:01:886: <MSG>: 
23.1608
12.3735
0.172455
0.112938
12.3775
-0.0218922
0.029875
0.0133937
0
01:01:895: <MSG>: 
23.1608
12.3735
0.172455
0.113416
12.3744
-0.0260611
0.0312383
0.0203815
0
01:01:905: <MSG>: 
23.1608
12.3698
0.164673
0.114
12.3689
-0.0327069
0.0297071
0.0278128
0
01:01:913: <MSG>: 
23.1608
12.3652
0.163401
0.113623
12.3861
-0.0127866
0.0301966
0.02313
0
01:01:923: <MSG>: 
23.1608
12.3629
0.179372
0.113548
12.3975
0.000683841
0.0313612
0.0223072
0
01:01:931: <MSG>: 
23.1608
12.3629
0.179372
0.113473
12.4077
0.0117269
0.0325004
0.0214919
0
01:01:941: <MSG>: 
23.1608
12.3627
0.167209
0.113385
12.4236
0.0290514
0.0341952
0.0207074
0
01:01:950: <MSG>: 
23.1608
12.3614
0.16391
0.113211
12.4434
0.0516064
0.0350612
0.0186652
0
01:01:959: <MSG>: 
23.1608
12.3643
0.174438
0.113169
12.4633
0.0741511
0.0366646
0.0184792
0
01:01:968: <MSG>: 
23.1608
12.3643
0.174438
0.11326
12.4822
0.0957023
0.0390172
0.0201997
0
01:01:977: <MSG>: 
23.1608
12.3666
0.152514
0.113184
12.506
0.121628
0.0401967
0.0194469
0
01:01:987: <MSG>: 
23.1608
12.3632
0.162325
0.113277
12.5273
0.144901
0.0417051
0.0209048
0
01:01:996: <MSG>: 
23.1608
12.3659
0.154707
0.113295
12.5285
0.144891
0.0418002
0.0209035
0
01:02:005: <MSG>: 
23.1608
12.3684
0.148944
0.113314
12.5297
0.144881
0.0418852
0.0209022
0
01:02:013: <MSG>: 
23.1608
12.3684
0.148944
0.113332
12.531
0.14487
0.041976
0.0209009
0
01:02:022: <MSG>: 
23.1608
12.3724
0.149261
0.113352
12.5324
0.144862
0.0420984
0.0208999
0
01:02:031: <MSG>: 
23.1608
12.3759
0.16624
0.11337
12.5336
0.144852
0.0421945
0.0208987
0
01:02:041: <MSG>: 
23.1608
12.3825
0.15303
0.113408
12.5182
0.126053
0.0430791
0.0212413
0
01:02:050: <MSG>: 
23.1608
12.3825
0.15303
0.113339
12.5008
0.104826
0.0436423
0.0201528
0
01:02:059: <MSG>: 
23.1608
12.39
0.161288
0.113213
12.4802
0.0802869
0.0451754
0.0186271
0
01:02:068: <MSG>: 
23.1608
12.399
0.167611
0.113302
12.4672
0.0644195
0.0467233
0.0198904
0
01:02:078: <MSG>: 
23.1608
12.403
0.157079
0.112098
12.4648
0.0635444
0.0392437
-8.54153e-05
0
01:02:088: <MSG>: 
23.1608
12.403
0.157079
0.111169
12.4615
0.0605703
0.0322221
-0.0155989
0
01:02:097: <MSG>: 
23.1608
12.4024
0.161107
0.110392
12.4587
0.0583757
0.0256348
-0.0285317
0
01:02:106: <MSG>: 
23.1608
12.4025
0.155714
0.109976
12.4533
0.051366
0.0195594
-0.0359034
0
01:02:115: <MSG>: 
23.1608
12.3975
0.162805
0.109402
12.4491
0.0470837
0.0139354
-0.045292
0
01:02:125: <MSG>: 
23.1608
12.3985
0.153117
0.108899
12.4478
0.0450722
0.008307
-0.0534854
0
01:02:134: <MSG>: 
23.1608
12.3985
0.153117
0.108877
12.4402
0.0350404
0.00310611
-0.0545502
0
01:02:144: <MSG>: 
23.1608
12.3984
0.16411
0.108848
12.4351
0.028669
-0.000934342
-0.0553145
0
01:02:154: <MSG>: 
23.1608
12.4017
0.15298
0.109018
12.4271
0.0180134
-0.00538989
-0.0534187
1
01:02:163: <MSG>: 
23.1608
12.4025
0.156621
0.109159
12.4191
0.00834205
-0.00880142
-0.0516878
0
01:02:173: <MSG>: 
23.1608
12.4027
0.157377
0.109263
12.4128
0.000546963
-0.0114113
-0.0502703
0
01:02:182: <MSG>: 
23.1608
12.4027
0.157377
0.109195
12.4101
-0.0023582
-0.0132524
-0.0510841
0
01:02:191: <MSG>: 
23.1608
12.4001
0.159324
0.109134
12.4069
-0.00564747
-0.0150941
-0.0518175
0
01:02:201: <MSG>: 
23.1608
12.3986
0.157285
0.109075
12.4033
-0.00937719
-0.017273
-0.05256
0
01:02:210: <MSG>: 
23.1608
12.3993
0.156946
0.108833
12.4047
-0.00687094
-0.01858
-0.0555823
0
01:02:220: <MSG>: 
23.1608
12.3993
0.156946
0.108662
12.4055
-0.00496552
-0.0195701
-0.0574587
0
01:02:229: <MSG>: 
23.1608
12.3981
0.163067
0.108594
12.4063
-0.0030577
-0.0193101
-0.0575279
0
01:02:240: <MSG>: 
23.1608
12.3991
0.149932
0.108375
12.4101
0.00221884
-0.0195415
-0.0596928
0
01:02:250: <MSG>: 
23.1608
12.3908
0.160818
0.108229
12.4128
0.00672715
-0.0192683
-0.0607613
0
01:02:260: <MSG>: 
23.1608
12.3881
0.211793
0.107776
12.4209
0.0163436
-0.0200181
-0.0663088
0
01:02:269: <MSG>: 
23.1608
12.3881
0.211793
0.108048
12.4206
0.0164195
-0.0167884
-0.0607493
0
01:02:278: <MSG>: 
23.1608
12.3765
0.182979
0.108381
12.4219
0.0193029
-0.0117075
-0.0538478
0
01:02:288: <MSG>: 
23.1608
12.3694
0.169922
0.108646
12.4226
0.0188123
-0.00750945
-0.0482641
0
01:02:297: <MSG>: 
23.1608
12.3667
0.202423
0.108867
12.4268
0.0224873
-0.00249416
-0.043105
0
01:02:307: <MSG>: 
23.5784
12.3737
0.160259
0.1088
12.4338
0.030134
0.0875804
-0.0427996
0
01:02:316: <MSG>: 
23.5784
12.3737
0.160259
0.10941
12.4203
0.0133076
0.0901547
-0.033203
0
01:02:325: <MSG>: 
23.5784
12.3717
0.103672
0.109836
12.4129
0.00360408
0.0943718
-0.026604
0
01:02:335: <MSG>: 
23.5784
12.3764
0.131376
0.11029
12.4066
-0.00495997
0.0973481
-0.0201115
0
01:02:344: <MSG>: 
23.5784
12.3762
0.16268
0.110685
12.4009
-0.0122398
0.101187
-0.0141271
0
01:02:354: <MSG>: 
23.5784
12.3693
0.125559
0.111071
12.395
-0.0196106
0.101871
-0.00926218
0
01:02:363: <MSG>: 
23.5784
12.3693
0.125559
0.1111
12.3901
-0.0255526
0.101743
-0.00889277
0
01:02:372: <MSG>: 
23.5784
12.3737
0.175004
0.111252
12.3865
-0.0302524
0.103183
-0.00661653
0
01:02:382: <MSG>: 
23.5784
12.3836
0.18358
0.111577
12.3855
-0.0321149
0.104006
-0.0024897
0
01:02:391: <MSG>: 
23.5784
12.3799
0.177885
0.111453
12.3976
-0.018963
0.107092
-0.00319652
0
01:02:400: <MSG>: 
23.5784
12.3799
0.177885
0.11132
12.4128
-0.00175916
0.11011
-0.00402188
0
01:02:410: <MSG>: 
23.5784
12.3694
0.184397
0.11133
12.4262
0.0139709
0.113752
-0.00262213
0
01:02:419: <MSG>: 
23.5784
12.3746
0.188137
0.111375
12.4417
0.0311594
0.117567
-0.000711093
0
01:02:428: <MSG>: 
23.5784
12.3707
0.178391
0.111535
12.4557
0.0472433
0.121758
0.00292617
0
01:02:437: <MSG>: 
23.5784
12.3735
0.17051
0.111676
12.4686
0.0609232
0.125382
0.00603469
0
01:02:446: <MSG>: 
23.5784
12.3735
0.17051
0.111854
12.4815
0.0746999
0.12882
0.00958091
0
01:02:456: <MSG>: 
23.5784
12.3758
0.181911
0.111992
12.5003
0.0957974
0.132659
0.0126881
0
01:02:465: <MSG>: 
23.5784
12.3782
0.162789
0.112059
12.5219
0.119728
0.135294
0.0143982
0
01:02:474: <MSG>: 
23.5784
12.3781
0.179969
0.112282
12.5416
0.141765
0.138471
0.0184133
0
01:02:483: <MSG>: 
23.5784
12.3781
0.179969
0.112293
12.5428
0.141771
0.138668
0.0184143
0
01:02:491: <MSG>: 
23.5784
12.3768
0.172976
0.112304
12.5437
0.141777
0.138832
0.0184152
0
01:02:500: <MSG>: 
23.5784
12.3834
0.173162
0.112315
12.5451
0.141782
0.139074
0.018416
0
01:02:509: <MSG>: 
23.5784
12.3858
0.175232
0.112326
12.546
0.141788
0.139248
0.018417
0
01:02:518: <MSG>: 
23.5784
12.3858
0.175232
0.112337
12.5473
0.141793
0.139459
0.0184178
0
01:02:527: <MSG>: 
23.5784
12.397
0.182542
0.112544
12.5264
0.116799
0.142672
0.0218637
0
01:02:536: <MSG>: 
23.5784
12.4042
0.177059
0.112808
12.5046
0.0910399
0.146495
0.0262538
0
01:02:546: <MSG>: 
23.5784
12.4114
0.173458
0.113045
12.4855
0.0677229
0.15007
0.0301032
0
01:02:556: <MSG>: 
23.5784
12.4114
0.173458
0.11294
12.4588
0.0361562
0.153048
0.0290773
0
01:02:565: <MSG>: 
23.5784
12.4117
0.187863
0.112988
12.4426
0.0156483
0.148034
0.0276115
0
01:02:575: <MSG>: 
23.5784
12.416
0.166876
0.112755
12.43
-0.000284974
0.141214
0.0224271
0
01:02:584: <MSG>: 
23.5784
12.412
0.169768
0.112662
12.4176
-0.015231
0.135332
0.019223
0
01:02:593: <MSG>: 
23.5784
12.4117
0.164461
0.112359
12.4061
-0.0284439
0.12851
0.0133747
0
01:02:602: <MSG>: 
23.5784
12.4117
0.164461
0.111986
12.3968
-0.038626
0.122708
0.00711391
0
01:02:611: <MSG>: 
23.5784
12.408
0.16806
0.111719
12.3866
-0.0500099
0.116412
0.00199437
0
01:02:620: <MSG>: 
23.5784
12.4033
0.163287
0.111264
12.381
-0.0550237
0.110976
-0.00494879
0
01:02:630: <MSG>: 
23.5784
12.4022
0.170081
0.110843
12.3765
-0.0587586
0.106099
-0.0112593
0
01:02:639: <MSG>: 
23.5784
12.4022
0.170081
0.111047
12.3654
-0.0705364
0.103503
-0.00961026
0
01:02:648: <MSG>: 
23.5784
12.3967
0.162882
0.111256
12.3535
-0.0827417
0.100672
-0.00798857
1
01:02:658: <MSG>: 
23.5784
12.3981
0.160962
0.111098
12.3476
-0.0883204
0.0976121
-0.0107062
0
01:02:667: <MSG>: 
23.5784
12.3936
0.165872
0.110963
12.3411
-0.0938347
0.0947383
-0.0130697
0
01:02:677: <MSG>: 
23.5784
12.3936
0.165872
0.110721
12.337
-0.0965078
0.0919832
-0.0166149
0
01:02:686: <MSG>: 
23.5784
12.392
0.160844
0.110514
12.3331
-0.0993405
0.0894158
-0.0196658
0
01:02:695: <MSG>: 
23.5784
12.3846
0.161075
0.110241
12.3301
-0.100354
0.0870036
-0.0234104
0
01:02:705: <MSG>: 
23.5784
12.3833
0.158495
0.110009
12.3274
-0.10122
0.0849085
-0.0265196
0
01:02:714: <MSG>: 
23.5784
12.3767
0.160782
0.10999
12.3222
-0.105356
0.0837218
-0.0268019
0
01:02:723: <MSG>: 
23.5784
12.3767
0.160782
0.109879
12.3192
-0.106772
0.0826953
-0.0281353
0
01:02:732: <MSG>: 
23.5784
12.3728
0.153547
0.109742
12.3152
-0.110372
0.0811508
-0.0299602
0
01:02:742: <MSG>: 
23.5784
12.3716
0.15835
0.109429
12.3164
-0.107131
0.0804199
-0.0336078
0
01:02:751: <MSG>: 
23.5784
12.3624
0.213137
0.108981
12.3321
-0.0868648
0.0857358
-0.0370115
0
01:02:761: <MSG>: 
23.5784
12.3624
0.213137
0.109084
12.3301
-0.0880126
0.0876178
-0.0347204
0
01:02:770: <MSG>: 
23.5784
12.3503
0.18018
0.109191
12.3313
-0.0839147
0.0912019
-0.0318761
0
01:02:779: <MSG>: 
23.5784
12.3254
0.181921
0.109179
12.332
-0.0809242
0.0929176
-0.0310633
0
01:02:788: <MSG>: 
23.5784
12.3148
0.226102
0.109391
12.3333
-0.0788805
0.0968853
-0.0268062
0
01:02:798: <MSG>: 
23.5784
12.3116
0.211198
0.10934
12.3349
-0.0764707
0.0990274
-0.026428
0
01:02:807: <MSG>: 
23.5784
12.3116
0.211198
0.109386
12.3366
-0.0743728
0.102116
-0.0245797
0
01:02:816: <MSG>: 
22.9213
12.3187
0.1585
0.109474
12.3349
-0.075376
-0.0346066
-0.022253
0
01:02:825: <MSG>: 
22.9213
12.3239
0.181472
0.109991
12.3286
-0.0829556
-0.0306256
-0.0130222
0
01:02:835: <MSG>: 
22.9213
12.3243
0.210072
0.110519
12.324
-0.0884035
-0.0265156
-0.00376207
0
01:02:844: <MSG>: 
22.9213
12.3243
0.210072
0.11099
12.3204
-0.0926925
-0.0222149
0.00453024
0
01:02:853: <MSG>: 
22.9213
12.3213
0.177555
0.111342
12.3194
-0.094186
-0.0194887
0.0104354
0
01:02:863: <MSG>: 
22.9213
12.3201
0.203905
0.11189
12.3174
-0.0966922
-0.0173622
0.0189403
0
01:02:872: <MSG>: 
22.9213
12.3322
0.213281
0.112378
12.316
-0.0988699
-0.0150382
0.0264287
0
01:02:881: <MSG>: 
22.9213
12.3284
0.185955
0.113035
12.3133
-0.101532
-0.0132534
0.0360786
0
01:02:891: <MSG>: 
22.9213
12.3284
0.185955
0.113744
12.31
-0.105192
-0.0104097
0.0465564
0
01:02:900: <MSG>: 
22.9213
12.3296
0.175483
0.113646
12.3215
-0.0917064
-0.0075804
0.0456641
0
01:02:909: <MSG>: 
22.9213
12.3269
0.18573
0.113723
12.3299
-0.0815088
-0.00446904
0.0470211
0
01:02:918: <MSG>: 
22.9213
12.3246
0.181609
0.11382
12.3383
-0.0714492
-0.00173112
0.0484787
0
01:02:927: <MSG>: 
22.9213
12.3246
0.181609
0.11384
12.3508
-0.0575109
0.00174455
0.04925
0
01:02:937: <MSG>: 
22.9213
12.3214
0.179548
0.113951
12.3614
-0.0454308
0.00467639
0.050952
0
01:02:945: <MSG>: 
22.9213
12.3219
0.194582
0.114155
12.3737
-0.0312382
0.0084504
0.0540936
0
01:02:955: <MSG>: 
22.9213
12.3239
0.171544
0.114306
12.3883
-0.0144123
0.0111811
0.0562005
0
01:02:964: <MSG>: 
22.9213
12.3239
0.171544
0.114455
12.4048
0.0048755
0.013768
0.0582723
0
01:02:973: <MSG>: 
22.9213
12.3218
0.183918
0.114595
12.4254
0.029111
0.0160182
0.0600984
0
01:02:981: <MSG>: 
22.9213
12.3257
0.182157
0.114637
12.4257
0.0291109
0.0165347
0.0600983
0
01:02:990: <MSG>: 
22.9213
12.3259
0.182021
0.114683
12.4258
0.0291109
0.0170739
0.0600983
0
01:02:999: <MSG>: 
22.9213
12.333
0.18794
0.114728
12.426
0.0291108
0.0176257
0.0600982
0
01:03:008: <MSG>: 
22.9213
12.333
0.18794
0.114774
12.4263
0.0291107
0.0181726
0.0600981
0
01:03:016: <MSG>: 
22.9213
12.3353
0.193786
0.114818
12.4267
0.0291106
0.0187174
0.0600981
0
01:03:025: <MSG>: 
22.9213
12.3348
0.189326
0.114863
12.4267
0.0291105
0.0192394
0.060098
0
01:03:034: <MSG>: 
22.9213
12.3348
0.189326
0.115047
12.4047
0.00392495
0.0232283
0.0627437
0
01:03:044: <MSG>: 
22.9213
12.3413
0.18937
0.11523
12.3854
-0.0179158
0.0271437
0.0653476
0
01:03:052: <MSG>: 
22.9213
12.3411
0.197967
0.115348
12.3644
-0.0414657
0.0318587
0.067398
0
01:03:062: <MSG>: 
22.9213
12.3455
0.183899
0.115388
12.3422
-0.0675952
0.0355276
0.0680355
0
01:03:072: <MSG>: 
22.9213
12.3455
0.183899
0.115011
12.3424
-0.065714
0.0298931
0.0599254
0
01:03:081: <MSG>: 
22.9213
12.3483
0.189227
0.114971
12.3397
-0.0681553
0.023143
0.0564204
0
01:03:089: <MSG>: 
22.9213
12.3516
0.186019
0.115011
12.3386
-0.0695143
0.0164709
0.0541507
0
01:03:099: <MSG>: 
22.9213
12.3463
0.188305
0.115013
12.3388
-0.068639
0.0114148
0.051848
0
01:03:108: <MSG>: 
22.9213
12.3463
0.188305
0.114889
12.3427
-0.0629211
0.00809382
0.0483774
0
01:03:117: <MSG>: 
22.9213
12.344
0.189693
0.114704
12.3475
-0.0564144
0.00556707
0.0444013
0
01:03:126: <MSG>: 
22.9213
12.3424
0.197314
0.114577
12.3523
-0.0502678
0.00391404
0.0415242
0
01:03:135: <MSG>: 
22.9213
12.3466
0.19411
0.114559
12.3549
-0.0465827
0.00227595
0.0401876
0
01:03:145: <MSG>: 
22.9213
12.3506
0.186597
0.114585
12.3545
-0.0469668
-8.6821e-05
0.0392293
1
01:03:155: <MSG>: 
22.9213
12.3506
0.186597
0.114368
12.3582
-0.0416744
-0.00224292
0.0350357
0
01:03:164: <MSG>: 
22.9213
12.3479
0.193118
0.114353
12.3596
-0.0393485
-0.00382287
0.0338404
0
01:03:173: <MSG>: 
22.9213
12.3457
0.187503
0.114477
12.3574
-0.0420143
-0.00621359
0.0342947
0
01:03:185: <MSG>: 
22.9213
12.3423
0.189678
0.114657
12.3539
-0.0454767
-0.0072793
0.0357659
0
01:03:195: <MSG>: 
22.9213
12.3423
0.189678
0.11496
12.3481
-0.0522634
-0.00858075
0.0388248
0
01:03:204: <MSG>: 
22.9213
12.3481
0.18387
0.11492
12.3492
-0.0512323
-0.00945725
0.0374272
0
01:03:214: <MSG>: 
22.9213
12.3459
0.190704
0.114947
12.3488
-0.0511282
-0.00965195
0.0371603
0
01:03:224: <MSG>: 
22.9213
12.3492
0.179268
0.115065
12.3463
-0.0542892
-0.0106918
0.0378333
0
01:03:233: <MSG>: 
22.9213
12.3479
0.183444
0.115007
12.3482
-0.0513039
-0.0107237
0.0364814
0
01:03:243: <MSG>: 
22.9213
12.347
0.17803
0.114978
12.3496
-0.0491665
-0.0107924
0.0355237
0
01:03:252: <MSG>: 
22.9213
12.347
0.17803
0.113738
12.3785
-0.0126897
-0.00895646
0.0191789
0
01:03:262: <MSG>: 
22.9213
12.3504
0.211804
0.113711
12.3826
-0.00778793
-0.00814109
0.0187874
0
01:03:272: <MSG>: 
22.9213
12.3384
0.140097
0.113611
12.3896
0.00059279
-0.00684284
0.0176189
0
01:03:281: <MSG>: 
23.4807
12.3319
0.146739
0.113454
12.3968
0.00877884
0.11343
0.0155743
0
01:03:291: <MSG>: 
23.4807
12.3232
0.188945
0.113484
12.4021
0.0156405
0.115717
0.016506
0
01:03:300: <MSG>: 
23.4807
12.3232
0.188945
0.114093
12.3905
0.00126083
0.117903
0.024987
0
01:03:310: <MSG>: 
23.4807
12.3348
0.143689
0.113959
12.3994
0.0117577
0.119495
0.0233966
0
01:03:320: <MSG>: 
23.4807
12.3384
0.104262
0.114436
12.3932
0.00442958
0.120953
0.0290041
0
01:03:329: <MSG>: 
23.4807
12.3504
0.141936
0.114802
12.3889
-0.00199203
0.122297
0.0331883
0
01:03:338: <MSG>: 
23.4807
12.347
0.166749
0.114809
12.3844
-0.00739407
0.123073
0.0330582
0
01:03:348: <MSG>: 
23.4807
12.347
0.166749
0.115059
12.3828
-0.00977765
0.12382
0.0357291
0
01:03:357: <MSG>: 
23.4807
12.3444
0.13922
0.115345
12.3794
-0.0140945
0.123309
0.0384074
0
01:03:366: <MSG>: 
23.4807
12.351
0.198216
0.115841
12.3752
-0.0188447
0.123748
0.043764
0
01:03:376: <MSG>: 
23.4807
12.3629
0.194049
0.116236
12.3706
-0.0242399
0.12285
0.0474288
0
01:03:385: <MSG>: 
23.4807
12.3629
0.194049
0.116784
12.3679
-0.0271602
0.123297
0.0532637
0
01:03:395: <MSG>: 
23.4807
12.3571
0.188323
0.117473
12.364
-0.031031
0.123937
0.0607301
0
01:03:404: <MSG>: 
23.4807
12.3501
0.183443
0.117209
12.3785
-0.0145237
0.125125
0.0567315
0
01:03:413: <MSG>: 
23.4807
12.3529
0.189697
0.116959
12.3923
-0.000476926
0.12625
0.0529003
0
01:03:422: <MSG>: 
23.4807
12.3465
0.177102
0.116694
12.4074
0.0162223
0.127038
0.0488541
0
01:03:432: <MSG>: 
23.4807
12.3465
0.177102
0.116634
12.357
-0.04008
0.128327
0.047412
0
01:03:440: <MSG>: 
23.4807
12.3516
0.180394
0.116472
12.3763
-0.0188715
0.129752
0.0451039
0
01:03:450: <MSG>: 
23.4807
12.3514
0.188341
0.116488
12.3894
-0.00359635
0.131177
0.0451349
0
01:03:459: <MSG>: 
23.4807
12.3546
0.168685
0.116437
12.4095
0.0189487
0.132433
0.044324
0
01:03:469: <MSG>: 
23.4807
12.3483
0.186383
0.116375
12.437
0.0508246
0.134497
0.0436632
0
01:03:478: <MSG>: 
23.4807
12.3483
0.186383
0.116412
12.4374
0.0508211
0.134804
0.0436604
0
01:03:488: <MSG>: 
23.4807
12.3502
0.171872
0.116453
12.4381
0.0508175
0.135156
0.0436574
0
01:03:496: <MSG>: 
23.4807
12.3473
0.175184
0.116489
12.4383
0.0508139
0.135431
0.0436545
0
01:03:506: <MSG>: 
23.4807
12.3527
0.173907
0.116529
12.4386
0.0508104
0.135764
0.0436516
0
01:03:514: <MSG>: 
23.4807
12.3527
0.173907
0.116564
12.439
0.0508069
0.136063
0.0436488
0
01:03:524: <MSG>: 
23.4807
12.3594
0.183803
0.116714
12.4292
0.0396484
0.137516
0.0453925
0
01:03:533: <MSG>: 
23.4807
12.3619
0.171936
0.116349
12.4024
0.00961013
0.139357
0.040324
0
01:03:543: <MSG>: 
23.4807
12.3643
0.179183
0.116172
12.3789
-0.0181947
0.141554
0.0379431
0
01:03:552: <MSG>: 
23.4807
12.3622
0.181328
0.116031
12.3602
-0.0399408
0.143078
0.0359065
0
01:03:562: <MSG>: 
23.4807
12.3622
0.181328
0.114624
12.3594
-0.0381211
0.129999
0.0154291
0
01:03:571: <MSG>: 
23.4807
12.3626
0.1793
0.113874
12.3591
-0.0375215
0.120087
0.00362485
0
01:03:580: <MSG>: 
23.4807
12.3572
0.185541
0.113557
12.3573
-0.0384921
0.113824
-0.00197482
0
01:03:589: <MSG>: 
23.4807
12.3617
0.178029
0.113052
12.3588
-0.0364379
0.105993
-0.0101397
0
01:03:599: <MSG>: 
23.4807
12.3617
0.178029
0.112824
12.3571
-0.0383596
0.0990266
-0.014759
0
01:03:608: <MSG>: 
23.4807
12.3594
0.175748
0.112769
12.3527
-0.043801
0.0936946
-0.0168446
0
01:03:616: <MSG>: 
23.4807
12.3559
0.173241
0.112573
12.3505
-0.0465329
0.0880738
-0.0206201
0
01:03:626: <MSG>: 
23.4807
12.3528
0.18146
0.112466
12.3426
-0.055182
0.0916032
-0.0208245
0
01:03:635: <MSG>: 
23.4807
12.3528
0.18146
0.112734
12.3369
-0.0623476
0.08777
-0.0186463
0
01:03:645: <MSG>: 
23.4807
12.3534
0.17056
0.112935
12.3308
-0.0687347
0.0849071
-0.0169947
1
01:03:654: <MSG>: 
23.4807
12.3553
0.179266
0.113063
12.3259
-0.0730098
0.0826132
-0.0160355
0
01:03:664: <MSG>: 
23.4807
12.3567
0.167005
0.113034
12.3223
-0.0761877
0.0794973
-0.017144
0
01:03:674: <MSG>: 
23.4807
12.3528
0.173516
0.112919
12.3205
-0.0770127
0.0769272
-0.0190786
0
01:03:683: <MSG>: 
23.4807
12.3528
0.173516
0.11283
12.3181
-0.078543
0.0742665
-0.0207136
0
01:03:692: <MSG>: 
23.4807
12.3508
0.171242
0.112679
12.3171
-0.0780672
0.0721431
-0.0229054
0
01:03:701: <MSG>: 
23.4807
12.3541
0.17578
0.11252
12.3184
-0.0750734
0.0711154
-0.0248344
0
01:03:711: <MSG>: 
23.4807
12.3506
0.163806
0.112456
12.3165
-0.0756449
0.0694103
-0.0258361
0
01:03:721: <MSG>: 
23.4807
12.3506
0.163806
0.112274
12.3174
-0.0729446
0.0678558
-0.0281481
0
01:03:730: <MSG>: 
23.4807
12.3502
0.164566
0.112108
12.3182
-0.0706603
0.066309
-0.0302655
0
01:03:740: <MSG>: 
23.4807
12.3471
0.16043
0.111825
12.321
-0.06554
0.0646835
-0.0337745
0
01:03:749: <MSG>: 
23.4807
12.3419
0.205381
0.111852
12.3207
-0.0657102
0.0646421
-0.0330485
0
01:03:759: <MSG>: 
23.4807
12.3273
0.161206
0.111447
12.3235
-0.0601528
0.0626748
-0.0381214
0
01:03:768: <MSG>: 
23.4807
12.3273
0.161206
0.11157
12.3251
-0.0576887
0.0653292
-0.035382
0
01:03:777: <MSG>: 
23.5784
12.3247
0.160173
0.111594
12.3258
-0.0558707
0.0867489
-0.0343062
0
01:03:787: <MSG>: 
23.5784
12.3246
0.199189
0.111572
12.3336
-0.0465634
0.0900524
-0.0331298
0
01:03:796: <MSG>: 
23.5784
12.3211
0.172012
0.111981
12.3193
-0.0629647
0.0893651
-0.0279283
0
01:03:806: <MSG>: 
23.5784
12.3166
0.130653
0.111975
12.3189
-0.0629337
0.0893101
-0.027674
0
01:03:816: <MSG>: 
23.5784
12.3166
0.130653
0.111864
12.3215
-0.0593214
0.0895007
-0.0286486
0
01:03:825: <MSG>: 
23.5784
12.322
0.162614
0.112264
12.3236
-0.0575598
0.0906985
-0.0220205
0
01:03:835: <MSG>: 
23.5784
12.3217
0.180215
0.112587
12.326
-0.0549843
0.091805
-0.0166611
0
01:03:844: <MSG>: 
23.5784
12.3153
0.145023
0.112741
12.3296
-0.0511574
0.0916335
-0.0142675
0
01:03:853: <MSG>: 
23.5784
12.3191
0.179824
0.112873
12.3305
-0.0501458
0.0948055
-0.0112563
0
01:03:863: <MSG>: 
23.5784
12.3191
0.179824
0.113005
12.3327
-0.0483189
0.0942617
-0.00940235
0
01:03:872: <MSG>: 
23.5784
12.3301
0.184906
0.113084
12.3333
-0.0481863
0.0957766
-0.00790594
0
01:03:881: <MSG>: 
23.5784
12.3247
0.17802
0.1132
12.3358
-0.0456699
0.0952504
-0.00632152
0
01:03:890: <MSG>: 
23.5784
12.3227
0.174998
0.113191
12.3427
-0.037557
0.0975401
-0.0056536
0
01:03:900: <MSG>: 
23.5784
12.3227
0.174998
0.113154
12.3519
-0.0268578
0.099755
-0.00533992
0
01:03:909: <MSG>: 
23.5784
12.3232
0.185766
0.113058
12.3664
-0.0101495
0.102374
-0.00561089
0
01:03:919: <MSG>: 
23.5784
12.325
0.173535
0.113177
12.3758
0.00049538
0.105192
-0.00317046
0
01:03:928: <MSG>: 
23.5784
12.323
0.175176
0.113237
12.3874
0.0128729
0.108316
-0.00137735
0
01:03:938: <MSG>: 
23.5784
12.322
0.188247
0.113294
12.4022
0.0293215
0.111642
0.000445017
0
01:03:947: <MSG>: 
23.5784
12.322
0.188247
0.113414
12.417
0.0455946
0.114892
0.00302743
0
01:03:956: <MSG>: 
23.5784
12.325
0.168605
0.113494
12.4331
0.0630177
0.117368
0.00483552
0
01:03:965: <MSG>: 
23.5784
12.3232
0.180815
0.113916
12.4211
0.0486627
0.1203
0.0109568
0
01:03:973: <MSG>: 
23.5784
12.3283
0.171563
0.113926
12.4219
0.0486602
0.120371
0.0109563
0
01:03:983: <MSG>: 
23.5784
12.3283
0.171563
0.113938
12.4223
0.0486577
0.120407
0.0109558
0
01:03:992: <MSG>: 
23.5784
12.3281
0.17238
0.113949
12.4224
0.0486556
0.120413
0.0109554
0
01:04:000: <MSG>: 
23.5784
12.335
0.176895
0.11396
12.423
0.048653
0.12048
0.0109548
0
01:04:009: <MSG>: 
23.5784
12.3398
0.189919
0.113971
12.4235
0.0486508
0.12053
0.0109543
0
01:04:019: <MSG>: 
23.5784
12.3398
0.189919
0.114104
12.3989
0.0203714
0.124855
0.0137154
0
01:04:028: <MSG>: 
23.5784
12.3451
0.180992
0.114144
12.3753
-0.00656059
0.128447
0.0150088
0
01:04:038: <MSG>: 
23.5784
12.3479
0.183462
0.114364
12.3562
-0.0293211
0.132597
0.0187862
0
01:04:046: <MSG>: 
23.5784
12.3457
0.190005
0.114476
12.3371
-0.051678
0.135927
0.0208944
0
01:04:056: <MSG>: 
23.5784
12.3457
0.190005
0.114435
12.3184
-0.0735642
0.138939
0.0209277
0
01:04:065: <MSG>: 
23.5784
12.3463
0.176726
0.114013
12.3171
-0.0730389
0.131619
0.0122912
0
01:04:074: <MSG>: 
23.5784
12.3443
0.184853
0.113682
12.3174
-0.0702368
0.124593
0.00522343
0
01:04:084: <MSG>: 
23.5784
12.3465
0.182125
0.113497
12.3172
-0.0689903
0.118299
0.000585497
0
01:04:094: <MSG>: 
23.5784
12.3465
0.182125
0.113285
12.3187
-0.066228
0.111413
-0.0045125
0
01:04:103: <MSG>: 
23.5784
12.3405
0.187528
0.11299
12.3218
-0.0607706
0.106281
-0.01016
0
01:04:112: <MSG>: 
23.5784
12.3398
0.179413
0.11256
12.3278
-0.0523313
0.102805
-0.0170964
0
01:04:121: <MSG>: 
23.5784
12.3348
0.190568
0.112404
12.3298
-0.0486658
0.0992275
-0.0201032
0
01:04:131: <MSG>: 
23.5784
12.3383
0.176943
0.112309
12.3336
-0.0441245
0.0956814
-0.0222107
0
01:04:140: <MSG>: 
23.5784
12.3383
0.176943
0.112248
12.334
-0.043069
0.0915
-0.0240006
1
01:04:150: <MSG>: 
23.5784
12.3351
0.184088
0.112227
12.3332
-0.0430296
0.0879957
-0.0250218
0
01:04:159: <MSG>: 
23.5784
12.3394
0.178761
0.11241
12.3301
-0.0460729
0.0860099
-0.0228142
0
01:04:169: <MSG>: 
23.5784
12.3359
0.180685
0.112404
12.3296
-0.0458923
0.084303
-0.0231127
0
01:04:178: <MSG>: 
23.5784
12.3372
0.177575
0.112282
12.3311
-0.0431502
0.0827774
-0.0249498
0
01:04:189: <MSG>: 
23.5784
12.3372
0.177575
0.112345
12.3295
-0.0445251
0.0815157
-0.0241282
0
01:04:199: <MSG>: 
23.5784
12.3401
0.181315
0.11227
12.3305
-0.0426524
0.0803772
-0.0251461
0
01:04:209: <MSG>: 
23.5784
12.3379
0.171309
0.112133
12.3323
-0.0395471
0.0793955
-0.0269662
0
01:04:218: <MSG>: 
23.5784
12.3383
0.170485
0.112053
12.3341
-0.0374769
0.0787654
-0.027925
0
01:04:227: <MSG>: 
23.5784
12.3335
0.175445
0.112018
12.3347
-0.0357628
0.0787038
-0.0280553
0
01:04:236: <MSG>: 
23.5784
12.3335
0.175445
0.111911
12.3379
-0.0314334
0.0789396
-0.0290644
0
01:04:245: <MSG>: 
23.5784
12.336
0.172377
0.111581
12.3495
-0.0171307
0.080812
-0.0325563
0
01:04:255: <MSG>: 
23.5784
12.3454
0.233639
0.111548
12.3559
-0.00898118
0.0827698
-0.0319674
0
01:04:264: <MSG>: 
23.5784
12.3365
0.202693
0.111725
12.362
-0.00103181
0.0870875
-0.0278126
0
01:04:274: <MSG>: 
23.4483
12.3277
0.213667
0.111826
12.3686
0.00651138
0.0649166
-0.024586
0
01:04:283: <MSG>: 
23.4483
12.3277
0.213667
0.111827
12.3758
0.0144984
0.0685529
-0.0231267
0
01:04:292: <MSG>: 
23.4483
12.3257
0.243984
0.112131
12.3781
0.0171431
0.0736313
-0.0171676
0
01:04:301: <MSG>: 
23.4483
12.3246
0.190246
0.112007
12.3896
0.0297008
0.0768485
-0.0175796
0
01:04:311: <MSG>: 
23.4483
12.3124
0.160712
0.111938
12.3991
0.0404429
0.0799837
-0.0172489
0
01:04:320: <MSG>: 
23.4483
12.3124
0.160712
0.112571
12.3953
0.0345764
0.0843315
-0.00833762
0
01:04:329: <MSG>: 
23.4483
12.3208
0.205323
0.113133
12.3923
0.0297093
0.0899007
-3.31902e-06
0
01:04:339: <MSG>: 
23.4483
12.3255
0.207357
0.113722
12.3892
0.0251354
0.0952851
0.00851318
0
01:04:348: <MSG>: 
23.4483
12.3326
0.179251
0.114321
12.3887
0.0227838
0.0997972
0.0167662
0
01:04:357: <MSG>: 
23.4483
12.3382
0.222245
0.115181
12.3878
0.0212352
0.106154
0.0285815
0
01:04:366: <MSG>: 
23.4483
12.3382
0.222245
0.116009
12.3858
0.0178366
0.110473
0.0392054
0
01:04:376: <MSG>: 
23.4483
12.3467
0.203114
0.116765
12.3852
0.015596
0.113722
0.0484865
0
01:04:385: <MSG>: 
23.4483
12.3368
0.206068
0.117697
12.3829
0.012857
0.117515
0.0598657
0
01:04:395: <MSG>: 
23.4483
12.3419
0.197196
0.118544
12.3797
0.00857022
0.120171
0.0696776
0
01:04:404: <MSG>: 
23.4483
12.3419
0.197196
0.119485
12.3786
0.0065461
0.121601
0.0800719
0
01:04:413: <MSG>: 
23.4483
12.344
0.216219
0.119515
12.3863
0.0133739
0.125275
0.0805768
0
01:04:422: <MSG>: 
23.4483
12.3424
0.192936
0.119504
12.3969
0.0233795
0.128465
0.0803461
0
01:04:431: <MSG>: 
23.4483
12.3398
0.206212
0.119593
12.4079
0.0347866
0.132254
0.0817042
0
01:04:441: <MSG>: 
23.4483
12.3355
0.198718
0.119509
12.4261
0.0547183
0.135373
0.080512
0
01:04:450: <MSG>: 
23.4483
12.3355
0.198718
0.119597
12.4414
0.0712016
0.138474
0.0816308
0
01:04:459: <MSG>: 
23.4483
12.3389
0.194861
0.11966
12.4589
0.0902689
0.141264
0.0823433
0
01:04:468: <MSG>: 
23.4483
12.3385
0.202328
0.119904
12.4676
0.0993399
0.144385
0.0855527
0
01:04:477: <MSG>: 
23.4483
12.345
0.193118
0.119863
12.4937
0.12748
0.146734
0.0847084
0
01:04:486: <MSG>: 
23.4483
12.345
0.193118
0.119953
12.469
0.0982171
0.149116
0.0853808
0
01:04:495: <MSG>: 
23.4483
12.3388
0.195317
0.120057
12.4961
0.128877
0.151428
0.0865128
0
01:04:505: <MSG>: 
23.4483
12.3435
0.192371
0.120184
12.4777
0.106246
0.154245
0.0877295
0
01:04:514: <MSG>: 
23.4483
12.3479
0.204794
0.120304
12.4582
0.0830155
0.157172
0.0889697
0
01:04:523: <MSG>: 
23.4483
12.3479
0.204794
0.120412
12.4992
0.12849
0.159857
0.0903231
0
01:04:532: <MSG>: 
23.4483
12.3535
0.189444
0.120557
12.4842
0.109452
0.162464
0.0917896
0
01:04:541: <MSG>: 
23.4483
12.3587
0.199849
0.120602
12.4674
0.0886957
0.165041
0.0918547
0
01:04:551: <MSG>: 
23.4483
12.3674
0.195938
0.120267
12.4503
0.0664801
0.158236
0.084636
0
01:04:560: <MSG>: 
23.4483
12.3674
0.195938
0.119863
12.4362
0.0483468
0.150405
0.0764938
0
01:04:569: <MSG>: 
23.4483
12.371
0.193639
0.119223
12.4264
0.0364523
0.142806
0.0658412
0
01:04:579: <MSG>: 
23.4483
12.3718
0.195077
0.118722
12.4159
0.023864
0.135469
0.0569378
0
01:04:588: <MSG>: 
23.4483
12.3752
0.199533
0.118371
12.4057
0.0114528
0.129293
0.0502204
0
01:04:597: <MSG>: 
23.4483
12.373
0.190547
0.117894
12.3961
0.00102262
0.123262
0.0422159
0
01:04:606: <MSG>: 
23.4483
12.373
0.190547
0.117408
12.3915
-0.00347612
0.117903
0.0343908
0
01:04:616: <MSG>: 
23.4483
12.3722
0.194902
0.116937
12.3875
-0.00700333
0.113009
0.026964
0
01:04:625: <MSG>: 
23.4483
12.367
0.195147
0.116588
12.3819
-0.0124074
0.108054
0.021011
0
01:04:634: <MSG>: 
23.4483
12.3703
0.189927
0.116597
12.3727
-0.0225148
0.104447
0.0196418
0
01:04:644: <MSG>: 
23.4483
12.3703
0.189927
0.116304
12.3677
-0.0267655
0.101258
0.0149331
1
01:04:653: <MSG>: 
23.4483
12.3705
0.194323
0.116052
12.3625
-0.0311194
0.0982314
0.0107956
0
01:04:663: <MSG>: 
23.4483
12.3708
0.188705
0.115792
12.3577
-0.0352924
0.0947554
0.0064731
0
01:04:672: <MSG>: 
23.4483
12.3666
0.193187
0.115494
12.3544
-0.0369906
0.0922051
0.00204394
0
01:04:681: <MSG>: 
23.4483
12.3659
0.186872
0.115203
12.3516
-0.0384823
0.0897016
-0.00225361
0
01:04:690: <MSG>: 
23.4483
12.3659
0.186872
0.114954
12.3481
-0.0406766
0.0871217
-0.00603716
0
01:04:700: <MSG>: 
23.4483
12.3673
0.19627
0.114551
12.349
-0.037073
0.0855469
-0.011307
0
01:04:709: <MSG>: 
23.4483
12.3668
0.183048
0.114275
12.3474
-0.0371119
0.0833447
-0.0151919
0
01:04:718: <MSG>: 
23.4483
12.364
0.183703
0.11404
12.3448
-0.0390039
0.0817013
-0.0183958
0
01:04:728: <MSG>: 
23.4483
12.364
0.183703
0.113811
12.3425
-0.0405195
0.0799675
-0.0215098
0
01:04:737: <MSG>: 
23.4483
12.3615
0.176534
0.111812
12.372
0.000235719
0.0770472
-0.0466693
0
01:04:746: <MSG>: 
23.4483
12.3728
0.189303
0.111414
12.3749
0.00530643
0.0753568
-0.0515164
0
01:04:755: <MSG>: 
23.4483
12.3418
0.131781
0.111094
12.3779
0.00981383
0.0741494
-0.0551998
0
01:04:765: <MSG>: 
23.4483
12.3163
0.171265
0.110978
12.3757
0.0092723
0.073815
-0.0559609
0
01:04:775: <MSG>: 
23.4483
12.3163
0.171265
0.110696
12.3767
0.0112069
0.0727829
-0.0590681
0
01:04:784: <MSG>: 
23.4483
12.3282
0.206856
0.110294
12.3829
0.0187986
0.0736729
-0.0631636
0
01:04:793: <MSG>: 
23.4483
12.3491
0.15206
0.110194
12.3761
0.00967697
0.0732124
-0.0637677
0
01:04:802: <MSG>: 
23.4483
12.3456
0.132457
0.109843
12.3796
0.0138946
0.0721037
-0.0677533
0
01:04:812: <MSG>: 
23.4483
12.3456
0.132457
0.109426
12.3829
0.0178972
0.0699346
-0.0728502
0
01:04:821: <MSG>: 
23.4483
12.3395
0.169102
0.109744
12.3763
0.0084543
0.071109
-0.0665291
0
01:04:830: <MSG>: 
23.4483
12.3347
0.169618
0.109782
12.3716
0.00122282
0.0730929
-0.0644105
0
01:04:840: <MSG>: 
23.4483
12.3315
0.149291
0.110124
12.3674
-0.00502017
0.0745471
-0.057823
0
01:04:849: <MSG>: 
23.4483
12.3432
0.190311
0.110303
12.3645
-0.0094907
0.0764336
-0.0537663
0
01:04:858: <MSG>: 
23.4483
12.3432
0.190311
0.110496
12.3618
-0.0140083
0.0778442
-0.04965
0
01:04:868: <MSG>: 
23.4483
12.3535
0.16839
0.11068
12.3587
-0.0193426
0.0788435
-0.0458964
0
01:04:877: <MSG>: 
23.4483
12.3477
0.171087
0.110988
12.3554
-0.0240254
0.0790773
-0.0405911
0
01:04:886: <MSG>: 
23.4483
12.3429
0.165512
0.111359
12.3515
-0.0295492
0.0797289
-0.0343336
0
01:04:895: <MSG>: 
23.4483
12.3429
0.165512
0.111727
12.3466
-0.0358752
0.0798021
-0.0284193
0
01:04:904: <MSG>: 
23.4483
12.34
0.173516
0.111497
12.3584
-0.0217861
0.0808633
-0.0305621
0
01:04:913: <MSG>: 
23.4483
12.3421
0.155772
0.111251
12.3715
-0.00640221
0.0813617
-0.0330543
0
01:04:923: <MSG>: 
23.4483
12.3397
0.169455
0.111084
12.3838
0.00742284
0.0827722
-0.0342223
0
01:04:931: <MSG>: 
23.4483
12.3397
0.169455
0.110813
12.403
0.0293652
0.0838998
-0.0367726
0
01:04:941: <MSG>: 
23.4483
12.3376
0.165857
0.110686
12.4198
0.0485899
0.0851398
-0.0374113
0
01:04:950: <MSG>: 
23.4483
12.3365
0.15596
0.110736
12.4321
0.0625949
0.0866226
-0.0357123
0
01:04:958: <MSG>: 
23.4483
12.3403
0.1729
0.110705
12.4326
0.0626028
0.0864692
-0.035717
0
01:04:967: <MSG>: 
23.4483
12.3432
0.158788
0.110672
12.4332
0.0626103
0.0863078
-0.0357215
0
01:04:976: <MSG>: 
23.4483
12.3432
0.158788
0.110637
12.4338
0.0626182
0.0861251
-0.0357261
0
01:04:985: <MSG>: 
23.4483
12.3421
0.163547
0.110603
12.4341
0.0626248
0.0859323
-0.03573
0
01:04:994: <MSG>: 
23.4483
12.3462
0.164827
0.11057
12.4349
0.0626329
0.0857894
-0.0357349
0
01:05:003: <MSG>: 
23.4483
12.3462
0.164827
0.110536
12.4355
0.0626395
0.085612
-0.0357388
0
01:05:012: <MSG>: 
23.4483
12.3455
0.174577
0.110578
12.4079
0.0301299
0.0885913
-0.0339327
0
01:05:021: <MSG>: 
23.4483
12.3484
0.163829
0.110711
12.3865
0.00421796
0.0912258
-0.0310578
0
01:05:031: <MSG>: 
23.4483
12.3471
0.179613
0.110723
12.3609
-0.025506
0.0945312
-0.0295864
0
01:05:039: <MSG>: 
23.4483
12.3471
0.179613
0.110714
12.3372
-0.053629
0.0972866
-0.0286023
0
01:05:049: <MSG>: 
23.4483
12.3516
0.173874
0.110867
12.3197
-0.0744796
0.100634
-0.0252818
0
01:05:058: <MSG>: 
23.4483
12.3491
0.171854
0.11101
12.3003
-0.0978198
0.103817
-0.0222263
0
01:05:067: <MSG>: 
23.4483
12.3503
0.168094
0.110985
12.2996
-0.0978361
0.103836
-0.0222299
0
01:05:076: <MSG>: 
23.4483
12.3482
0.169779
0.110737
12.3025
-0.0926468
0.0977515
-0.0272515
0
01:05:086: <MSG>: 
23.4483
12.3482
0.169779
0.110594
12.3056
-0.0877361
0.0907915
-0.0309111
0
01:05:095: <MSG>: 
23.4483
12.3444
0.165505
0.110402
12.3097
-0.0814199
0.0843706
-0.0350576
0
01:05:104: <MSG>: 
23.4483
12.3427
0.167149
0.110059
12.3175
-0.0709243
0.0791801
-0.0409118
0
01:05:114: <MSG>: 
23.4483
12.3339
0.167441
0.10974
12.3242
-0.0618318
0.0743638
-0.0461707
0
01:05:123: <MSG>: 
23.4483
12.3339
0.167441
0.109532
12.3311
-0.0531926
0.0703426
-0.0495276
0
01:05:133: <MSG>: 
23.4483
12.3361
0.159778
0.109454
12.3362
-0.0476346
0.0669082
-0.0508685
0
01:05:142: <MSG>: 
23.4483
12.3311
0.166385
0.109231
12.3401
-0.0423523
0.0633085
-0.0542656
1
01:05:151: <MSG>: 
23.4483
12.3343
0.160032
0.108944
12.3446
-0.0370648
0.0603678
-0.0583527
0
01:05:161: <MSG>: 
23.4483
12.3343
0.160032
0.108589
12.3498
-0.0297271
0.0576044
-0.0632171
0
01:05:171: <MSG>: 
23.4483
12.3293
0.165314
0.108516
12.3499
-0.0292794
0.0542444
-0.064213
0
01:05:180: <MSG>: 
23.4483
12.3345
0.163388
0.108632
12.3481
-0.0314218
0.0525576
-0.0621867
0
01:05:189: <MSG>: 
23.4483
12.3338
0.165286
0.108625
12.3478
-0.0312051
0.0507492
-0.0619478
0
01:05:199: <MSG>: 
23.4483
12.3347
0.158023
0.108622
12.3472
-0.0324356
0.0489225
-0.0616325
0
01:05:208: <MSG>: 
23.4483
12.3347
0.158023
0.108591
12.3479
-0.0317892
0.0479101
-0.0615301
0
01:05:217: <MSG>: 
23.4483
12.3338
0.158566
0.10856
12.3483
-0.0316759
0.0467861
-0.0614146
0
01:05:226: <MSG>: 
23.4483
12.3322
0.159065
0.108549
12.3477
-0.032213
0.0454991
-0.061088
0
01:05:236: <MSG>: 
23.4483
12.335
0.151599
0.108263
12.3554
-0.022694
0.0455287
-0.0640357
0
01:05:246: <MSG>: 
23.4483
12.3358
0.228719
0.107965
12.3633
-0.0118342
0.0464428
-0.0668861
0
01:05:255: <MSG>: 
23.4483
12.3358
0.228719
0.108058
12.3702
-0.00353382
0.0502972
-0.0635094
0
01:05:264: <MSG>: 
23.4483
12.3328
0.171898
0.108257
12.3747
0.0012862
0.0535814
-0.0589536
0
01:05:274: <MSG>: 
23.4483
12.3237
0.192171
0.108416
12.3804
0.00712161
0.0578741
-0.054631
0
01:05:283: <MSG>: 
23.4483
12.3222
0.217037
0.108615
12.3858
0.01282
0.0624716
-0.0497694
0
01:05:293: <MSG>: 
23.4483
12.3222
0.217037
0.109207
12.3735
-0.00327506
0.0636676
-0.0407376
0
01:05:302: <MSG>: 
23.1397
12.3287
0.174176
0.109977
12.366
-0.0124899
0.00690693
-0.0286234
0
01:05:312: <MSG>: 
23.1397
12.334
0.118905
0.11046
12.3613
-0.0191919
0.0117065
-0.0212099
0
01:05:321: <MSG>: 
23.1397
12.3311
0.171967
0.111268
12.356
-0.0256037
0.0171464
-0.00985929
0
01:05:331: <MSG>: 
23.1397
12.332
0.181371
0.111696
12.3523
-0.0307252
0.019761
-0.00395155
0
01:05:340: <MSG>: 
23.1397
12.332
0.181371
0.112306
12.3486
-0.0352742
0.0235479
0.00436732
0
01:05:349: <MSG>: 
23.1397
12.3286
0.163896
0.112867
12.3449
-0.0391462
0.026409
0.01175
0
01:05:359: <MSG>: 
23.1397
12.339
0.200291
0.113492
12.3425
-0.0420009
0.030204
0.0200627
0
01:05:368: <MSG>: 
23.1397
12.3464
0.188801
0.113939
12.3412
-0.0442377
0.0327479
0.0258107
0
01:05:377: <MSG>: 
23.1397
12.3343
0.172543
0.114636
12.3376
-0.0477521
0.0343147
0.0341376
0
01:05:387: <MSG>: 
23.1397
12.3343
0.172543
0.11548
12.3343
-0.0513171
0.0365062
0.0442416
0
01:05:396: <MSG>: 
23.1397
12.3327
0.170547
0.116499
12.3309
-0.0553624
0.0372833
0.0557955
0
01:05:405: <MSG>: 
23.1397
12.3285
0.180324
0.116559
12.3359
-0.0495395
0.0400222
0.0566785
0
01:05:414: <MSG>: 
23.1397
12.3361
0.165759
0.116292
12.3563
-0.0275303
0.0430673
0.0532884
0
01:05:423: <MSG>: 
23.1397
12.3361
0.165759
0.116194
12.3708
-0.0122942
0.0460968
0.0521898
0
01:05:433: <MSG>: 
23.1397
12.3323
0.174985
0.116117
12.3862
0.00497506
0.0490262
0.0514167
0
01:05:441: <MSG>: 
23.1397
12.3368
0.169136
0.115982
12.4083
0.0292712
0.0519255
0.0499028
0
01:05:451: <MSG>: 
23.1397
12.3322
0.164542
0.115977
12.4288
0.0526837
0.0550399
0.0502419
0
01:05:460: <MSG>: 
23.1397
12.3322
0.164542
0.115898
12.458
0.0862212
0.0584512
0.0497737
0
01:05:468: <MSG>: 
23.1397
12.3324
0.165231
0.115935
12.4587
0.0862201
0.0588637
0.0497733
0
01:05:477: <MSG>: 
23.1397
12.3362
0.161156
0.115973
12.4595
0.086219
0.0593105
0.0497729
0
01:05:486: <MSG>: 
23.1397
12.3387
0.157807
0.116011
12.4601
0.0862178
0.0597268
0.0497725
0
01:05:494: <MSG>: 
23.1397
12.3387
0.157807
0.11605
12.4609
0.0862168
0.060163
0.0497722
0
01:05:503: <MSG>: 
23.1397
12.3415
0.167183
0.116087
12.4619
0.0862157
0.0606302
0.0497718
0
01:05:512: <MSG>: 
23.1397
12.3394
0.171332
0.116125
12.4624
0.0862146
0.0610212
0.0497715
0
01:05:521: <MSG>: 
23.1397
12.345
0.164382
0.116128
12.4416
0.062367
0.0638646
0.0498836
0
01:05:531: <MSG>: 
23.1397
12.345
0.164382
0.116267
12.4269
0.0457698
0.0669008
0.0518581
0
01:05:540: <MSG>: 
23.1397
12.3505
0.167289
0.11642
12.4119
0.0292516
0.0700506
0.0541143
0
01:05:549: <MSG>: 
23.1397
12.3579
0.170631
0.116544
12.3995
0.0151112
0.0734667
0.0559963
0
01:05:559: <MSG>: 
23.1397
12.3558
0.158954
0.116481
12.38
-0.00781836
0.0764417
0.055215
0
01:05:569: <MSG>: 
23.1397
12.3558
0.158954
0.116494
12.3711
-0.0193053
0.069195
0.0523658
0
01:05:578: <MSG>: 
23.1397
12.3556
0.159577
0.116369
12.363
-0.0295059
0.0617423
0.0479834
0
01:05:587: <MSG>: 
23.1397
12.3527
0.1673
0.116303
12.3545
-0.0390638
0.0562051
0.0449068
0
01:05:596: <MSG>: 
23.1397
12.3503
0.156096
0.115905
12.3506
-0.0428516
0.0493981
0.0377321
0
01:05:605: <MSG>: 
23.1397
12.3498
0.163848
0.115503
12.3483
-0.0441707
0.0441452
0.0310951
0
01:05:614: <MSG>: 
23.1397
12.3498
0.163848
0.115153
12.3468
-0.0443846
0.0395521
0.0252899
0
01:05:624: <MSG>: 
23.1397
12.3501
0.158441
0.115006
12.3436
-0.0477582
0.0346226
0.021777
0
01:05:633: <MSG>: 
23.1397
12.3484
0.161256
0.114816
12.3407
-0.0503098
0.0299982
0.0178915
0
01:05:642: <MSG>: 
23.1397
12.3465
0.160533
0.114654
12.3376
-0.0529601
0.0256181
0.0144649
1
01:05:652: <MSG>: 
23.1397
12.3465
0.160533
0.114735
12.332
-0.0583373
0.0227957
0.0143301
0
01:05:661: <MSG>: 
23.1397
12.3476
0.161283
0.114786
12.3278
-0.061806
0.02069
0.0140643
0
01:05:671: <MSG>: 
23.1397
12.3463
0.159424
0.114599
12.327
-0.0603725
0.0187974
0.0111215
0
01:05:681: <MSG>: 
23.1397
12.3471
0.152348
0.114376
12.3263
-0.0589052
0.0162911
0.00759012
0
01:05:690: <MSG>: 
23.1397
12.3458
0.154741
0.114322
12.3233
-0.060473
0.0141158
0.00617598
0
01:05:699: <MSG>: 
23.1397
12.3458
0.154741
0.114277
12.3195
-0.0637288
0.0118606
0.00485631
0
01:05:708: <MSG>: 
23.1397
12.3461
0.147751
0.114054
12.3198
-0.0618128
0.0101981
0.00164133
0
01:05:718: <MSG>: 
23.1397
12.3444
0.161527
0.1138
12.3224
-0.0569789
0.00969111
-0.00155739
0
01:05:727: <MSG>: 
23.1397
12.3448
0.145067
0.113629
12.3225
-0.0553903
0.00821352
-0.00403916
0
01:05:737: <MSG>: 
23.1397
12.3425
0.175659
0.113553
12.3246
-0.0513685
0.00900561
-0.00468426
0
01:05:746: <MSG>: 
23.1397
12.3425
0.175659
0.113329
12.326
-0.048264
0.00800363
-0.00763249
0
01:05:755: <MSG>: 
23.1397
12.3559
0.21713
0.11353
12.3315
-0.0395786
0.0133187
-0.00351867
0
01:05:765: <MSG>: 
23.1397
12.3203
0.192607
0.113757
12.3325
-0.0360691
0.017174
0.000458949
0
01:05:774: <MSG>: 
23.1397
12.3124
0.203644
0.113887
12.3361
-0.0314654
0.0215399
0.00334568
0
01:05:783: <MSG>: 
23.1397
12.3124
0.203644
0.11418
12.336
-0.0310413
0.0257406
0.00814276
0
01:05:792: <MSG>: 
23.2029
12.3086
0.221455
0.114559
12.3349
-0.0317432
0.0443946
0.0142069
0
01:05:801: <MSG>: 
23.2029
12.3196
0.153329
0.114688
12.3394
-0.0268316
0.0480268
0.0167126
0
01:05:811: <MSG>: 
23.2029
12.3195
0.147104
0.114743
12.3457
-0.0185451
0.0518972
0.0183868
0
01:05:820: <MSG>: 
23.2029
12.3195
0.147104
0.11512
12.3444
-0.0209311
0.0551204
0.024518
0
01:05:830: <MSG>: 
23.2029
12.3198
0.180666
0.115554
12.3434
-0.0226755
0.0594337
0.0316822
0
01:05:840: <MSG>: 
23.2029
12.3167
0.176107
0.11603
12.3432
-0.0238085
0.0631049
0.0391339
0
01:05:849: <MSG>: 
23.2029
12.3164
0.181064
0.116644
12.3438
-0.0239701
0.067936
0.0487663
0
01:05:858: <MSG>: 
23.2029
12.3289
0.215862
0.117177
12.3439
-0.0252135
0.0718511
0.0568306
0
01:05:868: <MSG>: 
23.2029
12.3289
0.215862
0.11762
12.3444
-0.025372
0.0754313
0.0632938
0
01:05:877: <MSG>: 
23.2029
12.3258
0.197483
0.118213
12.3436
-0.0269285
0.0780965
0.0714936
0
01:05:886: <MSG>: 
23.2029
12.3242
0.192995
0.118771
12.3422
-0.0290336
0.0809448
0.0790534
0
01:05:895: <MSG>: 
23.2029
12.3221
0.207136
0.119435
12.3396
-0.0324644
0.0841201
0.0881
0
01:05:904: <MSG>: 
23.2029
12.3257
0.202364
0.119354
12.354
-0.0160339
0.0877778
0.0872606
0
01:05:914: <MSG>: 
23.2029
12.3257
0.202364
0.119623
12.3615
-0.0069174
0.0924448
0.0909164
0
01:05:923: <MSG>: 
23.2029
12.3164
0.192625
0.119817
12.3675
-0.000315283
0.0962
0.0933606
0
01:05:932: <MSG>: 
23.2029
12.3177
0.195987
0.119918
12.3789
0.0121887
0.0998052
0.0946203
0
01:05:941: <MSG>: 
23.2029
12.3185
0.195346
0.120012
12.3919
0.0270188
0.103211
0.0957303
0
01:05:950: <MSG>: 
23.2029
12.3185
0.195346
0.120136
12.4086
0.0459174
0.107063
0.0973269
0
01:05:959: <MSG>: 
23.2029
12.3245
0.189029
0.120349
12.417
0.054987
0.109629
0.0995421
0
01:05:968: <MSG>: 
23.2029
12.3222
0.200539
0.120552
12.4239
0.0623247
0.111893
0.10156
0
01:05:976: <MSG>: 
23.2029
12.3224
0.187766
0.120628
12.4245
0.0623213
0.112699
0.101555
0
01:05:985: <MSG>: 
23.2029
12.3224
0.187766
0.120708
12.425
0.062318
0.113548
0.10155
0
01:05:994: <MSG>: 
23.2029
12.3238
0.193647
0.120787
12.4256
0.0623145
0.114395
0.101544
0
01:06:003: <MSG>: 
23.2029
12.3274
0.198491
0.120868
12.4263
0.0623116
0.115273
0.10154
0
01:06:012: <MSG>: 
23.2029
12.3319
0.202475
0.12095
12.4269
0.0623082
0.116165
0.101535
0
01:06:021: <MSG>: 
23.2029
12.3319
0.202475
0.121217
12.4113
0.0438702
0.11956
0.104453
0
01:06:031: <MSG>: 
23.2029
12.3343
0.197326
0.121408
12.3983
0.0285996
0.122436
0.106274
0
01:06:040: <MSG>: 
23.2029
12.3408
0.206134
0.121542
12.3826
0.00984858
0.126199
0.107562
0
01:06:050: <MSG>: 
23.2029
12.3368
0.201913
0.121672
12.3657
-0.00961171
0.130115
0.108926
0
01:06:059: <MSG>: 
23.2029
12.3368
0.201913
0.121808
12.3489
-0.0300725
0.13398
0.110345
0
01:06:068: <MSG>: 
23.2029
12.3401
0.193499
0.122251
12.3461
-0.0346304
0.137538
0.115481
0
01:06:077: <MSG>: 
23.2029
12.3381
0.200213
0.122337
12.3454
-0.0346294
0.138505
0.115477
0
01:06:086: <MSG>: 
23.2029
12.3436
0.194802
0.122171
12.3429
-0.0372415
0.130994
0.108939
0
01:06:095: <MSG>: 
23.2029
12.3436
0.194802
0.121876
12.3426
-0.0364654
0.123915
0.101049
0
01:06:105: <MSG>: 
23.2029
12.3374
0.195801
0.121437
12.3452
-0.031418
0.118542
0.0919029
0
01:06:114: <MSG>: 
23.2029
12.3367
0.195208
0.120846
12.3501
-0.0244984
0.113591
0.0809958
0
01:06:123: <MSG>: 
23.2029
12.3361
0.20194
0.120569
12.3522
-0.0211348
0.10884
0.0745321
0
01:06:132: <MSG>: 
23.2029
12.3361
0.20194
0.120325
12.3556
-0.0164399
0.104913
0.0689621
0
01:06:142: <MSG>: 
23.2029
12.3381
0.194522
0.119987
12.3566
-0.0135446
0.101487
0.0623062
1
01:06:152: <MSG>: 
23.2029
12.3429
0.194393
0.11987
12.3553
-0.0148778
0.0972515
0.0584612
0
01:06:161: <MSG>: 
23.2029
12.3381
0.190481
0.119751
12.3539
-0.0149115
0.0945171
0.0551319
0
01:06:171: <MSG>: 
23.2029
12.3409
0.184481
0.119564
12.355
-0.0125508
0.0922885
0.0511167
0
01:06:180: <MSG>: 
23.2029
12.3409
0.184481
0.119379
12.3553
-0.0107537
0.0899021
0.0471433
0
01:06:189: <MSG>: 
23.2029
12.3385
0.187651
0.119208
12.3543
-0.0109792
0.0875186
0.043475
0
01:06:199: <MSG>: 
23.2029
12.3433
0.180977
0.118919
12.3568
-0.00773205
0.0852082
0.0382729
0
01:06:208: <MSG>: 
23.2029
12.3372
0.185345
0.118752
12.3574
-0.00587499
0.083914
0.0351026
0
01:06:217: <MSG>: 
23.2029
12.3386
0.17827
0.118467
12.3608
-0.00128664
0.0825692
0.0304142
0
01:06:226: <MSG>: 
23.2029
12.3386
0.17827
0.11806
12.3664
0.00638687
0.0810893
0.0241434
0
01:06:236: <MSG>: 
23.2029
12.3381
0.181221
0.117877
12.3683
0.0098693
0.080111
0.0210713
0
01:06:245: <MSG>: 
23.2029
12.341
0.180625
0.116337
12.401
0.0516702
0.0809435
0.000683174
0
01:06:255: <MSG>: 
23.2029
12.3615
0.182297
0.115943
12.4098
0.0629938
0.0800798
-0.00482165
0
01:06:264: <MSG>: 
23.2029
12.3615
0.182297
0.115518
12.4228
0.0785703
0.0815494
-0.00991562
0
01:06:274: <MSG>: 
23.309
12.3438
0.127519
0.115164
12.4299
0.0866452
0.103117
-0.0147407
0
01:06:283: <MSG>: 
23.309
12.3345
0.163879
0.114808
12.4384
0.0967915
0.103141
-0.0192214
0
01:06:292: <MSG>: 
23.309
12.3249
0.189653
0.114613
12.4436
0.102423
0.103651
-0.0213311
0
01:06:302: <MSG>: 
23.309
12.3412
0.148004
0.11483
12.4245
0.0775727
0.0990286
-0.0196363
0
01:06:311: <MSG>: 
23.309
12.3412
0.148004
0.114788
12.4255
0.0778124
0.0984448
-0.0200705
0
01:06:321: <MSG>: 
23.309
12.3424
0.135425
0.115109
12.4192
0.0690757
0.0981634
-0.0161815
0
01:06:330: <MSG>: 
23.309
12.3504
0.174221
0.115401
12.4153
0.0625553
0.0992181
-0.0122952
0
01:06:339: <MSG>: 
23.309
12.3498
0.170138
0.115585
12.4104
0.0556762
0.0990378
-0.0100712
0
01:06:349: <MSG>: 
23.309
12.3498
0.170138
0.115824
12.4082
0.0514466
0.100411
-0.00675817
0
01:06:358: <MSG>: 
23.309
12.3503
0.151524
0.116118
12.4071
0.0481289
0.10013
-0.00332689
0
01:06:367: <MSG>: 
23.309
12.3583
0.188574
0.116445
12.4026
0.0419105
0.0993154
0.000261515
0
01:06:376: <MSG>: 
23.309
12.3625
0.164489
0.116798
12.3994
0.0369686
0.0967415
0.00358095
0
01:06:386: <MSG>: 
23.309
12.36
0.171278
0.117437
12.3963
0.0324974
0.0957848
0.0107185
0
01:06:395: <MSG>: 
23.309
12.36
0.171278
0.118304
12.3918
0.0266554
0.0955616
0.0206099
0
01:06:404: <MSG>: 
23.309
12.3596
0.170654
0.118037
12.4037
0.0395739
0.0961233
0.0168852
0
01:06:413: <MSG>: 
23.309
12.362
0.177958
0.117932
12.4103
0.0450147
0.0967579
0.0154115
0
01:06:423: <MSG>: 
23.309
12.3547
0.160386
0.11769
12.4228
0.0579716
0.0971562
0.0120639
0
01:06:432: <MSG>: 
23.309
12.3547
0.160386
0.1175
12.4353
0.0709889
0.0975464
0.00946414
0
01:06:442: <MSG>: 
23.309
12.3567
0.170979
0.117257
12.4545
0.0914533
0.0984674
0.00639491
0
01:06:451: <MSG>: 
23.309
12.3584
0.170647
0.117208
12.4686
0.106866
0.0993654
0.00600693
0
01:06:460: <MSG>: 
23.309
12.3606
0.159694
0.117092
12.4893
0.129144
0.100208
0.00470905
0
01:06:469: <MSG>: 
23.309
12.3633
0.168817
0.117095
12.4901
0.129142
0.100204
0.00470902
0
01:06:477: <MSG>: 
23.309
12.3633
0.168817
0.117099
12.4912
0.12914
0.100217
0.00470899
0
01:06:486: <MSG>: 
23.309
12.3669
0.158832
0.117103
12.4925
0.129138
0.100257
0.00470896
0
01:06:495: <MSG>: 
23.309
12.3641
0.158562
0.117107
12.4936
0.129137
0.100249
0.00470894
0
01:06:504: <MSG>: 
23.309
12.3653
0.159885
0.117111
12.4948
0.129135
0.100278
0.00470891
0
01:06:513: <MSG>: 
23.309
12.3653
0.159885
0.117115
12.4959
0.129133
0.100291
0.00470889
0
01:06:523: <MSG>: 
23.309
12.366
0.161815
0.116932
12.4702
0.0984525
0.10113
0.00229653
0
01:06:532: <MSG>: 
23.309
12.3662
0.149012
0.116632
12.4465
0.0702661
0.101177
-0.00186069
0
01:06:541: <MSG>: 
23.309
12.3709
0.165404
0.116584
12.4295
0.0496357
0.10226
-0.00225379
0
01:06:551: <MSG>: 
23.309
12.3709
0.165404
0.116064
12.4149
0.0311678
0.091295
-0.0115661
0
01:06:560: <MSG>: 
23.309
12.373
0.15495
0.1153
12.4053
0.0197101
0.0800371
-0.0235978
0
01:06:570: <MSG>: 
23.309
12.373
0.158774
0.114796
12.3963
0.00851109
0.070164
-0.0320856
0
01:06:579: <MSG>: 
23.309
12.3725
0.152355
0.114369
12.3857
-0.00447393
0.0609047
-0.0394172
0
01:06:588: <MSG>: 
23.309
12.3725
0.152355
0.113699
12.3783
-0.0123588
0.0519774
-0.0493311
0
01:06:597: <MSG>: 
23.309
12.3724
0.157324
0.113064
12.3713
-0.0197906
0.0431849
-0.0587189
0
01:06:607: <MSG>: 
23.309
12.3704
0.15014
0.112246
12.3675
-0.0225013
0.035588
-0.0697395
0
01:06:616: <MSG>: 
23.309
12.3691
0.154743
0.111734
12.3634
-0.0265427
0.0286618
-0.0768751
0
01:06:626: <MSG>: 
23.309
12.369
0.152832
0.111423
12.3575
-0.0326185
0.0224972
-0.081337
0
01:06:636: <MSG>: 
23.309
12.369
0.152832
0.111416
12.3484
-0.0421556
0.0180924
-0.0816498
1
01:06:645: <MSG>: 
23.309
12.3697
0.14778
0.11113
12.3423
-0.0480504
0.013196
-0.085451
0
01:06:654: <MSG>: 
23.309
12.3689
0.152086
0.110763
12.3383
-0.0514896
0.00880619
-0.0899881
0
01:06:664: <MSG>: 
23.309
12.3665
0.145155
0.110334
12.3356
-0.0531105
0.00479232
-0.0951124
0
01:06:674: <MSG>: 
23.309
12.3641
0.146424
0.1101
12.3305
-0.0579401
0.0011791
-0.0977469
0
01:06:683: <MSG>: 
23.309
12.3641
0.146424
0.109924
12.3251
-0.0631528
-0.00192179
-0.0995084
0
01:06:693: <MSG>: 
23.309
12.3668
0.140418
0.109626
12.3215
-0.065927
-0.00517686
-0.102771
0
01:06:702: <MSG>: 
23.309
12.3682
0.141744
0.109256
12.3201
-0.0660476
-0.00800454
-0.106828
0
01:06:711: <MSG>: 
23.309
12.3676
0.130976
0.108725
12.3213
-0.0629755
-0.0113169
-0.112862
0
01:06:721: <MSG>: 
23.309
12.3676
0.130976
0.108228
12.3223
-0.0600821
-0.014577
-0.118433
0
01:06:731: <MSG>: 
23.309
12.3639
0.139243
0.107897
12.3226
-0.0579648
-0.0162243
-0.12139
0
01:06:740: <MSG>: 
23.309
12.361
0.126868
0.107417
12.3245
-0.0550211
-0.0182475
-0.12635
0
01:06:749: <MSG>: 
23.309
12.3553
0.140392
0.107035
12.3264
-0.0520901
-0.0192856
-0.129873
0
01:06:759: <MSG>: 
23.309
12.3709
0.159606
0.106901
12.3217
-0.0568539
-0.0209639
-0.130335
0
01:06:768: <MSG>: 
23.309
12.3709
0.159606
0.106835
12.3274
-0.0491664
-0.0172138
-0.128437
0
01:06:778: <MSG>: 
23.309
12.3472
0.0986188
0.106353
12.3359
-0.0386831
-0.0173111
-0.132869
0
01:06:787: <MSG>: 
23.309
12.3296
0.115429
0.106171
12.3368
-0.0368119
-0.0170931
-0.133356
0
01:06:797: <MSG>: 
23.2664
12.3181
0.141688
0.106027
12.3409
-0.031651
-0.0238338
-0.132763
0
01:06:806: <MSG>: 
23.2664
12.3211
0.101883
0.105962
12.3328
-0.0419248
-0.0269525
-0.13273
0
01:06:816: <MSG>: 
23.2664
12.3211
0.101883
0.105668
12.344
-0.0283296
-0.0242707
-0.134023
0
01:06:825: <MSG>: 
23.2664
12.3197
0.0830728
0.105312
12.3532
-0.0183291
-0.0227963
-0.136541
0
01:06:834: <MSG>: 
23.2664
12.323
0.124833
0.104997
12.3627
-0.0076053
-0.0208653
-0.138278
0
01:06:844: <MSG>: 
23.2664
12.3279
0.119871
0.105435
12.3574
-0.0152267
-0.018851
-0.129004
0
01:06:853: <MSG>: 
23.2664
12.3279
0.119871
0.105769
12.355
-0.0192316
-0.0154632
-0.121113
0
01:06:863: <MSG>: 
23.2664
12.3235
0.11232
0.106255
12.3503
-0.0255369
-0.0136606
-0.11153
0
01:06:872: <MSG>: 
23.2664
12.3334
0.145845
0.106775
12.348
-0.0293948
-0.01203
-0.101676
0
01:06:881: <MSG>: 
23.2664
12.3343
0.13086
0.107469
12.3436
-0.0349102
-0.0104316
-0.08949
0
01:06:891: <MSG>: 
23.2664
12.3355
0.129196
0.108368
12.3389
-0.0409645
-0.00935086
-0.0746194
0
01:06:900: <MSG>: 
23.2664
12.3355
0.129196
0.108393
12.3465
-0.0321503
-0.00618238
-0.0724519
0
01:06:909: <MSG>: 
23.2664
12.3359
0.132656
0.108461
12.3522
-0.026413
-0.00289108
-0.0696743
0
01:06:919: <MSG>: 
23.2664
12.3345
0.141862
0.108438
12.3649
-0.0128217
0.000722405
-0.067967
0
01:06:928: <MSG>: 
23.2664
12.3297
0.131051
0.108534
12.3745
-0.00247111
0.00375707
-0.0649131
0
01:06:937: <MSG>: 
23.2664
12.3263
0.14043
0.108734
12.3857
0.0101271
0.00787158
-0.0602616
0
01:06:946: <MSG>: 
23.2664
12.3263
0.14043
0.108954
12.3989
0.0247181
0.0118673
-0.0553799
0
01:06:955: <MSG>: 
23.2664
12.337
0.136103
0.109165
12.414
0.0412275
0.0155412
-0.0507529
0
01:06:964: <MSG>: 
23.2664
12.3319
0.131662
0.1093
12.4391
0.0701962
0.0196586
-0.0469902
0
01:06:974: <MSG>: 
23.2664
12.3373
0.137614
0.109549
12.4603
0.0928298
0.0237934
-0.0417699
0
01:06:982: <MSG>: 
23.2664
12.3373
0.137614
0.109515
12.4611
0.0928372
0.0235268
-0.0417736
0
01:06:991: <MSG>: 
23.2664
12.3297
0.134763
0.10948
12.4614
0.092845
0.0231805
-0.0417774
0
01:06:999: <MSG>: 
23.2664
12.3356
0.132558
0.109444
12.4625
0.0928525
0.022951
-0.0417811
0
01:07:008: <MSG>: 
23.2664
12.3361
0.142591
0.109409
12.4631
0.0928588
0.0226573
-0.0417842
0
01:07:017: <MSG>: 
23.2664
12.3361
0.142591
0.109372
12.4639
0.0928665
0.0223661
-0.0417879
0
01:07:027: <MSG>: 
23.2664
12.3447
0.14161
0.109717
12.4442
0.0688978
0.0272587
-0.0353321
0
01:07:037: <MSG>: 
23.2664
12.3561
0.137865
0.109827
12.4179
0.0378499
0.0323111
-0.0320289
0
01:07:046: <MSG>: 
23.2664
12.3599
0.144467
0.110175
12.4032
0.0204028
0.0366625
-0.0258247
0
01:07:056: <MSG>: 
23.2664
12.3599
0.144467
0.1103
12.3838
-0.00249623
0.0406051
-0.0227594
0
01:07:065: <MSG>: 
23.2664
12.3661
0.139579
0.110472
12.3663
-0.0233768
0.044809
-0.0190371
0
01:07:074: <MSG>: 
23.2664
12.362
0.137215
0.11061
12.3471
-0.0462416
0.0488374
-0.0158683
0
01:07:083: <MSG>: 
23.2664
12.3641
0.135827
0.110592
12.347
-0.0462476
0.0488588
-0.0158703
0
01:07:092: <MSG>: 
23.2664
12.3588
0.141773
0.11054
12.3482
-0.0434876
0.0443875
-0.0176356
0
01:07:101: <MSG>: 
23.2664
12.3588
0.141773
0.11033
12.3543
-0.0351686
0.0404174
-0.0214956
0
01:07:110: <MSG>: 
23.2664
12.36
0.13525
0.110283
12.3617
-0.0263233
0.0373034
-0.0226995
0
01:07:120: <MSG>: 
23.2664
12.3522
0.145488
0.110156
12.3691
-0.0162553
0.0343601
-0.0249651
0
01:07:129: <MSG>: 
23.2664
12.3561
0.139397
0.110043
12.3764
-0.00805163
0.031724
-0.0269143
0
01:07:138: <MSG>: 
23.2664
12.3561
0.139397
0.109922
12.3815
-0.00189871
0.029513
-0.0288236
1
01:07:148: <MSG>: 
23.2664
12.349
0.142002
0.109845
12.3822
-0.00083438
0.0269516
-0.0301754
0
01:07:157: <MSG>: 
23.2664
12.3528
0.13423
0.109768
12.3847
0.00159686
0.0242268
-0.0316038
0
01:07:167: <MSG>: 
23.2664
12.3535
0.141017
0.109777
12.3855
0.00273532
0.022403
-0.0315162
0
01:07:177: <MSG>: 
23.2664
12.3535
0.141017
0.109939
12.384
0.00121797
0.02154
-0.0290709
0
01:07:186: <MSG>: 
23.2664
12.3568
0.132574
0.109883
12.3863
0.00438216
0.0209549
-0.0295794
0
01:07:195: <MSG>: 
23.2664
12.3574
0.134388
0.109814
12.3881
0.00699982
0.0197751
-0.0304433
0
01:07:206: <MSG>: 
23.2664
12.3575
0.129329
0.109804
12.3888
0.00774831
0.0191047
-0.0302844
0
01:07:215: <MSG>: 
23.2664
12.3593
0.13122
0.109811
12.3897
0.00817754
0.0184722
-0.0299448
0
01:07:224: <MSG>: 
23.2664
12.3593
0.13122
0.109827
12.3898
0.00775385
0.0176461
-0.0295402
0
01:07:234: <MSG>: 
23.2664
12.355
0.1297
0.109653
12.394
0.0132094
0.0174648
-0.0315132
0
01:07:243: <MSG>: 
23.2664
12.3591
0.134759
0.10918
12.4046
0.0254469
0.0165832
-0.0377821
0
01:07:252: <MSG>: 
23.2664
12.3668
0.176177
0.10916
12.4087
0.0306553
0.0180955
-0.0370533
0
01:07:262: <MSG>: 
23.2664
12.3514
0.128193
0.109002
12.4166
0.0395141
0.0189983
-0.0383505
0
01:07:270: <MSG>: 
23.2664
12.3514
0.128193
0.108868
12.4269
0.0518502
0.0212733
-0.0389387
0
01:07:280: <MSG>: 
23.4267
12.3437
0.144741
0.108849
12.4332
0.0595619
0.0568858
-0.0380561
0
01:07:289: <MSG>: 
23.4267
12.3498
0.186908
0.10905
12.4383
0.0643689
0.0612954
-0.0334336
0
01:07:299: <MSG>: 
23.4267
12.3631
0.133052
0.10952
12.4211
0.0423499
0.0596438
-0.0271439
0
01:07:308: <MSG>: 
23.4267
12.3631
0.133052
0.110115
12.4145
0.0332278
0.0671216
-0.0174565
0
01:07:317: <MSG>: 
23.4267
12.3587
0.0957043
0.110745
12.4084
0.0249457
0.0708653
-0.00854224
0
01:07:326: <MSG>: 
23.4267
12.361
0.144304
0.111423
12.4036
0.0180119
0.0747643
0.000856611
0
01:07:335: <MSG>: 
23.4267
12.3584
0.145415
0.111971
12.3968
0.00964314
0.0764614
0.00790976
0
01:07:345: <MSG>: 
23.4267
12.3569
0.133034
0.112376
12.3943
0.00570928
0.0788429
0.0133634
0
01:07:354: <MSG>: 
23.4267
12.3569
0.133034
0.113139
12.3934
0.00350634
0.0814843
0.023112
0
01:07:364: <MSG>: 
23.4267
12.3618
0.170408
0.113509
12.3875
-0.0036921
0.0820762
0.0273674
0
01:07:373: <MSG>: 
23.4267
12.3712
0.157653
0.114145
12.3837
-0.00920053
0.0830624
0.0348622
0
01:07:382: <MSG>: 
23.4267
12.3646
0.156513
0.114967
12.3801
-0.0134161
0.0845246
0.044655
0
01:07:392: <MSG>: 
23.4267
12.3646
0.156513
0.115692
12.3751
-0.0192863
0.0854659
0.0529232
0
01:07:401: <MSG>: 
23.4267
12.3608
0.154739
0.116622
12.3724
-0.0229878
0.085768
0.0632553
0
01:07:410: <MSG>: 
23.4267
12.3593
0.161643
0.116383
12.3912
-0.00240051
0.0891035
0.0602822
0
01:07:419: <MSG>: 
23.4267
12.3601
0.141601
0.116337
12.4011
0.00722809
0.0913729
0.0595416
0
01:07:428: <MSG>: 
23.4267
12.3637
0.157037
0.116285
12.4173
0.0244771
0.0948691
0.059183
0
01:07:437: <MSG>: 
23.4267
12.3637
0.157037
0.116061
12.44
0.0494623
0.0976939
0.0563371
0
01:07:446: <MSG>: 
23.4267
12.3651
0.143364
0.11599
12.4608
0.0729526
0.10016
0.0554958
0
01:07:456: <MSG>: 
23.4267
12.3644
0.142113
0.116095
12.479
0.0932375
0.10308
0.0571537
0
01:07:465: <MSG>: 
23.4267
12.3609
0.147273
0.116423
12.4733
0.0868193
0.105353
0.0614901
0
01:07:473: <MSG>: 
23.4267
12.3609
0.147273
0.116472
12.4741
0.0868124
0.105788
0.0614855
0
01:07:482: <MSG>: 
23.4267
12.3632
0.144855
0.116524
12.4751
0.0868052
0.10627
0.0614807
0
01:07:491: <MSG>: 
23.4267
12.3629
0.136025
0.116574
12.4756
0.086798
0.106692
0.061476
0
01:07:500: <MSG>: 
23.4267
12.3702
0.147255
0.116627
12.4767
0.0867917
0.107208
0.0614719
0
01:07:509: <MSG>: 
23.4267
12.3702
0.147255
0.116678
12.4774
0.0867845
0.107653
0.0614671
0
01:07:518: <MSG>: 
23.4267
12.3732
0.151327
0.116775
12.4598
0.0665918
0.11024
0.0625994
0
01:07:527: <MSG>: 
23.4267
12.3739
0.145101
0.116757
12.4405
0.0445236
0.113296
0.06234
0
01:07:537: <MSG>: 
23.4267
12.3754
0.156271
0.116872
12.4271
0.0292446
0.116749
0.0640007
0
01:07:546: <MSG>: 
23.4267
12.3754
0.156271
0.116869
12.4116
0.011394
0.11996
0.0639917
0
01:07:556: <MSG>: 
23.4267
12.3765
0.15201
0.116813
12.3981
-0.00402235
0.122918
0.0632211
0
01:07:565: <MSG>: 
23.4267
12.3741
0.149651
0.115468
12.3975
-0.00171057
0.112783
0.0438816
0
01:07:573: <MSG>: 
23.4267
12.3748
0.151599
0.115499
12.3975
-0.00171057
0.113171
0.0438818
0
01:07:583: <MSG>: 
23.4267
12.3762
0.159366
0.115489
12.3913
-0.00973237
0.107425
0.0413913
0
01:07:592: <MSG>: 
23.4267
12.3762
0.159366
0.115183
12.389
-0.0120756
0.101675
0.0355743
0
01:07:601: <MSG>: 
23.4267
12.3762
0.149683
0.114678
12.3884
-0.0116506
0.095979
0.0275658
0
01:07:611: <MSG>: 
23.4267
12.3725
0.153539
0.114443
12.3864
-0.0128686
0.0918886
0.0232419
0
01:07:620: <MSG>: 
23.4267
12.3725
0.153539
0.114579
12.383
-0.0165128
0.0953776
0.0257804
0
01:07:630: <MSG>: 
23.4267
12.3704
0.150739
0.114358
12.3801
-0.0194785
0.0907285
0.0214832
0
01:07:640: <MSG>: 
23.4267
12.3699
0.15836
0.114282
12.3765
-0.0233097
0.0868625
0.0191193
1
01:07:650: <MSG>: 
23.4267
12.3711
0.154041
0.114585
12.3689
-0.0318276
0.085193
0.0217692
0
01:07:659: <MSG>: 
23.4267
12.3689
0.155305
0.114498
12.3664
-0.0332283
0.0833058
0.0198985
0
01:07:668: <MSG>: 
23.4267
12.3689
0.155305
0.114459
12.3639
-0.0348551
0.0818405
0.0187302
0
01:07:677: <MSG>: 
23.4267
12.3654
0.176392
0.114395
12.3624
-0.0350106
0.0813522
0.017581
0
01:07:687: <MSG>: 
23.4267
12.3699
0.131162
0.114346
12.3586
-0.0379454
0.0790116
0.0160333
0
01:07:696: <MSG>: 
23.4267
12.3601
0.090535
0.113647
12.3605
-0.0325664
0.0736576
0.00603661
0
01:07:706: <MSG>: 
23.4267
12.3669
0.0610268
0.112852
12.3602
-0.0324991
0.0638466
-0.00638193
0
01:07:716: <MSG>: 
23.4267
12.3669
0.0610268
0.112234
12.3616
-0.0290515
0.0573068
-0.0155813
0
01:07:725: <MSG>: 
23.4267
12.3514
0.0776786
0.111691
12.3603
-0.0290973
0.0513941
-0.0236278
0
01:07:734: <MSG>: 
23.4267
12.3523
0.0809686
0.111117
12.3597
-0.0295432
0.0448128
-0.0321895
0
01:07:743: <MSG>: 
23.4267
12.3461
0.0991614
0.110593
12.3603
-0.0270057
0.0402718
-0.0394458
0
01:07:752: <MSG>: 
23.4267
12.3461
0.0991614
0.11005
12.361
-0.0253021
0.0352855
-0.04704
0
01:07:763: <MSG>: 
23.4267
12.3547
0.0957702
0.109177
12.3675
-0.0174613
0.0291539
-0.0588016
0
01:07:772: <MSG>: 
23.4267
12.364
0.0642466
0.108261
12.3764
-0.00482869
0.0236154
-0.0709155
0
01:07:782: <MSG>: 
23.0456
12.3421
0.0375826
0.107593
12.3793
-0.000351849
-0.0638188
-0.0795507
0
01:07:791: <MSG>: 
23.0456
12.3278
0.100323
0.10708
12.3841
0.00680141
-0.0665242
-0.0856798
0
01:07:801: <MSG>: 
23.0456
12.3278
0.100323
0.106678
12.3825
0.00436925
-0.070885
-0.0907324
0
01:07:810: <MSG>: 
23.0456
12.3415
0.11149
0.106276
12.3843
0.00587104
-0.0739394
-0.0955525
0
01:07:819: <MSG>: 
23.0456
12.3554
0.0727056
0.106405
12.382
0.000967905
-0.0760674
-0.092872
0
01:07:829: <MSG>: 
23.0456
12.353
0.0685727
0.106342
12.3807
-0.00247392
-0.0779047
-0.0929767
0
01:07:838: <MSG>: 
23.0456
12.3389
0.0811876
0.106498
12.3802
-0.00428601
-0.0792796
-0.0897366
0
01:07:847: <MSG>: 
23.0456
12.3389
0.0811876
0.106401
12.3797
-0.00605953
-0.0802796
-0.0901497
0
01:07:857: <MSG>: 
23.0456
12.3328
0.0655377
0.106619
12.3788
-0.00802879
-0.0816637
-0.0860129
0
01:07:866: <MSG>: 
23.0456
12.3414
0.0523602
0.106662
12.3778
-0.0108954
-0.0842525
-0.0848753
0
01:07:876: <MSG>: 
23.0456
12.3553
0.0809247
0.106452
12.3748
-0.0149353
-0.0862817
-0.0873214
0
01:07:885: <MSG>: 
23.0456
12.3553
0.0809247
0.106467
12.3733
-0.0179393
-0.0879251
-0.0863418
0
01:07:894: <MSG>: 
23.0456
12.361
0.0587678
0.10664
12.3713
-0.0217519
-0.090197
-0.0832903
0
01:07:903: <MSG>: 
23.0456
12.3469
0.0579022
0.106505
12.369
-0.0239007
-0.0921035
-0.084503
0
01:07:912: <MSG>: 
23.0456
12.3503
0.0708079
0.106138
12.379
-0.0134036
-0.0936102
-0.0884327
0
01:07:921: <MSG>: 
23.0456
12.3471
0.0648793
0.105939
12.3866
-0.0051405
-0.0945488
-0.0900919
0
01:07:930: <MSG>: 
23.0456
12.3471
0.0648793
0.105619
12.4033
0.0138197
-0.0948467
-0.0930408
0
01:07:939: <MSG>: 
23.0456
12.3439
0.0505163
0.105302
12.4154
0.0263859
-0.0963002
-0.0962331
0
01:07:949: <MSG>: 
23.0456
12.3436
0.0606014
0.105112
12.4273
0.0393637
-0.0970792
-0.0974705
0
01:07:958: <MSG>: 
23.0456
12.3477
0.0534709
0.104985
12.4377
0.0503003
-0.0978351
-0.0980706
0
01:07:967: <MSG>: 
23.0456
12.3477
0.0534709
0.104836
12.4554
0.0697078
-0.0983071
-0.0987512
0
01:07:976: <MSG>: 
23.0456
12.3489
0.0460048
0.10463
12.4759
0.0921729
-0.0996572
-0.100413
0
01:07:984: <MSG>: 
23.0456
12.3457
0.0558361
0.10456
12.4762
0.0921738
-0.100546
-0.100415
0
01:07:993: <MSG>: 
23.0456
12.3502
0.0495848
0.104484
12.4772
0.0921747
-0.101401
-0.100417
0
01:08:002: <MSG>: 
23.0456
12.3502
0.0495848
0.104407
12.478
0.0921756
-0.102301
-0.100419
0
01:08:011: <MSG>: 
23.0456
12.3499
0.0500079
0.104329
12.4782
0.0921765
-0.103287
-0.10042
0
01:08:019: <MSG>: 
23.0456
12.3588
0.0578511
0.104253
12.4796
0.0921774
-0.1041
-0.100422
0
01:08:028: <MSG>: 
23.0456
12.3592
0.0567676
0.104176
12.4799
0.0921782
-0.105047
-0.100424
0
01:08:038: <MSG>: 
23.0456
12.3592
0.0567676
0.10394
12.4544
0.0618894
-0.104035
-0.102002
0
01:08:047: <MSG>: 
23.0456
12.3657
0.0441852
0.103645
12.4327
0.036041
-0.103692
-0.104636
0
01:08:056: <MSG>: 
23.0456
12.3675
0.0624622
0.103598
12.4158
0.0164396
-0.10222
-0.103507
0
01:08:066: <MSG>: 
23.0456
12.3725
0.0553175
0.102927
12.4102
0.0104777
-0.112037
-0.114327
0
01:08:076: <MSG>: 
23.0456
12.3725
0.0553175
0.102573
12.4031
0.00261848
-0.121097
-0.120226
0
01:08:085: <MSG>: 
23.0456
12.3721
0.0508117
0.102427
12.3977
-0.00431313
-0.130432
-0.123021
0
01:08:094: <MSG>: 
23.0456
12.3725
0.0484826
0.10201
12.3946
-0.00741398
-0.139391
-0.129552
0
01:08:103: <MSG>: 
23.0456
12.3728
0.0538665
0.101772
12.3921
-0.0108227
-0.147804
-0.133303
0
01:08:113: <MSG>: 
23.0456
12.367
0.0485378
0.101186
12.3938
-0.00725112
-0.154183
-0.14148
0
01:08:122: <MSG>: 
23.0456
12.367
0.0485378
0.10075
12.3955
-0.00460552
-0.160032
-0.147179
0
01:08:131: <MSG>: 
23.0456
12.37
0.0532087
0.100472
12.3973
-0.00273196
-0.165526
-0.150457
0
01:08:141: <MSG>: 
23.0456
12.3639
0.0541626
0.100292
12.3935
-0.00621733
-0.171221
-0.152352
1
01:08:150: <MSG>: 
23.0456
12.3666
0.0498413
0.100082
12.3915
-0.00911838
-0.176378
-0.154471
0
01:08:159: <MSG>: 
23.0456
12.3666
0.0498413
0.100094
12.3865
-0.0147513
-0.180115
-0.153071
0
01:08:169: <MSG>: 
23.0456
12.3645
0.0570321
0.100163
12.3799
-0.0214906
-0.183685
-0.150865
0
01:08:178: <MSG>: 
23.0456
12.3695
0.0495667
0.0999836
12.3803
-0.020363
-0.185645
-0.151791
0
01:08:188: <MSG>: 
23.0456
12.3643
0.0480193
0.0998201
12.3794
-0.0201726
-0.187855
-0.152589
0
01:08:197: <MSG>: 
23.0456
12.3649
0.0404266
0.0995354
12.3806
-0.0176011
-0.190168
-0.154958
0
01:08:207: <MSG>: 
23.0456
12.3649
0.0404266
0.0992672
12.3817
-0.0151299
-0.192523
-0.15709
0
01:08:216: <MSG>: 
23.0456
12.3639
0.0480974
0.0990719
12.3846
-0.0104939
-0.192899
-0.157771
0
01:08:226: <MSG>: 
23.0456
12.3644
0.0444156
0.0989171
12.3872
-0.00609106
-0.193098
-0.157872
0
01:08:234: <MSG>: 
23.0456
12.3645
0.0429964
0.098753
12.3893
-0.00354434
-0.193309
-0.158181
0
01:08:244: <MSG>: 
23.0456
12.3645
0.0429964
0.0986263
12.3914
-0.000597835
-0.193294
-0.157667
0
01:08:253: <MSG>: 
23.0456
12.3578
0.0401173
0.0985568
12.3924
0.0014291
-0.193009
-0.156519
0
01:08:263: <MSG>: 
23.0456
12.3577
0.0724641
0.098249
12.4091
0.0214597
-0.187952
-0.1574
0
01:08:272: <MSG>: 
23.0456
12.3652
0.0590891
0.0981338
12.4147
0.0280425
-0.187119
-0.156636
0
01:08:282: <MSG>: 
23.0144
12.3387
0.0195138
0.0981009
12.4217
0.0375242
-0.190839
-0.154048
0
01:08:291: <MSG>: 
23.0144
12.3387
0.0195138
0.0981101
12.4279
0.0450213
-0.187773
-0.151025
0
01:08:300: <MSG>: 
23.0144
12.338
0.0240901
0.0981467
12.4321
0.0493033
-0.184491
-0.147692
0
01:08:309: <MSG>: 
23.0144
12.355
0.0351369
0.0983013
12.4341
0.0509067
-0.181069
-0.14279
0
01:08:318: <MSG>: 
23.0144
12.3682
-0.0387797
0.0984891
12.4301
0.0442233
-0.180148
-0.138159
0
01:08:327: <MSG>: 
23.0144
12.3682
-0.0387797
0.0985271
12.437
0.0519081
-0.176936
-0.134926
0
01:08:337: <MSG>: 
23.0144
12.3655
-0.0432766
0.0988533
12.4306
0.0429682
-0.173514
-0.128581
0
01:08:346: <MSG>: 
23.0144
12.3597
-0.00613613
0.0993188
12.4245
0.0350299
-0.170205
-0.12073
0
01:08:355: <MSG>: 
23.0144
12.3579
-0.0159294
0.0999986
12.4201
0.0289563
-0.167586
-0.110481
0
01:08:365: <MSG>: 
23.0144
12.3579
-0.0159294
0.100766
12.4161
0.0230721
-0.163966
-0.0990323
0
01:08:374: <MSG>: 
23.0144
12.3609
-0.0120903
0.101659
12.4126
0.0173517
-0.160866
-0.0864621
0
01:08:383: <MSG>: 
23.0144
12.3718
0.0174204
0.101581
12.4217
0.0269335
-0.158313
-0.0858048
0
01:08:393: <MSG>: 
23.0144
12.3697
-0.00359185
0.102104
12.4156
0.0189006
-0.157148
-0.0782487
0
01:08:402: <MSG>: 
23.0144
12.3666
-0.00617011
0.102049
12.4281
0.0330806
-0.153952
-0.0770744
0
01:08:411: <MSG>: 
23.0144
12.3666
-0.00617011
0.102005
12.442
0.0482164
-0.150841
-0.0757389
0
01:08:420: <MSG>: 
23.0144
12.3666
0.00621778
0.10206
12.4565
0.0638987
-0.147088
-0.0728825
0
01:08:429: <MSG>: 
23.0144
12.3688
-0.000544976
0.102077
12.4702
0.0780975
-0.143775
-0.0707464
0
01:08:438: <MSG>: 
23.0144
12.3675
-0.00132284
0.102106
12.4897
0.0989407
-0.139725
-0.0682179
0
01:08:447: <MSG>: 
23.0144
12.3675
-0.00132284
0.102265
12.5021
0.111956
-0.13665
-0.0642201
0
01:08:457: <MSG>: 
23.0144
12.367
0.00842726
0.102437
12.5193
0.130699
-0.132755
-0.0597748
0
01:08:465: <MSG>: 
23.0144
12.3691
0.00213226
0.102631
12.5396
0.152835
-0.128775
-0.055118
0
01:08:475: <MSG>: 
23.0144
12.3701
0.00187308
0.102808
12.5648
0.180422
-0.124871
-0.0507069
0
01:08:484: <MSG>: 
23.0144
12.3701
0.00187308
0.103013
12.5875
0.204472
-0.121118
-0.0460313
0
01:08:492: <MSG>: 
23.0144
12.3693
0.00922258
0.102978
12.589
0.204481
-0.121497
-0.046034
0
01:08:501: <MSG>: 
23.0144
12.3713
0.00624554
0.102939
12.5908
0.20449
-0.121882
-0.0460366
0
01:08:510: <MSG>: 
23.0144
12.376
0.0066872
0.102902
12.5926
0.204499
-0.122239
-0.0460394
0
01:08:519: <MSG>: 
23.0144
12.376
0.0066872
0.102864
12.5944
0.204507
-0.12262
-0.0460418
0
01:08:527: <MSG>: 
23.0144
12.3847
0.0271122
0.102826
12.5963
0.204517
-0.122922
-0.0460446
0
01:08:537: <MSG>: 
23.0144
12.3997
0.0157596
0.10336
12.5897
0.195002
-0.118067
-0.0367873
0
01:08:547: <MSG>: 
23.0144
12.4104
0.0126339
0.103628
12.5698
0.170976
-0.112806
-0.0312919
0
01:08:556: <MSG>: 
23.0144
12.4216
0.0121932
0.103982
12.5579
0.155623
-0.108301
-0.0248981
0
01:08:566: <MSG>: 
23.0144
12.4216
0.0121932
0.103106
12.5412
0.135214
-0.116452
-0.0368685
0
01:08:576: <MSG>: 
23.0144
12.4302
0.0214762
0.102513
12.5258
0.116099
-0.123532
-0.0451933
0
01:08:585: <MSG>: 
23.0144
12.4349
0.0103245
0.10266
12.5089
0.0942762
-0.126247
-0.0437975
0
01:08:594: <MSG>: 
23.0144
12.4394
0.0181268
0.103561
12.4916
0.0707593
-0.126814
-0.0331915
0
01:08:603: <MSG>: 
23.0144
12.4394
0.0181268
0.103685
12.481
0.0568631
-0.12964
-0.0321971
0
01:08:612: <MSG>: 
23.0144
12.4394
0.0205868
0.103677
12.4697
0.0433433
-0.132749
-0.0328144
0
01:08:622: <MSG>: 
23.0144
12.4369
0.016028
0.103782
12.4556
0.0265061
-0.135983
-0.0321723
0
01:08:631: <MSG>: 
23.0144
12.4308
0.0215017
0.103814
12.4441
0.0137726
-0.139042
-0.0323108
0
01:08:640: <MSG>: 
23.0144
12.4315
0.0146735
0.104431
12.4395
0.00656641
-0.134085
-0.0219714
0
01:08:651: <MSG>: 
23.0144
12.4315
0.0146735
0.104667
12.4307
-0.00448947
-0.129519
-0.0171918
1
01:08:661: <MSG>: 
23.0144
12.4314
0.0174779
0.104934
12.422
-0.0148476
-0.124094
-0.0118612
0
01:08:670: <MSG>: 
23.0144
12.432
0.0104124
0.105101
12.4141
-0.0251022
-0.119629
-0.00823518
0
01:08:679: <MSG>: 
23.0144
12.4255
0.0141299
0.105295
12.4058
-0.0349792
-0.114873
-0.00421146
0
01:08:688: <MSG>: 
23.0144
12.4228
0.0120915
0.105452
12.3978
-0.0448379
-0.110147
-0.000755749
0
01:08:698: <MSG>: 
23.0144
12.4228
0.0120915
0.105702
12.3914
-0.0523144
-0.105901
0.00380982
0
01:08:707: <MSG>: 
23.0144
12.4173
0.0181182
0.106039
12.3858
-0.0585102
-0.101648
0.00949339
0
01:08:717: <MSG>: 
23.0144
12.416
0.0153067
0.106362
12.3811
-0.0639555
-0.0975618
0.0148558
0
01:08:726: <MSG>: 
23.0144
12.4112
0.0181744
0.106686
12.3763
-0.0693336
-0.0932346
0.0202378
0
01:08:735: <MSG>: 
23.0144
12.4112
0.0181744
0.106869
12.37
-0.076853
-0.0888056
0.0236421
0
01:08:745: <MSG>: 
23.0144
12.4084
0.0243384
0.107253
12.3661
-0.081521
-0.0849847
0.0295565
0
01:08:754: <MSG>: 
23.0144
12.4043
0.0186135
0.107641
12.3626
-0.085751
-0.0809931
0.0354734
0
01:08:763: <MSG>: 
23.0144
12.3992
0.0378624
0.107776
12.3576
-0.091372
-0.0797144
0.0371153
0
01:08:772: <MSG>: 
23.0144
12.3951
-0.0242974
0.107657
12.3527
-0.0967524
-0.0794343
0.0350668
0
01:08:782: <MSG>: 
23.0144
12.3951
-0.0242974
0.107873
12.3506
-0.0986438
-0.0779358
0.0378799
0
01:08:791: <MSG>: 
23.3303
12.3715
0.0031671
0.108143
12.3481
-0.100867
-0.00884883
0.0413421
0
01:08:801: <MSG>: 
23.3303
12.3527
0.0547826
0.108709
12.3456
-0.103676
-0.00578077
0.0491538
0
01:08:810: <MSG>: 
23.3303
12.3517
0.0291256
0.10905
12.3425
-0.106893
-0.00491644
0.0532037
0
01:08:820: <MSG>: 
23.3303
12.3517
0.0291256
0.109288
12.338
-0.111865
-0.00359836
0.0559427
0
01:08:829: <MSG>: 
23.3303
12.358
-0.0184774
0.109187
12.3353
-0.115171
-0.00329604
0.0538946
0
01:08:839: <MSG>: 
23.3303
12.3646
0.0156336
0.109254
12.3334
-0.117059
-0.00461792
0.0535425
0
01:08:848: <MSG>: 
23.3303
12.3573
0.0309053
0.109464
12.3304
-0.120075
-0.00606333
0.0551067
0
01:08:857: <MSG>: 
23.3303
12.35
0.0142747
0.109244
12.3265
-0.123462
-0.00867354
0.0506297
0
01:08:867: <MSG>: 
23.3303
12.35
0.0142747
0.109087
12.3223
-0.127587
-0.0113918
0.0470239
0
01:08:876: <MSG>: 
23.3303
12.3555
0.0481355
0.108536
12.264
-0.18024
-0.0112376
0.0403237
0
01:08:885: <MSG>: 
23.3303
12.3631
0.0535309
0.108502
12.2624
-0.181976
-0.0135125
0.0386109
0
01:08:894: <MSG>: 
23.3303
12.3546
0.0367503
0.10819
12.2724
-0.16699
-0.0140634
0.0347866
0
01:08:903: <MSG>: 
23.3303
12.3546
0.0367503
0.107744
12.288
-0.145947
-0.0150855
0.0294493
0
01:08:912: <MSG>: 
23.3303
12.3543
0.042534
0.107383
12.3055
-0.123068
-0.0153828
0.0252794
0
01:08:921: <MSG>: 
23.3303
12.3503
0.047017
0.107283
12.3191
-0.103989
-0.0145348
0.0242555
0
01:08:931: <MSG>: 
23.3303
12.3485
0.0333515
0.107082
12.3404
-0.0769402
-0.0139493
0.0220954
0
01:08:940: <MSG>: 
23.3303
12.3371
0.0405144
0.107011
12.3538
-0.0593893
-0.0130214
0.0214531
0
01:08:950: <MSG>: 
23.3303
12.3371
0.0405144
0.10697
12.3707
-0.038439
-0.0120088
0.0211536
0
01:08:959: <MSG>: 
23.3303
12.3337
0.033083
0.106792
12.3327
-0.0794449
-0.0101809
0.0191817
0
01:08:968: <MSG>: 
23.3303
12.328
0.0345615
0.106825
12.3519
-0.0559292
-0.00904264
0.0198197
0
01:08:978: <MSG>: 
23.3303
12.3337
0.0294315
0.106821
12.3788
-0.024142
-0.00828508
0.0199537
0
01:08:986: <MSG>: 
23.3303
12.3337
0.0294315
0.106834
12.3786
-0.0241431
-0.00805256
0.0199546
0
01:08:995: <MSG>: 
23.3303
12.3378
0.0397775
0.106846
12.3781
-0.0241442
-0.00780478
0.0199555
0
01:09:004: <MSG>: 
23.3303
12.3435
0.0217594
0.106859
12.378
-0.0241452
-0.00753546
0.0199563
0
01:09:012: <MSG>: 
23.3303
12.3451
0.0367601
0.106872
12.3779
-0.0241464
-0.00728056
0.0199572
0
01:09:021: <MSG>: 
23.3303
12.3451
0.0367601
0.106885
12.3777
-0.0241474
-0.00703459
0.019958
0
01:09:031: <MSG>: 
23.3303
12.3422
0.0310372
0.106858
12.361
-0.0412473
-0.00521614
0.0198292
0
01:09:040: <MSG>: 
23.3303
12.3414
0.026121
0.106552
12.3392
-0.0638249
-0.00319405
0.016433
0
01:09:049: <MSG>: 
23.3303
12.3398
0.0288646
0.106403
12.3179
-0.086787
-0.00113564
0.0149401
0
01:09:058: <MSG>: 
23.3303
12.3398
0.0288646
0.106278
12.2989
-0.107752
0.000682573
0.0136899
0
01:09:068: <MSG>: 
23.3303
12.3507
0.0390288
0.106166
12.281
-0.127564
0.00364694
0.0129465
0
01:09:077: <MSG>: 
23.3303
12.3468
0.0329114
0.105865
12.2845
-0.120684
-0.00401617
0.00606797
0
01:09:087: <MSG>: 
23.3303
12.346
0.0279269
0.105518
12.2908
-0.111753
-0.0119893
-0.00141545
0
01:09:096: <MSG>: 
23.3303
12.346
0.0279269
0.105057
12.2998
-0.0989886
-0.0179908
-0.00986856
0
01:09:105: <MSG>: 
23.3303
12.3413
0.0404629
0.104829
12.307
-0.0891748
-0.023434
-0.014574
0
01:09:114: <MSG>: 
23.3303
12.3416
0.0293358
0.104663
12.3142
-0.0802605
-0.0285344
-0.018176
0
01:09:123: <MSG>: 
23.3303
12.3345
0.0333125
0.104396
12.3212
-0.0709821
-0.0325706
-0.0229079
0
01:09:133: <MSG>: 
23.3303
12.3315
0.0302379
0.104149
12.324
-0.0665884
-0.0373251
-0.0274588
0
01:09:142: <MSG>: 
23.3303
12.3315
0.0302379
0.103995
12.3252
-0.0645342
-0.0420273
-0.0305863
1
01:09:152: <MSG>: 
23.3303
12.3336
0.0370988
0.103835
12.3287
-0.0600052
-0.0457169
-0.0334461
0
01:09:163: <MSG>: 
23.3303
12.3344
0.0334514
0.103722
12.3307
-0.0567712
-0.0491559
-0.0354458
0
01:09:173: <MSG>: 
23.3303
12.3362
0.0377968
0.103872
12.3292
-0.0580404
-0.0512276
-0.0333416
0
01:09:182: <MSG>: 
23.3303
12.3331
0.0303535
0.103908
12.3283
-0.0582622
-0.0535007
-0.0329997
0
01:09:192: <MSG>: 
23.3303
12.3331
0.0303535
0.103858
12.3289
-0.0567631
-0.0554717
-0.0337655
0
01:09:202: <MSG>: 
23.3303
12.3377
0.0328748
0.103711
12.332
-0.0526216
-0.0573675
-0.0358782
0
01:09:211: <MSG>: 
23.3303
12.3353
0.0342849
0.103673
12.3337
-0.0495034
-0.0583813
-0.0361953
0
01:09:220: <MSG>: 
23.3303
12.3377
0.0295723
0.103605
12.3349
-0.0480909
-0.0597262
-0.0370169
0
01:09:229: <MSG>: 
23.3303
12.3367
0.031428
0.103449
12.3382
-0.0437178
-0.060589
-0.0389255
0
01:09:238: <MSG>: 
23.3303
12.3367
0.031428
0.103233
12.3436
-0.0368605
-0.0610899
-0.0415436
0
01:09:248: <MSG>: 
23.3303
12.3384
0.0334445
0.10304
12.3487
-0.0303898
-0.0615809
-0.0437803
0
01:09:257: <MSG>: 
23.3303
12.3353
0.0878596
0.102728
12.3584
-0.0194838
-0.0608498
-0.0472674
0
01:09:267: <MSG>: 
23.3303
12.3291
0.07092
0.102582
12.3673
-0.00740894
-0.0583287
-0.0478741
0
01:09:276: <MSG>: 
23.3303
12.3291
0.07092
0.102655
12.3779
0.00573623
-0.053394
-0.0447443
0
01:09:286: <MSG>: 
23.3303
12.3225
0.0490668
0.102663
12.3844
0.012043
-0.0509315
-0.0432287
0
01:09:295: <MSG>: 
23.2983
12.3252
0.0781015
0.102753
12.3903
0.0179684
-0.0545634
-0.0404503
0
01:09:304: <MSG>: 
23.2983
12.3319
0.061922
0.103153
12.3849
0.0097468
-0.049791
-0.0341608
0
01:09:313: <MSG>: 
23.2983
12.333
-0.00542052
0.103529
12.3799
0.0024576
-0.047401
-0.0288232
0
01:09:322: <MSG>: 
23.2983
12.333
-0.00542052
0.103571
12.3766
-0.00275806
-0.0459983
-0.0276539
0
01:09:332: <MSG>: 
23.2983
12.3414
0.028622
0.103875
12.3735
-0.00772307
-0.0450783
-0.0235965
0
01:09:341: <MSG>: 
23.2983
12.3433
0.0442073
0.104191
12.3725
-0.0096958
-0.0433656
-0.0191824
0
01:09:350: <MSG>: 
23.2983
12.3421
0.020505
0.104706
12.3713
-0.0122216
-0.0430109
-0.0129013
0
01:09:359: <MSG>: 
23.2983
12.3421
0.020505
0.105257
12.3684
-0.0161941
-0.0421178
-0.00612001
0
01:09:369: <MSG>: 
23.2983
12.3427
0.042365
0.106019
12.3656
-0.019494
-0.0422144
0.00276445
0
01:09:378: <MSG>: 
23.2983
12.353
0.0612176
0.10659
12.3639
-0.021988
-0.0419235
0.00941042
0
01:09:387: <MSG>: 
23.2983
12.3485
0.0468043
0.107371
12.3604
-0.0257778
-0.0411734
0.0185744
0
01:09:397: <MSG>: 
23.2983
12.346
0.0487192
0.10819
12.3582
-0.0277649
-0.0415719
0.0277194
0
01:09:406: <MSG>: 
23.2983
12.346
0.0487192
0.108206
12.3648
-0.0210207
-0.0394476
0.0281504
0
01:09:415: <MSG>: 
23.2983
12.3464
0.0549986
0.108269
12.3719
-0.0136008
-0.0370451
0.0293441
0
01:09:424: <MSG>: 
23.2983
12.3434
0.0397192
0.108128
12.3865
0.00134563
-0.034294
0.0277769
0
01:09:434: <MSG>: 
23.2983
12.3421
0.0488974
0.107985
12.4063
0.0228383
-0.0306457
0.026487
0
01:09:443: <MSG>: 
23.2983
12.3421
0.0488974
0.107992
12.4219
0.0398054
-0.0279054
0.0270829
0
01:09:452: <MSG>: 
23.2983
12.3465
0.0424169
0.107864
12.4475
0.068476
-0.0248521
0.0259316
0
01:09:461: <MSG>: 
23.2983
12.3461
0.0325588
0.107696
12.4765
0.101262
-0.0224384
0.0240672
0
01:09:471: <MSG>: 
23.2983
12.3446
0.035857
0.107642
12.5044
0.132773
-0.0202897
0.0237582
0
01:09:479: <MSG>: 
23.2983
12.3446
0.035857
0.107689
12.5248
0.154743
-0.0186308
0.0247117
0
01:09:488: <MSG>: 
23.2983
12.3429
0.0565024
0.107707
12.526
0.15474
-0.0184729
0.0247114
0
01:09:497: <MSG>: 
23.2983
12.3453
0.0392147
0.107726
12.5274
0.154737
-0.0182764
0.0247112
0
01:09:505: <MSG>: 
23.2983
12.3512
0.0580414
0.107746
12.5285
0.154733
-0.0180958
0.024711
0
01:09:514: <MSG>: 
23.2983
12.3512
0.0580414
0.107766
12.5299
0.154731
-0.0178985
0.0247108
0
01:09:523: <MSG>: 
23.2983
12.3608
0.0611102
0.107785
12.5314
0.154728
-0.0176642
0.0247106
0
01:09:533: <MSG>: 
23.2983
12.3728
0.055368
0.108044
12.5166
0.137013
-0.0130627
0.0291922
0
01:09:542: <MSG>: 
23.2983
12.3855
0.0609598
0.10813
12.4983
0.115913
-0.00834921
0.031313
0
01:09:551: <MSG>: 
23.2983
12.3975
0.0673233
0.108326
12.4859
0.101199
-0.00365074
0.0349071
0
01:09:561: <MSG>: 
23.2983
12.3975
0.0673233
0.108532
12.4748
0.0880653
0.000912262
0.0385565
0
01:09:570: <MSG>: 
23.2983
12.4014
0.0663598
0.107803
12.4677
0.0794433
-0.00662189
0.0275401
0
01:09:580: <MSG>: 
23.2983
12.4076
0.0562852
0.107658
12.4598
0.068864
-0.0117519
0.0239814
0
01:09:589: <MSG>: 
23.2983
12.4057
0.0669767
0.107672
12.4536
0.0609414
-0.0156421
0.0226858
0
01:09:598: <MSG>: 
23.2983
12.4057
0.0669767
0.107519
12.4494
0.0552978
-0.0197405
0.0194523
0
01:09:607: <MSG>: 
23.2983
12.4055
0.05124
0.10706
12.4479
0.0529866
-0.0246031
0.0124939
0
01:09:617: <MSG>: 
23.2983
12.3981
0.0585625
0.107116
12.4398
0.0431821
-0.0283594
0.0118616
0
01:09:626: <MSG>: 
23.2983
12.3997
0.0612302
0.107046
12.4346
0.0368377
-0.0322401
0.00975118
0
01:09:635: <MSG>: 
23.2983
12.3997
0.0612302
0.106973
12.4291
0.0299126
-0.0364868
0.00751693
0
01:09:645: <MSG>: 
23.2983
12.3999
0.0618121
0.107096
12.4224
0.0226348
-0.0380496
0.0083509
1
01:09:654: <MSG>: 
23.2983
12.4039
0.0637719
0.107139
12.4175
0.0177802
-0.0394057
0.00831995
0
01:09:663: <MSG>: 
23.2983
12.4056
0.064744
0.107362
12.4106
0.0102153
-0.0406488
0.0104174
0
01:09:673: <MSG>: 
23.2983
12.403
0.0646781
0.107408
12.4072
0.00754419
-0.0409858
0.0107058
0
01:09:682: <MSG>: 
23.2983
12.403
0.0646781
0.10736
12.4057
0.00718636
-0.041208
0.00990506
0
01:09:692: <MSG>: 
23.2983
12.4019
0.0613182
0.107445
12.4022
0.00412099
-0.0416019
0.0106366
0
01:09:701: <MSG>: 
23.2983
12.3942
0.0698916
0.107484
12.4
0.00330363
-0.0413511
0.0110143
0
01:09:711: <MSG>: 
23.2983
12.3963
0.0602933
0.107417
12.4007
0.00532337
-0.0409617
0.0101654
0
01:09:720: <MSG>: 
23.2983
12.3911
0.0733267
0.107417
12.3995
0.00510443
-0.0398935
0.0103295
0
01:09:730: <MSG>: 
23.2983
12.3911
0.0733267
0.107424
12.3984
0.00443796
-0.0390134
0.0105065
0
01:09:739: <MSG>: 
23.2983
12.3962
0.0589017
0.107318
12.4006
0.00716082
-0.0382611
0.00929426
0
01:09:748: <MSG>: 
23.2983
12.3871
0.10595
0.106977
12.4043
0.0117292
-0.0390666
0.00478096
0
01:09:758: <MSG>: 
23.2983
12.379
0.0459442
0.106815
12.4041
0.0132826
-0.0395146
0.00261043
0
01:09:767: <MSG>: 
23.2983
12.379
0.0459442
0.106892
12.4055
0.0158292
-0.0373443
0.00415312
0
01:09:777: <MSG>: 
23.2983
12.3741
0.0471063
0.106793
12.4103
0.0221095
-0.035951
0.00329351
0
01:09:786: <MSG>: 
23.2135
12.3669
0.0862564
0.106891
12.4136
0.026486
-0.0508772
0.00543293
0
01:09:795: <MSG>: 
23.2135
12.373
0.067529
0.107044
12.4092
0.0210527
-0.049751
0.00757098
0
01:09:805: <MSG>: 
23.2135
12.3747
0.0174389
0.106865
12.4114
0.0236576
-0.0496405
0.0052632
0
01:09:814: <MSG>: 
23.2135
12.3747
0.0174389
0.106698
12.4169
0.0298495
-0.048146
0.0035394
0
01:09:823: <MSG>: 
23.2135
12.3855
0.0490124
0.106986
12.4139
0.023982
-0.0463684
0.00823585
0
01:09:833: <MSG>: 
23.2135
12.3786
0.0669694
0.107326
12.4126
0.0213881
-0.0440516
0.0138207
0
01:09:843: <MSG>: 
23.2135
12.3739
0.0345493
0.107523
12.4111
0.0177542
-0.0439578
0.0164858
0
01:09:852: <MSG>: 
23.2135
12.3739
0.0345493
0.10749
12.4081
0.0129492
-0.042834
0.016026
0
01:09:862: <MSG>: 
23.2135
12.3658
0.063682
0.10734
12.4043
0.00786403
-0.0426734
0.0135774
0
01:09:872: <MSG>: 
23.2135
12.3856
0.0731524
0.107478
12.4037
0.004921
-0.0415411
0.0156546
0
01:09:881: <MSG>: 
23.2135
12.382
0.0555288
0.107356
12.4135
0.0159728
-0.0383387
0.0149144
0
01:09:891: <MSG>: 
23.2135
12.3829
0.0570659
0.107136
12.4293
0.0331688
-0.0347396
0.0131054
0
01:09:899: <MSG>: 
23.2135
12.3829
0.0570659
0.107166
12.4361
0.0400787
-0.0322436
0.0140961
0
01:09:909: <MSG>: 
23.2135
12.379
0.0696755
0.107339
12.4408
0.0448037
-0.0290908
0.0170689
0
01:09:918: <MSG>: 
23.2135
12.3748
0.054411
0.107308
12.4555
0.0607538
-0.0258123
0.0175209
0
01:09:927: <MSG>: 
23.2135
12.3739
0.0592912
0.10745
12.4662
0.0721363
-0.0221296
0.0202758
0
01:09:936: <MSG>: 
23.2135
12.3761
0.0546851
0.107409
12.4849
0.0933322
-0.0190515
0.0205391
0
01:09:945: <MSG>: 
23.2135
12.3761
0.0546851
0.10732
12.5101
0.121649
-0.0157081
0.0203126
0
01:09:954: <MSG>: 
23.2135
12.3822
0.0486866
0.107459
12.5266
0.138119
-0.0123146
0.0229388
0
01:09:964: <MSG>: 
23.2135
12.3777
0.0527036
0.107732
12.5353
0.146355
-0.00923803
0.0271807
0
01:09:972: <MSG>: 
23.2135
12.3821
0.0625616
0.107746
12.5369
0.14637
-0.0088195
0.0271837
0
01:09:981: <MSG>: 
23.2135
12.3821
0.0625616
0.10776
12.5381
0.146386
-0.00845269
0.027187
0
01:09:990: <MSG>: 
23.2135
12.3791
0.055835
0.107775
12.5388
0.146399
-0.00815744
0.0271897
0
01:09:998: <MSG>: 
23.2135
12.3893
0.0546819
0.10779
12.5405
0.146415
-0.00770268
0.0271929
0
01:10:007: <MSG>: 
23.2135
12.3955
0.0744197
0.107805
12.5416
0.146429
-0.00732405
0.0271958
0
01:10:016: <MSG>: 
23.2135
12.3955
0.0744197
0.107819
12.5429
0.146445
-0.00695198
0.027199
0
01:10:025: <MSG>: 
23.2135
12.4061
0.0586282
0.108024
12.5187
0.117457
-0.00328314
0.0305001
0
01:10:035: <MSG>: 
23.2135
12.4133
0.064538
0.108247
12.5752
0.178357
0.000900335
0.0345818
0
01:10:044: <MSG>: 
23.2135
12.4191
0.0658325
0.108416
12.5511
0.148537
0.00488968
0.0374064
0
01:10:054: <MSG>: 
23.2135
12.4191
0.0658325
0.108487
12.5268
0.118851
0.00910479
0.0390114
0
01:10:063: <MSG>: 
23.2135
12.4183
0.0651733
0.108573
12.5036
0.090479
0.0132473
0.0408044
0
01:10:071: <MSG>: 
23.2135
12.4159
0.0606507
0.108596
12.5043
0.0904916
0.0137847
0.0408103
0
01:10:081: <MSG>: 
23.2135
12.4183
0.0706607
0.1086
12.4949
0.078485
0.00823307
0.0386111
0
01:10:090: <MSG>: 
23.2135
12.4183
0.0706607
0.108478
12.4884
0.0699057
0.00278606
0.0346952
0
01:10:099: <MSG>: 
23.2135
12.4211
0.0636603
0.108124
12.4846
0.0655138
-0.00220428
0.0277099
0
01:10:108: <MSG>: 
23.2135
12.4256
0.0661813
0.10769
12.4856
0.0667238
-0.00628017
0.0200121
0
01:10:117: <MSG>: 
23.2135
12.4233
0.0709713
0.107359
12.4864
0.0681732
-0.00974065
0.014094
0
01:10:126: <MSG>: 
23.2135
12.4233
0.0709713
0.107236
12.4864
0.068116
-0.011594
0.0116601
0
01:10:137: <MSG>: 
23.2135
12.423
0.0691651
0.107102
12.4848
0.066751
-0.0137175
0.00901071
0
01:10:146: <MSG>: 
23.2135
12.4193
0.0688191
0.107125
12.481
0.0616095
-0.016783
0.00834093
1
01:10:156: <MSG>: 
23.2135
12.4215
0.0652262
0.10729
12.4746
0.0535819
-0.0190079
0.00984543
0
01:10:168: <MSG>: 
23.2135
12.421
0.0669688
0.107377
12.4696
0.0475454
-0.0208459
0.0103478
0
01:10:177: <MSG>: 
23.2135
12.421
0.0669688
0.107441
12.466
0.0434415
-0.0219923
0.0107468
0
01:10:187: <MSG>: 
23.2135
12.4189
0.0639236
0.107443
12.464
0.0413066
-0.0225652
0.010459
0
01:10:197: <MSG>: 
23.2135
12.4211
0.07057
0.107494
12.4615
0.0382202
-0.0229234
0.010898
0
01:10:206: <MSG>: 
23.2135
12.423
0.0557275
0.107471
12.4586
0.0348519
-0.0243904
0.0100094
0
01:10:215: <MSG>: 
23.2135
12.4231
0.0639467
0.107307
12.4608
0.0379068
-0.0244578
0.00763831
0
01:10:224: <MSG>: 
23.2135
12.4231
0.0639467
0.10707
12.4653
0.0439015
-0.0241863
0.00443304
0
01:10:233: <MSG>: 
23.2135
12.4198
0.056687
0.106871
12.4689
0.0487812
-0.0240798
0.00173319
0
01:10:243: <MSG>: 
23.2135
12.4207
0.0625855
0.106826
12.4702
0.0504716
-0.0237203
0.00123005
0
01:10:252: <MSG>: 
23.2135
12.4168
0.0779027
0.105649
12.5036
0.0926787
-0.0196045
-0.0134449
0
01:10:262: <MSG>: 
23.2135
12.4278
0.0599763
0.105465
12.5075
0.0971104
-0.0205634
-0.0159969
0
01:10:271: <MSG>: 
23.2135
12.4278
0.0599763
0.105537
12.5159
0.107536
-0.0166017
-0.0135277
0
01:10:281: <MSG>: 
23.2135
12.397
0.0199403
0.105475
12.5155
0.106743
-0.0165916
-0.0140722
0
01:10:290: <MSG>: 
23.4267
12.4018
0.0571289
0.105363
12.5196
0.110832
0.0293435
-0.0150027
0
01:10:300: <MSG>: 
23.4267
12.4107
0.0977142
0.105502
12.5202
0.110069
0.0319946
-0.0120604
0
01:10:309: <MSG>: 
23.4267
12.418
0.0391776
0.105574
12.5104
0.0964129
0.029997
-0.0115367
0
01:10:318: <MSG>: 
23.4267
12.418
0.0391776
0.106125
12.5003
0.0823412
0.0346209
-0.00347528
0
01:10:329: <MSG>: 
23.4267
12.4166
0.0468318
0.106742
12.4906
0.0690662
0.0380064
0.00491701
0
01:10:338: <MSG>: 
23.4267
12.4245
0.0742453
0.107217
12.4814
0.0568327
0.040896
0.011342
0
01:10:347: <MSG>: 
23.4267
12.4268
0.0717453
0.107817
12.4728
0.045316
0.0422881
0.0187484
0
01:10:357: <MSG>: 
23.4267
12.4268
0.0643268
0.1084
12.4674
0.0373996
0.0440962
0.0259838
0
01:10:366: <MSG>: 
23.4267
12.4268
0.0643268
0.108852
12.4609
0.0285261
0.0443134
0.0310707
0
01:10:376: <MSG>: 
23.4267
12.4326
0.105566
0.109623
12.4551
0.0204278
0.0453166
0.040124
0
01:10:385: <MSG>: 
23.4267
12.4292
0.0815477
0.110138
12.449
0.0119531
0.0451944
0.04564
0
01:10:394: <MSG>: 
23.4267
12.4234
0.0815546
0.110057
12.4594
0.0234668
0.0482638
0.0449442
0
01:10:403: <MSG>: 
23.4267
12.4234
0.0815546
0.11106
12.4517
0.0133306
0.0483316
0.0562097
0
01:10:412: <MSG>: 
23.4267
12.4249
0.0940282
0.111043
12.4641
0.0267404
0.0513983
0.0562002
0
01:10:421: <MSG>: 
23.4267
12.4263
0.0815957
0.11109
12.4768
0.0405951
0.0545181
0.0571267
0
01:10:431: <MSG>: 
23.4267
12.4219
0.0760933
0.111135
12.4898
0.0551857
0.0571672
0.0578427
0
01:10:440: <MSG>: 
23.4267
12.4219
0.0760933
0.111186
12.5005
0.0661295
0.0594618
0.0584707
0
01:10:449: <MSG>: 
23.4267
12.4216
0.0816863
0.111273
12.5146
0.081234
0.0622131
0.0598321
0
01:10:458: <MSG>: 
23.4267
12.4215
0.0812171
0.111349
12.5326
0.100825
0.06488
0.0609731
0
01:10:468: <MSG>: 
23.4267
12.4247
0.0695177
0.111454
12.5509
0.12054
0.0672426
0.0623894
0
01:10:476: <MSG>: 
23.4267
12.4226
0.0876178
0.111497
12.5517
0.120541
0.067746
0.0623904
0
01:10:485: <MSG>: 
23.4267
12.4226
0.0876178
0.111543
12.5527
0.120542
0.0683182
0.0623914
0
01:10:494: <MSG>: 
23.4267
12.4265
0.0724182
0.11159
12.554
0.120543
0.0689237
0.0623925
0
01:10:503: <MSG>: 
23.4267
12.4247
0.0750485
0.111637
12.5547
0.120544
0.0694655
0.0623934
0
01:10:511: <MSG>: 
23.4267
12.4337
0.082976
0.111684
12.5562
0.120545
0.070118
0.0623944
0
01:10:520: <MSG>: 
23.4267
12.4337
0.082976
0.111731
12.5573
0.120546
0.0707001
0.0623954
0
01:10:530: <MSG>: 
23.4267
12.4328
0.0862883
0.111723
12.5309
0.0893871
0.0735839
0.0621451
0
01:10:539: <MSG>: 
23.4267
12.4324
0.0777007
0.111785
12.5101
0.0645001
0.0766669
0.0630345
0
01:10:549: <MSG>: 
23.4267
12.4346
0.0904192
0.111462
12.4915
0.0413071
0.0680764
0.0557552
0
01:10:558: <MSG>: 
23.4267
12.4346
0.0904192
0.111231
12.4756
0.02135
0.0599034
0.049806
0
01:10:569: <MSG>: 
23.4267
12.4351
0.0883426
0.110897
12.4629
0.00601361
0.0520848
0.0428312
0
01:10:578: <MSG>: 
23.4267
12.434
0.0787809
0.110424
12.4524
-0.00598687
0.0441313
0.0344124
0
01:10:587: <MSG>: 
23.4267
12.4315
0.084826
0.109819
12.443
-0.0152716
0.0369119
0.0247622
0
01:10:596: <MSG>: 
23.4267
12.4315
0.084826
0.10939
12.4328
-0.0259509
0.0300794
0.0173908
0
01:10:605: <MSG>: 
23.4267
12.4355
0.0808675
0.108965
12.4267
-0.0327993
0.0229989
0.0100913
0
01:10:614: <MSG>: 
23.4267
12.4276
0.0831053
0.108566
12.4205
-0.0385881
0.0177724
0.00373283
0
01:10:623: <MSG>: 
23.4267
12.4275
0.0753181
0.108231
12.4144
-0.0450391
0.0119829
-0.00198227
0
01:10:633: <MSG>: 
23.4267
12.4206
0.0819545
0.108375
12.4039
-0.0572912
0.0165909
0.00130923
0
01:10:642: <MSG>: 
23.4267
12.4206
0.0819545
0.10848
12.3936
-0.0696474
0.0213
0.00402317
1
01:10:651: <MSG>: 
23.4267
12.4231
0.0744631
0.108546
12.3843
-0.0811507
0.0255322
0.00604748
0
01:10:660: <MSG>: 
23.4267
12.4186
0.0842245
0.10864
12.3724
-0.0953473
0.030554
0.00864197
0
01:10:670: <MSG>: 
23.4267
12.4187
0.0736288
0.10879
12.3634
-0.106992
0.0343518
0.0116143
0
01:10:679: <MSG>: 
23.4267
12.4187
0.0736288
0.109002
12.3558
-0.116233
0.0377887
0.0153073
0
01:10:688: <MSG>: 
23.4267
12.4111
0.0780242
0.109241
12.3483
-0.124636
0.0415573
0.0194202
0
01:10:698: <MSG>: 
23.4267
12.4115
0.0746871
0.109308
12.3408
-0.133527
0.0451701
0.0210794
0
01:10:707: <MSG>: 
23.4267
12.4068
0.0749343
0.109382
12.3333
-0.141905
0.0488802
0.022854
0
01:10:716: <MSG>: 
23.4267
12.4068
0.0749343
0.109387
12.326
-0.150042
0.0522589
0.0235907
0
01:10:725: <MSG>: 
23.4267
12.4032
0.0734413
0.109393
12.3184
-0.158851
0.055651
0.0243334
0
01:10:736: <MSG>: 
23.4267
12.4016
0.0769168
0.109501
12.3124
-0.165725
0.0588561
0.0263611
0
01:10:745: <MSG>: 
23.4267
12.3899
0.0668804
0.109663
12.307
-0.171233
0.0610945
0.0288295
0
01:10:754: <MSG>: 
23.4267
12.3852
0.0695753
0.109905
12.3037
-0.175033
0.0630553
0.0323091
0
01:10:763: <MSG>: 
23.4267
12.3852
0.0695753
0.109765
12.2988
-0.180053
0.0637113
0.0301445
0
01:10:773: <MSG>: 
23.4267
12.375
0.126504
0.110153
12.2962
-0.183325
0.0662377
0.0357276
0
01:10:782: <MSG>: 
23.4267
12.3642
0.0652615
0.11042
12.2941
-0.185102
0.0677994
0.0392954
0
01:10:792: <MSG>: 
23.4267
12.3393
0.0880552
0.110873
12.2909
-0.186799
0.0705502
0.0456458
0
01:10:801: <MSG>: 
23.4267
12.3262
0.141244
0.111486
12.2907
-0.18724
0.0737689
0.0542304
0
01:10:810: <MSG>: 
23.4267
12.3262
0.141244
0.112147
12.2907
-0.186826
0.076656
0.0631481
0
01:10:820: <MSG>: 
23.4267
12.3125
0.140978
0.112888
12.2905
-0.186298
0.0777791
0.0723966
0
01:10:829: <MSG>: 
23.4267
12.3061
0.084196
0.113057
12.2893
-0.186971
0.0793844
0.0740977
0
01:10:838: <MSG>: 
23.4267
12.3136
0.109384
0.113539
12.2884
-0.187196
0.0803602
0.0797307
0
01:10:847: <MSG>: 
23.4267
12.3136
0.109384
0.113733
12.2873
-0.187337
0.0801743
0.0810727
0
01:10:857: <MSG>: 
23.4267
12.3178
0.123712
0.113985
12.2838
-0.189491
0.0809875
0.0834423
0
01:10:866: <MSG>: 
23.4267
12.3212
0.101874
0.114215
12.2831
-0.189762
0.0797298
0.0849188
0
01:10:875: <MSG>: 
23.1924
12.3157
0.107047
0.114841
12.2785
-0.193189
0.0311032
0.0919158
0
01:10:885: <MSG>: 
23.1924
12.3297
0.132057
0.115158
12.2746
-0.196814
0.0319589
0.0949043
0
01:10:894: <MSG>: 
23.1924
12.3297
0.132057
0.114596
12.29
-0.17465
0.0296955
0.0872841
0
01:10:903: <MSG>: 
23.1924
12.3179
0.11283
0.114231
12.3019
-0.156114
0.0282029
0.0820493
0
01:10:912: <MSG>: 
23.1924
12.3183
0.115833
0.113941
12.3154
-0.13675
0.027259
0.0777548
0
01:10:922: <MSG>: 
23.1924
12.3125
0.127677
0.113786
12.329
-0.116897
0.0273987
0.0752705
0
01:10:931: <MSG>: 
23.1924
12.3125
0.127677
0.113482
12.3462
-0.0946731
0.0268999
0.0710975
0
01:10:940: <MSG>: 
23.1924
12.3147
0.106049
0.11317
12.368
-0.0677741
0.026704
0.0669673
0
01:10:949: <MSG>: 
23.1924
12.3095
0.111598
0.112987
12.3893
-0.0404871
0.027106
0.0644465
0
01:10:958: <MSG>: 
23.1924
12.3133
0.101352
0.112824
12.4095
-0.0151818
0.0266982
0.0619296
0
01:10:968: <MSG>: 
23.1924
12.3133
0.101352
0.112621
12.4387
0.0206454
0.0265489
0.0589944
0
01:10:979: <MSG>: 
23.1924
12.3172
0.0990843
0.112467
12.411
-0.00868695
0.0280082
0.0566875
0
01:10:990: <MSG>: 
23.1924
12.3169
0.0923441
0.11224
12.3853
-0.0357568
0.028318
0.0532461
0
01:10:998: <MSG>: 
23.1924
12.3189
0.10804
0.112276
12.385
-0.0357575
0.0287948
0.053247
0
01:11:007: <MSG>: 
23.1924
12.3226
0.0934749
0.112315
12.3843
-0.0357583
0.0292947
0.0532479
0
01:11:015: <MSG>: 
23.1924
12.3354
0.100889
0.112355
12.3844
-0.0357589
0.0298576
0.0532487
0
01:11:024: <MSG>: 
23.1924
12.3354
0.100889
0.112394
12.3841
-0.0357595
0.0303716
0.0532494
0
01:11:033: <MSG>: 
23.1924
12.3475
0.110915
0.112435
12.3834
-0.0357601
0.0309254
0.0532502
0
01:11:043: <MSG>: 
23.1924
12.3546
0.097476
0.111996
12.3621
-0.0581416
0.0314171
0.047425
0
01:11:052: <MSG>: 
23.1924
12.3442
0.0971551
0.111745
12.342
-0.0787672
0.0324688
0.044072
0
01:11:062: <MSG>: 
23.1924
12.3442
0.0971551
0.11145
12.3234
-0.0981541
0.0330476
0.040095
0
01:11:071: <MSG>: 
23.1924
12.3434
0.104432
0.109779
12.341
-0.072482
0.024552
0.0127752
0
01:11:080: <MSG>: 
23.1924
12.3433
0.104971
0.109743
12.3248
-0.0907715
0.0266545
0.0127316
0
01:11:090: <MSG>: 
23.1924
12.3431
0.0949012
0.108805
12.3353
-0.0749491
0.0205143
-0.00290747
0
01:11:099: <MSG>: 
23.1924
12.3431
0.0949012
0.108535
12.3369
-0.0716978
0.0154233
-0.00825094
0
01:11:108: <MSG>: 
23.1924
12.3472
0.107432
0.108298
12.3397
-0.0672324
0.010236
-0.0130373
0
01:11:117: <MSG>: 
23.1924
12.3466
0.097462
0.107981
12.3411
-0.0642277
0.00522343
-0.0188506
0
01:11:126: <MSG>: 
23.1924
12.3411
0.0983706
0.107807
12.3452
-0.0587834
0.00149038
-0.0221132
0
01:11:135: <MSG>: 
23.1924
12.3375
0.0947341
0.107709
12.3478
-0.0554131
-0.00240962
-0.0242911
1
01:11:145: <MSG>: 
23.1924
12.3375
0.0947341
0.107407
12.3534
-0.0482496
-0.00610939
-0.0292637
0
01:11:154: <MSG>: 
23.1924
12.3383
0.0963992
0.107154
12.3587
-0.0417192
-0.00927044
-0.0332952
0
01:11:163: <MSG>: 
23.1924
12.3394
0.0913218
0.106858
12.3628
-0.0362649
-0.0126168
-0.0379672
0
01:11:173: <MSG>: 
23.1924
12.3412
0.0927954
0.107003
12.3605
-0.0389638
-0.0153635
-0.0361196
0
01:11:183: <MSG>: 
23.1924
12.3412
0.0927954
0.107056
12.3595
-0.0395055
-0.0178616
-0.035489
0
01:11:193: <MSG>: 
23.1924
12.3404
0.0954356
0.106946
12.3622
-0.035215
-0.0194179
-0.0369292
0
01:11:202: <MSG>: 
23.1924
12.3421
0.0904404
0.106873
12.3642
-0.0322284
-0.0209321
-0.0378328
0
01:11:212: <MSG>: 
23.1924
12.3453
0.0938567
0.106646
12.3705
-0.0235724
-0.0214445
-0.0405693
0
01:11:222: <MSG>: 
23.1924
12.3458
0.0879769
0.106631
12.3712
-0.0231004
-0.022855
-0.04052
0
01:11:232: <MSG>: 
23.1924
12.3458
0.0879769
0.106525
12.3739
-0.0197879
-0.0239021
-0.0416889
0
01:11:242: <MSG>: 
23.1924
12.345
0.0948734
0.106464
12.3757
-0.0176566
-0.0247085
-0.0420924
0
01:11:251: <MSG>: 
23.1924
12.3422
0.0911638
0.106342
12.3798
-0.0128588
-0.0248638
-0.0431997
0
01:11:261: <MSG>: 
23.1924
12.3442
0.0942943
0.106154
12.3865
-0.00468612
-0.0244636
-0.0450347
0
01:11:270: <MSG>: 
23.1924
12.3482
0.0932255
0.106156
12.3901
-0.000795754
-0.0237011
-0.0441114
0
01:11:280: <MSG>: 
23.1924
12.3482
0.0932255
0.106155
12.3932
0.00272968
-0.023088
-0.0432938
0
01:11:289: <MSG>: 
23.1924
12.3488
0.0968199
0.106099
12.3994
0.0101042
-0.0219333
-0.0430648
0
01:11:298: <MSG>: 
23.1924
12.3488
0.0944407
0.106457
12.3933
0.00176145
-0.0199524
-0.0379652
0
01:11:308: <MSG>: 
23.1924
12.3471
0.095782
0.106975
12.3883
-0.0049017
-0.0178931
-0.0310303
0
01:11:317: <MSG>: 
23.1924
12.3489
0.0957594
0.107158
12.3823
-0.0126028
-0.0170599
-0.0283658
0
01:11:327: <MSG>: 
23.1924
12.3489
0.0957594
0.107152
12.3766
-0.0203073
-0.0168502
-0.0280735
0
01:11:337: <MSG>: 
23.1924
12.3478
0.0937762
0.107246
12.3706
-0.0278884
-0.0167153
-0.0266032
0
01:11:347: <MSG>: 
23.1924
12.3498
0.0978348
0.107822
12.3664
-0.0330368
-0.0161091
-0.0194678
0
01:11:356: <MSG>: 
23.1924
12.3512
0.0973802
0.107805
12.3636
-0.0366317
-0.0163345
-0.0195202
0
01:11:365: <MSG>: 
23.1924
12.3493
0.097118
0.108005
12.3611
-0.0397435
-0.0182215
-0.0175011
0
01:11:375: <MSG>: 
23.1924
12.3493
0.097118
0.107943
12.3707
-0.0292052
-0.0157604
-0.01737
0
01:11:384: <MSG>: 
23.1924
12.3484
0.09332
0.107793
12.3848
-0.0132516
-0.0131748
-0.018445
0
01:11:394: <MSG>: 
23.1924
12.3448
0.0990146
0.107681
12.3998
0.00385177
-0.0103347
-0.0188503
0
01:11:403: <MSG>: 
23.1924
12.3478
0.0929994
0.107473
12.4205
0.0277083
-0.00747538
-0.0205903
0
01:11:412: <MSG>: 
23.1924
12.3481
0.0995612
0.107464
12.4377
0.0476339
-0.00431597
-0.0193677
0
01:11:422: <MSG>: 
23.1924
12.3481
0.0995612
0.107453
12.4575
0.0706847
-0.00123114
-0.0181952
0
01:11:431: <MSG>: 
23.1924
12.3517
0.0938851
0.10744
12.4764
0.0913614
0.00143358
-0.01721
0
01:11:440: <MSG>: 
23.1924
12.3499
0.100351
0.107606
12.4893
0.105534
0.00435427
-0.0136107
0
01:11:449: <MSG>: 
23.1924
12.3532
0.0947505
0.10765
12.5129
0.13169
0.00739928
-0.0117112
0
01:11:458: <MSG>: 
23.1924
12.3532
0.0947505
0.107722
12.5373
0.159299
0.0102776
-0.00947101
0
01:11:468: <MSG>: 
23.1924
12.3538
0.0996649
0.107821
12.565
0.190712
0.0133388
-0.00678921
0
01:11:477: <MSG>: 
23.1924
12.361
0.100198
0.107846
12.6026
0.233668
0.0168205
-0.00500961
0
01:11:487: <MSG>: 
23.1924
12.366
0.105023
0.108025
12.6387
0.274465
0.0205737
-0.000990106
0
01:11:496: <MSG>: 
23.1924
12.375
0.104433
0.108157
12.6072
0.236095
0.0235618
0.00169459
0
01:11:506: <MSG>: 
23.1924
12.375
0.104433
0.10841
12.5844
0.207429
0.0266459
0.00609441
0
01:11:515: <MSG>: 
23.1924
12.3875
0.100607
0.10863
12.562
0.179499
0.0295195
0.00989196
0
01:11:524: <MSG>: 
23.1924
12.4003
0.107073
0.108843
12.5429
0.156135
0.0322329
0.0135167
0
01:11:534: <MSG>: 
23.1924
12.4239
0.1031
0.10894
12.5242
0.132891
0.0351651
0.0155108
0
01:11:543: <MSG>: 
23.1924
12.4239
0.1031
0.109014
12.505
0.109398
0.0380432
0.0171641
0
01:11:552: <MSG>: 
23.1924
12.4427
0.106529
0.10914
12.488
0.0893974
0.0416592
0.0197701
0
01:11:561: <MSG>: 
23.1924
12.4592
0.0972751
0.109178
12.4728
0.0710748
0.044287
0.0207865
0
01:11:571: <MSG>: 
23.1924
12.4569
0.102857
0.10801
12.4694
0.0681766
0.0338012
0.00431579
0
01:11:580: <MSG>: 
23.1924
12.4515
0.0956092
0.107522
12.465
0.0620526
0.0262979
-0.00347145
0
01:11:590: <MSG>: 
23.1924
12.4515
0.0956092
0.107498
12.459
0.0539597
0.0206898
-0.00536374
0
01:11:599: <MSG>: 
23.1924
12.4399
0.105973
0.107457
12.4559
0.0496694
0.0165792
-0.00695812
0
01:11:608: <MSG>: 
23.1924
12.4376
0.103149
0.107464
12.4496
0.0412352
0.0114003
-0.00831727
0
01:11:618: <MSG>: 
23.1924
12.4338
0.105631
0.107168
12.4445
0.0367181
0.00779712
-0.0126895
0
01:11:627: <MSG>: 
23.1924
12.4338
0.105631
0.107279
12.4386
0.0291979
0.00435869
-0.0122589
0
01:11:638: <MSG>: 
23.1924
12.4325
0.104274
0.107629
12.4288
0.017774
0.00184461
-0.00877912
0
01:11:648: <MSG>: 
23.1924
12.4349
0.0995708
0.107894
12.4215
0.00868797
-0.000418889
-0.00626851
1
01:11:657: <MSG>: 
23.1924
12.4306
0.101011
0.108108
12.4142
0.00137225
-0.00224008
-0.00424469
0
01:11:666: <MSG>: 
23.1924
12.4324
0.0927988
0.108084
12.4113
-0.00199186
-0.00427578
-0.00508994
0
01:11:677: <MSG>: 
23.1924
12.4324
0.0927988
0.107908
12.4097
-0.00255911
-0.00681527
-0.00783877
0
01:11:686: <MSG>: 
23.1924
12.4263
0.0957738
0.107908
12.4053
-0.0064503
-0.0090184
-0.0084072
0
01:11:696: <MSG>: 
23.1924
12.4292
0.093248
0.107961
12.4014
-0.0107562
-0.0109265
-0.00824142
0
01:11:705: <MSG>: 
23.1924
12.4223
0.0982742
0.10774
12.4028
-0.00723806
-0.0119413
-0.0110704
0
01:11:714: <MSG>: 
23.1924
12.4222
0.0939146
0.107588
12.4028
-0.00628521
-0.0135768
-0.0132566
0
01:11:724: <MSG>: 
23.1924
12.4222
0.0939146
0.106642
12.415
0.0110304
-0.0172734
-0.0256636
0
01:11:733: <MSG>: 
23.1924
12.4214
0.192648
0.107082
12.415
0.0129777
-0.0125578
-0.0185044
0
01:11:742: <MSG>: 
23.2346
12.389
0.13982
0.107487
12.4177
0.0173943
0.00199607
-0.011564
0
01:11:752: <MSG>: 
23.2346
12.3774
0.148869
0.107896
12.4183
0.018705
0.00733486
-0.00472412
0
01:11:763: <MSG>: 
23.2346
12.3943
0.172434
0.10828
12.4201
0.0212538
0.01379
0.00207279
0
01:11:772: <MSG>: 
23.2346
12.3943
0.172434
0.108781
12.4187
0.0192243
0.0200487
0.0101917
0
01:11:781: <MSG>: 
23.2346
12.4056
0.119863
0.109127
12.4185
0.0183314
0.0242222
0.0156563
0
01:11:791: <MSG>: 
23.2346
12.3837
0.0886486
0.109346
12.4191
0.0195193
0.0279177
0.0193826
0
01:11:800: <MSG>: 
23.2346
12.3903
0.111523
0.109536
12.4216
0.0218163
0.0314313
0.0226245
0
01:11:809: <MSG>: 
23.2346
12.3865
0.132158
0.109838
12.4227
0.0231247
0.0359329
0.0275855
0
01:11:819: <MSG>: 
23.2346
12.3865
0.132158
0.110363
12.4182
0.0158154
0.0404207
0.0366034
0
01:11:828: <MSG>: 
23.2346
12.3868
0.106163
0.11082
12.4158
0.0106661
0.0433054
0.0438729
0
01:11:838: <MSG>: 
23.2346
12.3847
0.148547
0.111289
12.411
0.00429463
0.046531
0.0513045
0
01:11:847: <MSG>: 
23.2346
12.3971
0.132825
0.111812
12.4097
0.000592187
0.0491543
0.0591571
0
01:11:857: <MSG>: 
23.2346
12.3899
0.142614
0.111836
12.4069
-0.00334959
0.0523679
0.0596009
0
01:11:866: <MSG>: 
23.2346
12.3899
0.142614
0.111956
12.4054
-0.00676669
0.0552137
0.0613594
0
01:11:876: <MSG>: 
23.2346
12.3955
0.132652
0.112233
12.4042
-0.00998613
0.0569493
0.0650396
0
01:11:885: <MSG>: 
23.2346
12.3923
0.140615
0.112551
12.4021
-0.0140451
0.0584248
0.0691726
0
01:11:894: <MSG>: 
23.2346
12.3902
0.125307
0.112474
12.4175
0.00333513
0.0625047
0.0688038
0
01:11:903: <MSG>: 
23.2346
12.3902
0.125307
0.112513
12.4309
0.018548
0.0662828
0.0696911
0
01:11:913: <MSG>: 
23.2346
12.3888
0.135405
0.112706
12.4415
0.0303933
0.070359
0.0725464
0
01:11:922: <MSG>: 
23.2346
12.3837
0.123621
0.112759
12.4568
0.0483191
0.0736961
0.0734722
0
01:11:931: <MSG>: 
23.2346
12.3858
0.124319
0.112823
12.4715
0.0637933
0.0770056
0.0745167
0
01:11:940: <MSG>: 
23.2346
12.384
0.127236
0.11303
12.482
0.0751503
0.0801526
0.0772068
0
01:11:949: <MSG>: 
23.2346
12.384
0.127236
0.113081
12.4826
0.0751564
0.0809306
0.0772134
0
01:11:958: <MSG>: 
23.2346
12.3924
0.127946
0.113135
12.4838
0.0751627
0.0817941
0.0772203
0
01:11:967: <MSG>: 
23.2346
12.3883
0.120445
0.113189
12.4841
0.075168
0.0825762
0.0772261
0
01:11:976: <MSG>: 
23.2346
12.3909
0.123409
0.113245
12.4851
0.0751742
0.083454
0.0772328
0
01:11:985: <MSG>: 
23.2346
12.3909
0.123409
0.113299
12.4858
0.0751797
0.0842646
0.0772388
0
01:11:993: <MSG>: 
23.2346
12.3933
0.130459
0.113351
12.4862
0.0751862
0.0850458
0.0772459
0
01:12:003: <MSG>: 
23.2346
12.3994
0.118643
0.113404
12.4563
0.0405361
0.087809
0.0775831
0
01:12:013: <MSG>: 
23.2346
12.3988
0.129522
0.113766
12.4344
0.0148898
0.0924498
0.0825056
0
01:12:022: <MSG>: 
23.2346
12.3988
0.129522
0.114073
12.4112
-0.0123985
0.0968703
0.0866127
0
01:12:031: <MSG>: 
23.2346
12.3998
0.127101
0.114351
12.3875
-0.0410922
0.10099
0.0901889
0
01:12:040: <MSG>: 
23.2346
12.4013
0.125898
0.114503
12.3629
-0.0707191
0.105164
0.0921352
0
01:12:049: <MSG>: 
23.2346
12.4019
0.117622
0.114563
12.3622
-0.0707266
0.106097
0.0921443
0
01:12:058: <MSG>: 
23.2346
12.4019
0.117622
0.114629
12.3616
-0.070734
0.107112
0.0921535
0
01:12:067: <MSG>: 
23.2346
12.4021
0.121856
0.114422
12.3619
-0.068801
0.099687
0.0854668
0
01:12:076: <MSG>: 
23.2346
12.3974
0.116946
0.114415
12.3602
-0.0695143
0.0933683
0.0821893
0
01:12:086: <MSG>: 
23.2346
12.3951
0.118302
0.11437
12.3601
-0.0692883
0.0868478
0.0782426
0
01:12:095: <MSG>: 
23.2346
12.3951
0.118302
0.114256
12.3616
-0.0669262
0.0795086
0.0732214
0
01:12:105: <MSG>: 
23.2346
12.3908
0.118738
0.113827
12.367
-0.0589738
0.0739207
0.0645028
0
01:12:114: <MSG>: 
23.2346
12.3899
0.109551
0.113592
12.3713
-0.0530491
0.0694529
0.0589971
0
01:12:124: <MSG>: 
23.2346
12.3902
0.113754
0.113594
12.3732
-0.0502796
0.0661244
0.0570502
0
01:12:134: <MSG>: 
23.2346
12.3914
0.115355
0.113496
12.3743
-0.0486184
0.061629
0.0534878
1
01:12:143: <MSG>: 
23.2346
12.3914
0.115355
0.113453
12.3731
-0.0496166
0.0569543
0.0506606
0
01:12:152: <MSG>: 
23.2346
12.3913
0.118956
0.113355
12.3728
-0.0493043
0.0531751
0.0474413
0
01:12:162: <MSG>: 
23.2346
12.3892
0.1106
0.113495
12.3681
-0.0548575
0.0495839
0.0474823
0
01:12:171: <MSG>: 
23.2346
12.3905
0.11661
0.113468
12.3667
-0.0558823
0.0470578
0.0456349
0
01:12:181: <MSG>: 
23.2346
12.3924
0.110876
0.113585
12.3622
-0.06098
0.0440518
0.0455181
0
01:12:191: <MSG>: 
23.2346
12.3924
0.110876
0.113455
12.3638
-0.0581719
0.0427702
0.042727
0
01:12:200: <MSG>: 
23.2346
12.393
0.115227
0.113347
12.3652
-0.0558387
0.041631
0.0403238
0
01:12:209: <MSG>: 
23.2346
12.3916
0.114634
0.113385
12.3634
-0.0575097
0.0402999
0.0398244
0
01:12:218: <MSG>: 
23.2346
12.3904
0.111395
0.113295
12.364
-0.0560318
0.0391316
0.0376924
0
01:12:228: <MSG>: 
23.2346
12.3904
0.111395
0.113014
12.3658
-0.0531316
0.0366991
0.0326891
0
01:12:238: <MSG>: 
23.2346
12.4038
0.126909
0.112741
12.373
-0.0450818
0.0358455
0.0283515
0
01:12:247: <MSG>: 
23.2346
12.3617
0.0836519
0.112507
12.3776
-0.038224
0.0356793
0.0248427
0
01:12:256: <MSG>: 
23.2346
12.3626
0.153509
0.11263
12.3769
-0.0380513
0.0374918
0.0266777
0
01:12:265: <MSG>: 
23.2346
12.374
0.181692
0.112759
12.3803
-0.0342146
0.0408964
0.0290206
0
01:12:275: <MSG>: 
23.2346
12.374
0.181692
0.11289
12.3834
-0.0304353
0.044003
0.0312892
0
01:12:284: <MSG>: 
23.2346
12.3675
0.118165
0.112867
12.3906
-0.0220414
0.0465504
0.0313698
0
01:12:294: <MSG>: 
23.2346
12.3518
0.0975374
0.112745
12.396
-0.0155782
0.0475846
0.0296895
0
01:12:303: <MSG>: 
23.2346
12.3598
0.139008
0.112701
12.4026
-0.00823107
0.0496423
0.0293662
0
01:12:312: <MSG>: 
23.2346
12.3598
0.139008
0.113445
12.3975
-0.0147798
0.0540161
0.0386986
0
01:12:321: <MSG>: 
23.2346
12.3639
0.123695
0.114014
12.3939
-0.020009
0.0568155
0.0454799
0
01:12:330: <MSG>: 
23.2346
12.3588
0.111224
0.114461
12.3901
-0.0245267
0.0598194
0.0508493
0
01:12:339: <MSG>: 
23.2346
12.3669
0.155318
0.114893
12.3874
-0.0279833
0.0626256
0.0559524
0
01:12:349: <MSG>: 
23.2346
12.3742
0.141129
0.115257
12.3865
-0.0297857
0.0633319
0.0595608
0
01:12:358: <MSG>: 
23.2346
12.3742
0.141129
0.116027
12.3845
-0.0322213
0.0656352
0.0682167
0
01:12:367: <MSG>: 
23.2346
12.3716
0.136767
0.115825
12.3964
-0.0188064
0.0676287
0.0652358
0
01:12:376: <MSG>: 
23.2346
12.3709
0.143681
0.116575
12.3922
-0.0234611
0.0680705
0.0730268
0
01:12:386: <MSG>: 
23.5131
12.3711
0.141462
0.117344
12.3901
-0.0266254
0.127797
0.0812606
0
01:12:395: <MSG>: 
23.5131
12.3711
0.141462
0.117263
12.4008
-0.0154511
0.130569
0.079954
0
01:12:405: <MSG>: 
23.5131
12.3681
0.134964
0.118239
12.3982
-0.0192321
0.130023
0.0896822
0
01:12:413: <MSG>: 
23.5131
12.3664
0.140823
0.118102
12.4114
-0.00505803
0.131994
0.0873107
0
01:12:423: <MSG>: 
23.5131
12.3645
0.132777
0.118222
12.4175
0.00175264
0.134392
0.0884223
0
01:12:432: <MSG>: 
23.5131
12.3645
0.132777
0.118109
12.4365
0.0229079
0.137052
0.0865795
0
01:12:441: <MSG>: 
23.5131
12.3677
0.134266
0.118124
12.449
0.0359451
0.139232
0.0863607
0
01:12:449: <MSG>: 
23.5131
12.3722
0.146391
0.118196
12.4495
0.0359394
0.13982
0.0863473
0
01:12:458: <MSG>: 
23.5131
12.3675
0.142978
0.118271
12.4496
0.0359338
0.140373
0.0863341
0
01:12:467: <MSG>: 
23.5131
12.3688
0.136642
0.118345
12.45
0.0359282
0.140952
0.0863207
0
01:12:476: <MSG>: 
23.5131
12.3688
0.136642
0.11842
12.4503
0.0359231
0.141535
0.0863085
0
01:12:484: <MSG>: 
23.5131
12.3693
0.157486
0.118494
12.4503
0.0359173
0.142095
0.0862947
0
01:12:493: <MSG>: 
23.5131
12.3753
0.145798
0.118568
12.451
0.0359123
0.142718
0.0862828
0
01:12:503: <MSG>: 
23.5131
12.3753
0.145798
0.118642
12.4307
0.0130347
0.144938
0.0865589
0
01:12:512: <MSG>: 
23.5131
12.3744
0.150944
0.118674
12.4106
-0.00915403
0.147443
0.0865227
0
01:12:521: <MSG>: 
23.5131
12.3767
0.153894
0.118744
12.3888
-0.0349807
0.15021
0.0869628
0
01:12:530: <MSG>: 
23.5131
12.3779
0.161788
0.11884
12.3701
-0.0567546
0.153459
0.0879625
0
01:12:539: <MSG>: 
23.5131
12.3779
0.161788
0.1188
12.348
-0.0822112
0.157123
0.0872516
0
01:12:548: <MSG>: 
23.5131
12.3776
0.149792
0.118291
12.3404
-0.0897883
0.147412
0.0774478
0
01:12:558: <MSG>: 
23.5131
12.3795
0.152018
0.117725
12.3345
-0.0952115
0.138335
0.0673491
0
01:12:568: <MSG>: 
23.5131
12.3745
0.151712
0.117339
12.3273
-0.101683
0.130492
0.0596736
0
01:12:577: <MSG>: 
23.5131
12.3745
0.143316
0.11692
12.3217
-0.107312
0.122549
0.0517844
0
01:12:586: <MSG>: 
23.5131
12.3745
0.143316
0.116389
12.3197
-0.108084
0.114477
0.0427098
0
01:12:595: <MSG>: 
23.5131
12.3657
0.147511
0.115802
12.3185
-0.107239
0.10703
0.0333166
0
01:12:604: <MSG>: 
23.5131
12.3663
0.14495
0.115254
12.3172
-0.107047
0.100769
0.0247925
0
01:12:614: <MSG>: 
23.5131
12.3596
0.145023
0.115083
12.3121
-0.111137
0.095134
0.0207828
0
01:12:623: <MSG>: 
23.5131
12.3596
0.145023
0.114862
12.3073
-0.115151
0.0895831
0.0162627
0
01:12:633: <MSG>: 
23.5131
12.3661
0.138885
0.114704
12.302
-0.119445
0.084714
0.012721
1
01:12:642: <MSG>: 
23.5131
12.3608
0.140897
0.114728
12.2938
-0.126811
0.0801788
0.0113768
0
01:12:652: <MSG>: 
23.5131
12.3604
0.133919
0.114366
12.2911
-0.127989
0.0758169
0.0057105
0
01:12:661: <MSG>: 
23.5131
12.3586
0.137078
0.114223
12.2857
-0.132556
0.0719631
0.00275021
0
01:12:671: <MSG>: 
23.5131
12.3586
0.137078
0.113962
12.2823
-0.134512
0.0682762
-0.00147985
0
01:12:681: <MSG>: 
23.5131
12.3569
0.130659
0.113582
12.2802
-0.134331
0.0643286
-0.00712131
0
01:12:690: <MSG>: 
23.5131
12.3581
0.13002
0.112998
12.2831
-0.128788
0.060998
-0.0148898
0
01:12:700: <MSG>: 
23.5131
12.3524
0.124638
0.112602
12.2821
-0.127515
0.0580566
-0.0202904
0
01:12:709: <MSG>: 
23.5131
12.351
0.125071
0.112132
12.2844
-0.123251
0.0555141
-0.0264118
0
01:12:719: <MSG>: 
23.5131
12.351
0.125071
0.110262
12.311
-0.0872643
0.0523925
-0.0493464
0
01:12:728: <MSG>: 
23.5131
12.3439
0.155124
0.109869
12.3155
-0.0809517
0.0514235
-0.0538143
0
01:12:738: <MSG>: 
23.5131
12.3344
0.129461
0.109625
12.3231
-0.070863
0.0534916
-0.0554647
0
01:12:747: <MSG>: 
23.5131
12.3136
0.158995
0.109562
12.3261
-0.0654166
0.0558302
-0.0548204
0
01:12:757: <MSG>: 
23.5131
12.3136
0.158995
0.109215
12.3347
-0.0544403
0.0578011
-0.0578514
0
01:12:765: <MSG>: 
23.5131
12.2987
0.198016
0.109895
12.3235
-0.0684195
0.0621527
-0.0474534
0
01:12:775: <MSG>: 
23.5131
12.2998
0.178654
0.109813
12.3272
-0.0634129
0.0651123
-0.0470175
0
01:12:784: <MSG>: 
23.5131
12.3058
0.12291
0.109813
12.3277
-0.0626175
0.0671271
-0.0458135
0
01:12:793: <MSG>: 
23.5131
12.3188
0.149619
0.10955
12.3389
-0.0492793
0.070322
-0.0475719
0
01:12:802: <MSG>: 
23.5131
12.3188
0.149619
0.109557
12.3402
-0.0476491
0.0722408
-0.046316
0
01:12:812: <MSG>: 
23.5131
12.3208
0.162389
0.109582
12.3434
-0.0431847
0.0751094
-0.0445188
0
01:12:821: <MSG>: 
23.5131
12.3229
0.136885
0.110034
12.3413
-0.0468899
0.0791511
-0.0359049
0
01:12:830: <MSG>: 
23.5131
12.3204
0.161101
0.110629
12.3387
-0.0501089
0.0838122
-0.0251474
0
01:12:839: <MSG>: 
23.5131
12.3204
0.161101
0.111149
12.3368
-0.053161
0.0863448
-0.0163369
0
01:12:849: <MSG>: 
23.5131
12.3339
0.171557
0.111661
12.3374
-0.053732
0.0898843
-0.00751286
0
01:12:858: <MSG>: 
23.5131
12.3243
0.153717
0.112309
12.336
-0.0550464
0.0922177
0.00276874
0
01:12:867: <MSG>: 
23.5131
12.3297
0.158771
0.113054
12.3358
-0.0561899
0.0941037
0.0140937
0
01:12:877: <MSG>: 
23.5131
12.3286
0.164556
0.113842
12.3323
-0.0600074
0.0965094
0.0259265
0
01:12:886: <MSG>: 
23.5131
12.3286
0.164556
0.114652
12.3306
-0.0624095
0.0976026
0.0374066
0
01:12:895: <MSG>: 
22.9833
12.3306
0.148983
0.115445
12.3298
-0.0638598
-0.0167736
0.0475854
0
01:12:904: <MSG>: 
22.9833
12.327
0.160814
0.115319
12.3405
-0.0523405
-0.0135743
0.0464276
0
01:12:913: <MSG>: 
22.9833
12.3282
0.152082
0.115317
12.3485
-0.0437914
-0.0107772
0.0466437
0
01:12:923: <MSG>: 
22.9833
12.3282
0.152082
0.115159
12.3645
-0.0259076
-0.00831895
0.0448896
0
01:12:932: <MSG>: 
22.9833
12.3284
0.14956
0.114004
12.3105
-0.0854973
-0.00549809
0.0306006
0
01:12:941: <MSG>: 
22.9833
12.327
0.187878
0.11397
12.3252
-0.0699351
-0.00281024
0.0306501
0
01:12:951: <MSG>: 
22.9833
12.3087
0.138214
0.113997
12.3247
-0.0699337
-0.00256093
0.0306493
0
01:12:960: <MSG>: 
22.9833
12.3087
0.138214
0.114022
12.3241
-0.0699324
-0.00229545
0.0306486
0
01:12:969: <MSG>: 
22.9833
12.3121
0.126304
0.114047
12.323
-0.0699308
-0.00203082
0.0306477
0
01:12:979: <MSG>: 
22.9833
12.3417
0.144722
0.114075
12.3225
-0.0699296
-0.00167601
0.030647
0
01:12:988: <MSG>: 
22.9833
12.3513
0.0980436
0.114103
12.322
-0.0699283
-0.00136818
0.0306463
0
01:13:000: <MSG>: 
22.9833
12.3314
0.0676386
0.114012
12.2936
-0.101888
0.000549218
0.0294461
0
01:13:009: <MSG>: 
22.9833
12.3314
0.0676386
0.113806
12.2696
-0.129309
0.00123412
0.0265403
0
01:13:019: <MSG>: 
22.9833
12.3242
0.101627
0.113654
12.2444
-0.15846
0.00273329
0.0245647
0
01:13:028: <MSG>: 
22.9833
12.3235
0.120973
0.113426
12.2176
-0.189381
0.00539796
0.0220201
0
01:13:037: <MSG>: 
22.9833
12.3249
0.10128
0.113525
12.1995
-0.210195
0.0086077
0.0238569
0
01:13:047: <MSG>: 
22.9833
12.3309
0.131361
0.113847
12.1853
-0.226714
0.013074
0.0288719
0
01:13:055: <MSG>: 
22.9833
12.3355
0.120997
0.113866
12.1835
-0.226726
0.0134055
0.0288731
0
01:13:064: <MSG>: 
22.9833
12.3355
0.120997
0.113886
12.1815
-0.226738
0.0137655
0.0288741
0
01:13:073: <MSG>: 
22.9833
12.3215
0.113827
0.113649
12.1945
-0.207955
0.00474539
0.0225093
0
01:13:083: <MSG>: 
22.9833
12.3119
0.121653
0.113484
12.2072
-0.189831
-0.00138029
0.0181314
0
01:13:092: <MSG>: 
22.9833
12.3029
0.118856
0.113447
12.2191
-0.173643
-0.0059462
0.0160796
0
01:13:101: <MSG>: 
22.9833
12.3029
0.118856
0.113285
12.2302
-0.158666
-0.0102691
0.0123894
0
01:13:110: <MSG>: 
22.9833
12.2893
0.116829
0.113038
12.2423
-0.142753
-0.0135876
0.0078812
0
01:13:119: <MSG>: 
22.9833
12.2788
0.121946
0.112894
12.2486
-0.134056
-0.01736
0.00471366
1
01:13:130: <MSG>: 
22.9833
12.2748
0.118153
0.112728
12.256
-0.124009
-0.0208563
0.00138141
0
01:13:139: <MSG>: 
22.9833
12.2748
0.118153
0.112536
12.2652
-0.112145
-0.0230107
-0.00185336
0
01:13:149: <MSG>: 
22.9833
12.2753
0.106259
0.11241
12.2727
-0.102882
-0.0256429
-0.00429321
0
01:13:157: <MSG>: 
22.9833
12.2817
0.118791
0.112441
12.2768
-0.0977948
-0.0282216
-0.00456453
0
01:13:167: <MSG>: 
22.9833
12.2886
0.119147
0.112499
12.2791
-0.0942859
-0.0301736
-0.00428906
0
01:13:176: <MSG>: 
22.9833
12.2887
0.104832
0.112621
12.2804
-0.0926228
-0.0316362
-0.00302684
0
01:13:185: <MSG>: 
22.9833
12.2887
0.104832
0.11259
12.2833
-0.0889168
-0.0332729
-0.00388911
0
01:13:194: <MSG>: 
22.9833
12.2894
0.125559
0.112637
12.2857
-0.0857826
-0.034321
-0.00352048
0
01:13:204: <MSG>: 
22.9833
12.287
0.115343
0.112494
12.2923
-0.0774299
-0.0346364
-0.00548946
0
01:13:213: <MSG>: 
22.9833
12.2854
0.118067
0.112514
12.2953
-0.0733159
-0.0349728
-0.00525326
0
01:13:222: <MSG>: 
22.9833
12.2854
0.118067
0.112359
12.3029
-0.0636575
-0.0344844
-0.00709444
0
01:13:232: <MSG>: 
22.9833
12.2903
0.122046
0.112225
12.3098
-0.0556941
-0.0337946
-0.00858834
0
01:13:241: <MSG>: 
22.9833
12.2934
0.130614
0.112127
12.3164
-0.0478388
-0.0327342
-0.00946506
0
01:13:250: <MSG>: 
22.9833
12.2976
0.143577
0.110837
12.3551
0.000389072
-0.0275607
-0.0249555
0
01:13:259: <MSG>: 
22.9833
12.2976
0.143577
0.110742
12.364
0.0106296
-0.0259488
-0.025378
0
01:13:269: <MSG>: 
22.9833
12.2875
0.0988408
0.110672
12.3759
0.024482
-0.0227015
-0.0249421
0
01:13:277: <MSG>: 
22.9833
12.2833
0.0986398
0.110468
12.3862
0.0369311
-0.0212438
-0.0268633
0
01:13:287: <MSG>: 
22.9833
12.2985
0.144515
0.110501
12.396
0.0466176
-0.0183551
-0.0251708
0
01:13:296: <MSG>: 
22.9833
12.2985
0.144515
0.109409
12.4343
0.0917368
-0.0139854
-0.0381056
0
01:13:305: <MSG>: 
22.9833
12.3231
0.185222
0.110352
12.4291
0.0833189
-0.0056354
-0.0241165
0
01:13:315: <MSG>: 
22.9833
12.3196
0.136269
0.111621
12.4234
0.0758154
0.00679058
-0.00518732
0
01:13:325: <MSG>: 
22.9833
12.3267
0.143605
0.112594
12.4184
0.0679463
0.0157774
0.00893903
0
01:13:334: <MSG>: 
22.9833
12.3397
0.172395
0.113373
12.4139
0.0613156
0.0248903
0.0206901
0
01:13:343: <MSG>: 
22.9833
12.3397
0.172395
0.114299
12.4096
0.0547721
0.0333475
0.0338574
0
01:13:352: <MSG>: 
22.9833
12.3495
0.0969903
0.115198
12.4051
0.0481557
0.0392343
0.0457683
0
01:13:361: <MSG>: 
22.9833
12.3511
0.077302
0.1159
12.3994
0.0404094
0.0435382
0.0547103
0
01:13:371: <MSG>: 
22.9833
12.3678
0.126172
0.116496
12.3956
0.0345486
0.0477607
0.0622721
0
01:13:380: <MSG>: 
22.9833
12.3678
0.126172
0.117215
12.3921
0.0294262
0.0489942
0.070316
0
01:13:389: <MSG>: 
22.9833
12.3695
0.11707
0.117405
12.4002
0.0374071
0.0529572
0.0732583
0
01:13:398: <MSG>: 
22.9833
12.3582
0.118088
0.117609
12.4076
0.0453783
0.0567035
0.0763037
0
01:13:407: <MSG>: 
22.9833
12.3641
0.16041
0.117816
12.4212
0.0601397
0.0617239
0.0798071
0
01:13:416: <MSG>: 
22.9833
12.3688
0.153059
0.117914
12.4333
0.0718637
0.0652011
0.0812254
0
01:13:425: <MSG>: 
22.9833
12.3688
0.153059
0.118066
12.4522
0.0922939
0.0703204
0.0840167
0
01:13:434: <MSG>: 
22.9833
12.3604
0.142862
0.118352
12.4666
0.107776
0.0751561
0.0884248
0
01:13:443: <MSG>: 
22.9833
12.3599
0.15172
0.118542
12.4891
0.132488
0.0802795
0.0916778
0
01:13:452: <MSG>: 
22.9833
12.36
0.148895
0.11877
12.5137
0.159967
0.0855443
0.0954144
0
01:13:462: <MSG>: 
22.9833
12.36
0.148895
0.119127
12.5317
0.178509
0.0907776
0.100698
0
01:13:471: <MSG>: 
22.9833
12.3634
0.133332
0.119324
12.5587
0.207308
0.0953135
0.10366
0
01:13:479: <MSG>: 
22.9833
12.364
0.151741
0.119389
12.5598
0.207331
0.0962216
0.103674
0
01:13:488: <MSG>: 
22.9833
12.3704
0.128811
0.11946
12.5621
0.207353
0.0973716
0.103686
0
01:13:497: <MSG>: 
22.9833
12.3704
0.128811
0.119533
12.5639
0.207375
0.0984667
0.103698
0
01:13:506: <MSG>: 
22.9833
12.3698
0.13004
0.119605
12.5653
0.207394
0.0994747
0.103709
0
01:13:515: <MSG>: 
22.9833
12.382
0.142875
0.119675
12.5676
0.207416
0.10064
0.103722
0
01:13:525: <MSG>: 
22.9833
12.3932
0.150728
0.120006
12.5517
0.188628
0.105082
0.107899
0
01:13:534: <MSG>: 
22.9833
12.3932
0.150728
0.120115
12.5279
0.16074
0.110463
0.109643
0
01:13:543: <MSG>: 
23.5457
12.408
0.125763
0.120026
12.5038
0.13234
0.23212
0.108661
0
01:13:553: <MSG>: 
23.5457
12.4183
0.147223
0.120222
12.4895
0.115198
0.235934
0.111007
0
01:13:562: <MSG>: 
23.5457
12.4291
0.145244
0.119393
12.4843
0.109658
0.227684
0.0976773
0
01:13:573: <MSG>: 
23.5457
12.4291
0.145244
0.118738
12.4828
0.107751
0.220442
0.0866431
0
01:13:582: <MSG>: 
23.5457
12.4317
0.133134
0.118777
12.4777
0.100463
0.216559
0.0847345
0
01:13:591: <MSG>: 
23.5457
12.4304
0.141123
0.119042
12.4747
0.0951209
0.213432
0.0856469
0
01:13:601: <MSG>: 
23.5457
12.4317
0.157235
0.11894
12.473
0.0917601
0.209128
0.082041
0
01:13:610: <MSG>: 
23.5457
12.4234
0.155897
0.119001
12.4671
0.0836205
0.204905
0.0802871
0
01:13:619: <MSG>: 
23.5457
12.4234
0.155897
0.119165
12.4603
0.0744464
0.200888
0.0798423
0
01:13:629: <MSG>: 
23.5457
12.4194
0.168631
0.119258
12.4543
0.0665869
0.196557
0.0783945
0
01:13:639: <MSG>: 
23.5457
12.4177
0.172164
0.11957
12.4461
0.0572304
0.194519
0.0802138
0
01:13:648: <MSG>: 
23.5457
12.4227
0.155967
0.119627
12.4425
0.0534084
0.19262
0.0791597
1
01:13:658: <MSG>: 
23.5457
12.417
0.156101
0.119551
12.4393
0.0514454
0.190499
0.0765903
0
01:13:668: <MSG>: 
23.5457
12.4234
0.150289
0.119473
12.4369
0.0492297
0.187912
0.07386
0
01:13:677: <MSG>: 
23.5457
12.4234
0.150289
0.119275
12.4358
0.0487097
0.185393
0.0698084
0
01:13:687: <MSG>: 
23.5457
12.418
0.151846
0.119271
12.4313
0.0440965
0.18315
0.0681103
0
01:13:696: <MSG>: 
23.5457
12.4174
0.146404
0.119134
12.4292
0.0417897
0.18063
0.0648243
0
01:13:706: <MSG>: 
23.5457
12.4158
0.155
0.118925
12.429
0.042728
0.17876
0.0609511
0
01:13:715: <MSG>: 
23.5457
12.4158
0.155
0.118833
12.4288
0.043292
0.177921
0.0588185
0
01:13:724: <MSG>: 
23.5457
12.4138
0.140723
0.118674
12.4283
0.0432989
0.175955
0.0555866
0
01:13:734: <MSG>: 
23.5457
12.4107
0.145987
0.118436
12.4303
0.0465344
0.174529
0.0515984
0
01:13:743: <MSG>: 
23.5457
12.405
0.13561
0.118145
12.432
0.0495472
0.17228
0.0467454
0
01:13:753: <MSG>: 
23.5457
12.4037
0.153985
0.118031
12.4335
0.0519402
0.171757
0.0446315
0
01:13:763: <MSG>: 
23.5457
12.4037
0.153985
0.117904
12.4351
0.054542
0.171143
0.0422777
0
01:13:773: <MSG>: 
23.5457
12.4
0.153132
0.117746
12.434
0.0533078
0.169753
0.0393688
0
01:13:782: <MSG>: 
23.5457
12.4048
0.147828
0.117449
12.4401
0.0598822
0.169684
0.0352465
0
01:13:792: <MSG>: 
23.5457
12.4014
0.165245
0.117258
12.4455
0.065998
0.170642
0.0327982
0
01:13:801: <MSG>: 
23.5457
12.4189
0.149703
0.117008
12.4479
0.0680077
0.169153
0.0288388
0
01:13:810: <MSG>: 
23.5457
12.4189
0.149703
0.116737
12.4579
0.0798271
0.170367
0.0255708
0
01:13:820: <MSG>: 
23.5457
12.3934
0.149148
0.117108
12.4521
0.0717471
0.171539
0.0309945
0
01:13:829: <MSG>: 
23.5457
12.3884
0.182638
0.117414
12.4487
0.0658828
0.17376
0.0356645
0
01:13:839: <MSG>: 
23.5457
12.3912
0.227786
0.11805
12.4435
0.0583254
0.177027
0.0453612
0
01:13:849: <MSG>: 
23.3838
12.4013
0.181008
0.118334
12.4419
0.0536523
0.144328
0.0488641
0
01:13:858: <MSG>: 
23.3838
12.4013
0.181008
0.118197
12.4397
0.0494653
0.145993
0.0466338
0
01:13:868: <MSG>: 
23.3838
12.3991
0.190013
0.11842
12.4374
0.0447474
0.145643
0.0489728
0
01:13:879: <MSG>: 
23.3838
12.3939
0.203675
0.118525
12.4359
0.0418359
0.146839
0.0499698
0
01:13:888: <MSG>: 
23.3838
12.3957
0.191418
0.118461
12.4446
0.0509275
0.148884
0.049272
0
01:13:897: <MSG>: 
23.3838
12.3963
0.186208
0.11844
12.4589
0.0675556
0.152411
0.0496293
0
01:13:908: <MSG>: 
23.3838
12.3963
0.186208
0.118364
12.4732
0.0826207
0.155369
0.0490082
0
01:13:918: <MSG>: 
23.3838
12.4107
0.221185
0.11853
12.4843
0.0938605
0.159259
0.0516832
0
01:13:927: <MSG>: 
23.3838
12.4013
0.190909
0.118522
12.4996
0.110795
0.162175
0.0519956
0
01:13:937: <MSG>: 
23.3838
12.399
0.196714
0.118633
12.5131
0.12505
0.165153
0.0537841
0
01:13:945: <MSG>: 
23.3838
12.4035
0.206908
0.118849
12.5263
0.138934
0.168713
0.0570653
0
01:13:955: <MSG>: 
23.3838
12.4086
0.191001
0.118951
12.5451
0.159065
0.171215
0.0584923
0
01:13:965: <MSG>: 
23.3838
12.4086
0.191001
0.119042
12.5713
0.188218
0.1744
0.0600672
0
01:13:975: <MSG>: 
23.3838
12.4053
0.191117
0.119018
12.6071
0.228649
0.177684
0.0603468
0
01:13:983: <MSG>: 
23.3838
12.4061
0.194171
0.119221
12.5785
0.193775
0.180391
0.0629105
0
01:13:993: <MSG>: 
23.3838
12.4109
0.192585
0.119458
12.5544
0.164458
0.183515
0.0660068
0
01:14:002: <MSG>: 
23.3838
12.4109
0.192585
0.119683
12.5285
0.132119
0.18656
0.0688912
0
01:14:010: <MSG>: 
23.3838
12.4132
0.177407
0.119824
12.5074
0.105643
0.188603
0.0703884
0
01:14:019: <MSG>: 
23.3838
12.4172
0.190973
0.11987
12.5082
0.105653
0.189343
0.0703954
0
01:14:028: <MSG>: 
23.3838
12.4249
0.178076
0.119918
12.5091
0.105663
0.190126
0.0704024
0
01:14:037: <MSG>: 
23.3838
12.4249
0.178076
0.119966
12.51
0.105671
0.19088
0.0704086
0
01:14:045: <MSG>: 
23.3838
12.4354
0.17869
0.120012
12.5109
0.105681
0.191653
0.0704158
0
01:14:054: <MSG>: 
23.3838
12.4404
0.184281
0.12006
12.512
0.10569
0.19244
0.070422
0
01:14:064: <MSG>: 
23.3838
12.4364
0.182736
0.120112
12.5019
0.0919721
0.184622
0.0674858
0
01:14:074: <MSG>: 
23.3838
12.4364
0.182736
0.120095
12.4957
0.0834626
0.17771
0.0639275
0
01:14:083: <MSG>: 
23.3838
12.4312
0.186141
0.120089
12.4889
0.0745537
0.171147
0.0607235
0
01:14:092: <MSG>: 
23.3838
12.4336
0.189294
0.120003
12.4827
0.0662138
0.165415
0.0567493
0
01:14:101: <MSG>: 
23.3838
12.436
0.194075
0.119724
12.4792
0.061808
0.160441
0.0504289
0
01:14:111: <MSG>: 
23.3838
12.436
0.194075
0.119308
12.48
0.0629494
0.15549
0.0423474
0
01:14:119: <MSG>: 
23.3838
12.4351
0.181892
0.119002
12.4799
0.0629555
0.151587
0.0363062
0
01:14:128: <MSG>: 
23.3838
12.4344
0.194975
0.118945
12.4784
0.0609925
0.148412
0.0339875
0
01:14:137: <MSG>: 
23.3838
12.4373
0.185799
0.118903
12.4754
0.0569861
0.144325
0.0316193
0
01:14:146: <MSG>: 
23.3838
12.4373
0.185799
0.118979
12.4705
0.0503045
0.140571
0.0309982
1
01:14:155: <MSG>: 
23.3838
12.4315
0.192873
0.119079
12.4662
0.0452222
0.138737
0.0313028
0
01:14:164: <MSG>: 
23.3838
12.4352
0.180667
0.119401
12.4586
0.0346278
0.142307
0.0358298
0
01:14:174: <MSG>: 
23.3838
12.4374
0.185183
0.119724
12.4516
0.0252133
0.14618
0.040393
0
01:14:183: <MSG>: 
23.3838
12.4374
0.185183
0.119875
12.4444
0.01592
0.149623
0.0427115
0
01:14:192: <MSG>: 
23.3838
12.4385
0.180404
0.120002
12.4365
0.00483721
0.152807
0.0446133
0
01:14:202: <MSG>: 
23.3838
12.4345
0.18912
0.120159
12.4285
-0.00550724
0.156678
0.0470951
0
01:14:211: <MSG>: 
23.3838
12.4347
0.18018
0.12037
12.4223
-0.0140294
0.159761
0.0499316
0
01:14:220: <MSG>: 
23.3838
12.4347
0.18018
0.120678
12.4173
-0.020671
0.162614
0.0539226
0
01:14:229: <MSG>: 
23.3838
12.4318
0.184282
0.120832
12.4116
-0.0276965
0.165562
0.0559766
0
01:14:239: <MSG>: 
23.3838
12.431
0.185929
0.120999
12.4067
-0.0340626
0.168716
0.0582103
0
01:14:248: <MSG>: 
23.3838
12.4281
0.186651
0.121256
12.4022
-0.03942
0.171693
0.061493
0
01:14:257: <MSG>: 
23.3838
12.425
0.188356
0.121568
12.3981
-0.0449866
0.174047
0.0652166
0
01:14:266: <MSG>: 
23.3838
12.425
0.188356
0.121945
12.3951
-0.04903
0.176199
0.0696204
0
01:14:275: <MSG>: 
23.3838
12.4254
0.18978
0.122181
12.392
-0.0531568
0.178225
0.0722352
0
01:14:284: <MSG>: 
23.3838
12.4173
0.188886
0.122655
12.3899
-0.0557448
0.18024
0.0777141
0
01:14:294: <MSG>: 
23.3838
12.417
0.184799
0.123089
12.3887
-0.0575623
0.18205
0.0825045
0
01:14:303: <MSG>: 
23.3838
12.417
0.184799
0.123597
12.3877
-0.0586566
0.183615
0.0881168
0
01:14:312: <MSG>: 
23.3838
12.4124
0.194316
0.124333
12.3872
-0.0593923
0.185251
0.0963826
0
01:14:322: <MSG>: 
23.3838
12.4158
0.187648
0.124638
12.3863
-0.0604648
0.18565
0.0988455
0
01:14:331: <MSG>: 
23.3838
12.4123
0.195796
0.124868
12.3842
-0.0620854
0.186616
0.10059
0
01:14:340: <MSG>: 
23.3838
12.4119
0.187099
0.125153
12.3819
-0.0644841
0.186098
0.10251
0
01:14:350: <MSG>: 
23.3838
12.4119
0.187099
0.12529
12.3814
-0.0644612
0.18498
0.102365
0
01:14:360: <MSG>: 
23.3838
12.4066
0.191057
0.125822
12.3804
-0.0651143
0.18425
0.10703
0
01:14:369: <MSG>: 
23.3838
12.4045
0.185688
0.126597
12.3793
-0.0660217
0.182378
0.11432
0
01:14:378: <MSG>: 
23.3838
12.4048
0.193334
0.127159
12.3785
-0.0667028
0.180281
0.118814
0
01:14:387: <MSG>: 
23.3838
12.4048
0.193334
0.1277
12.3768
-0.0684879
0.178134
0.122989
0
01:14:396: <MSG>: 
23.3838
12.4068
0.192319
0.128336
12.3727
-0.0723729
0.176146
0.128306
0
01:14:405: <MSG>: 
23.3838
12.4076
0.188698
0.12804
12.383
-0.0590051
0.175891
0.122422
0
01:14:413: <MSG>: 
23.3838
12.4027
0.190105
0.127799
12.3939
-0.0443787
0.175753
0.117477
0
01:14:422: <MSG>: 
23.3838
12.4027
0.190105
0.127529
12.4096
-0.0244336
0.175939
0.11239
0
01:14:431: <MSG>: 
23.3838
12.4035
0.18624
0.127288
12.424
-0.00743577
0.175987
0.107639
0
01:14:440: <MSG>: 
23.3838
12.399
0.189913
0.127041
12.4405
0.013081
0.17629
0.103026
0
01:14:449: <MSG>: 
23.3838
12.4016
0.184603
0.126871
12.4575
0.0334697
0.176307
0.0994473
0
01:14:458: <MSG>: 
23.3838
12.4016
0.184603
0.126728
12.4771
0.0574144
0.176347
0.0962095
0
01:14:467: <MSG>: 
23.3838
12.3997
0.190292
0.126731
12.4922
0.0764355
0.176871
0.0951352
0
01:14:476: <MSG>: 
23.3838
12.4034
0.182097
0.126581
12.4677
0.048824
0.177645
0.0918558
0
01:14:484: <MSG>: 
23.3838
12.4036
0.189546
0.126512
12.4464
0.0251756
0.179153
0.0899762
0
01:14:494: <MSG>: 
23.3838
12.4036
0.189546
0.126453
12.4282
0.0052001
0.180611
0.0881853
0
01:14:502: <MSG>: 
23.3838
12.4056
0.183587
0.126382
12.4111
-0.0133349
0.182159
0.0863863
0
01:14:511: <MSG>: 
23.3838
12.4086
0.184166
0.126314
12.3927
-0.0344436
0.183732
0.0845983
0
01:14:520: <MSG>: 
23.3838
12.4093
0.179685
0.126305
12.3825
-0.0451896
0.184531
0.0834794
0
01:14:529: <MSG>: 
23.3838
12.4093
0.179685
0.126256
12.3721
-0.0566361
0.18542
0.0818792
0
01:14:538: <MSG>: 
23.3838
12.4139
0.180241
0.125853
12.3622
-0.0680267
0.175785
0.0727559
0
01:14:547: <MSG>: 
23.3838
12.4059
0.183887
0.125291
12.3552
-0.0745574
0.166234
0.0619855
0
01:14:556: <MSG>: 
23.3838
12.4065
0.181671
0.124787
12.3492
-0.0807526
0.157796
0.0523848
0
01:14:565: <MSG>: 
23.3838
12.4065
0.181671
0.124371
12.3429
-0.0868357
0.149678
0.0440753
0
01:14:574: <MSG>: 
23.3838
12.3981
0.186925
0.123831
12.3369
-0.0913563
0.142256
0.0345839
0
01:14:584: <MSG>: 
23.3838
12.4015
0.180198
0.123344
12.3341
-0.093195
0.134395
0.0257086
0
01:14:593: <MSG>: 
23.3838
12.3969
0.184092
0.122835
12.3315
-0.0937382
0.127637
0.017058
0
01:14:602: <MSG>: 
23.3838
12.3969
0.184092
0.122286
12.3299
-0.0938295
0.120959
0.00808402
0
01:14:612: <MSG>: 
23.3838
12.3976
0.175815
0.121842
12.3275
-0.0947356
0.114812
0.000608525
0
01:14:621: <MSG>: 
23.3838
12.391
0.18194
0.121487
12.3245
-0.096423
0.109348
-0.00547764
0
01:14:630: <MSG>: 
23.3838
12.3842
0.173112
0.121356
12.3178
-0.102143
0.104372
-0.00865543
1
01:14:639: <MSG>: 
23.3838
12.3842
0.173112
0.120976
12.3147
-0.103267
0.0991581
-0.0148595
0
01:14:650: <MSG>: 
23.3838
12.3793
0.175293
0.120821
12.3096
-0.107044
0.0947673
-0.0179888
0
01:14:659: <MSG>: 
23.3838
12.3737
0.168945
0.120431
12.3069
-0.107065
0.0903487
-0.0239402
0
01:14:668: <MSG>: 
23.3838
12.3765
0.178001
0.12016
12.3046
-0.107764
0.0870095
-0.0280642
0
01:14:678: <MSG>: 
23.3838
12.3695
0.172617
0.119769
12.3027
-0.106999
0.0834257
-0.0336866
0
01:14:689: <MSG>: 
23.3838
12.3695
0.172617
0.119254
12.3028
-0.104385
0.0799504
-0.0406294
0
01:14:698: <MSG>: 
23.3838
12.3736
0.170286
0.118645
12.3056
-0.0990981
0.0767401
-0.0486342
0
01:14:708: <MSG>: 
23.3838
12.3676
0.170503
0.118074
12.3066
-0.0954283
0.0734324
-0.0560874
0
01:14:717: <MSG>: 
23.3838
12.3676
0.163098
0.117377
12.311
-0.0884971
0.0700236
-0.0651115
0
01:14:727: <MSG>: 
23.3838
12.3576
0.160536
0.116784
12.3143
-0.082328
0.0675117
-0.0724608
0
01:14:736: <MSG>: 
23.3838
12.3516
0.160655
0.116371
12.3151
-0.0799429
0.0652643
-0.0774118
0
01:14:745: <MSG>: 
23.3838
12.3516
0.160655
0.115448
12.3287
-0.0611662
0.0645156
-0.088306
0
01:14:755: <MSG>: 
23.3838
12.3591
0.19133
0.114915
12.3373
-0.0510488
0.0634746
-0.0942304
0
01:14:765: <MSG>: 
23.3838
12.3465
0.192673
0.114991
12.3393
-0.0454035
0.0676355
-0.090635
0
01:14:775: <MSG>: 
23.3838
12.3362
0.186872
0.114886
12.3454
-0.0371866
0.0706854
-0.0898694
0
01:14:784: <MSG>: 
23.3838
12.3362
0.186872
0.11463
12.3545
-0.0251462
0.0734351
-0.0911154
0
01:14:793: <MSG>: 
23.3838
12.3205
0.224292
0.115004
12.347
-0.0332017
0.0786557
-0.0836278
0
01:14:803: <MSG>: 
23.3838
12.3315
0.172964
0.115541
12.3338
-0.0509358
0.0818528
-0.0746893
0
01:14:812: <MSG>: 
23.3838
12.328
0.146985
0.115341
12.3405
-0.0430166
0.0847699
-0.0753878
0
01:14:821: <MSG>: 
23.3838
12.3343
0.176335
0.115732
12.3398
-0.0456628
0.0905745
-0.0669213
0
01:14:831: <MSG>: 
23.3838
12.3343
0.176335
0.116073
12.3393
-0.0475906
0.0941375
-0.0599665
0
01:14:840: <MSG>: 
23.3838
12.3335
0.184306
0.116611
12.3394
-0.047791
0.0981507
-0.050212
0
01:14:849: <MSG>: 
23.3838
12.3366
0.16036
0.117146
12.3407
-0.0479989
0.100765
-0.0410603
0
01:14:859: <MSG>: 
23.416
12.3371
0.205829
0.117945
12.3408
-0.0483759
0.109529
-0.0285708
0
01:14:868: <MSG>: 
23.416
12.3371
0.205829
0.118359
12.3392
-0.0507442
0.112706
-0.0213789
0
01:14:878: <MSG>: 
23.416
12.3387
0.180904
0.118847
12.3395
-0.0514356
0.115459
-0.0134238
0
01:14:886: <MSG>: 
23.416
12.3329
0.181375
0.119567
12.3371
-0.0542154
0.116432
-0.00295235
0
01:14:896: <MSG>: 
23.416
12.3364
0.185328
0.12044
12.3377
-0.0542156
0.115578
0.00885336
0
01:14:904: <MSG>: 
23.416
12.3384
0.187395
0.120227
12.348
-0.0435018
0.117995
0.00688495
0
01:14:915: <MSG>: 
23.416
12.3384
0.187395
0.120186
12.3558
-0.0350972
0.120727
0.00712744
0
01:14:925: <MSG>: 
23.416
12.3356
0.170144
0.12004
12.3698
-0.0194674
0.123053
0.00599971
0
01:14:934: <MSG>: 
23.416
12.3349
0.184425
0.120046
12.3806
-0.0074209
0.125568
0.0068222
0
01:14:943: <MSG>: 
23.416
12.3346
0.172722
0.120061
12.3933
0.00670963
0.127842
0.0076931
0
01:14:953: <MSG>: 
23.416
12.3361
0.168177
0.119953
12.3597
-0.032186
0.12996
0.0066997
0
01:14:962: <MSG>: 
23.416
12.3361
0.168177
0.119971
12.3762
-0.0140754
0.132417
0.00768448
0
01:14:970: <MSG>: 
23.416
12.3356
0.168745
0.11998
12.376
-0.0140745
0.132401
0.00768398
0
01:14:978: <MSG>: 
23.416
12.3402
0.169615
0.119989
12.3758
-0.0140737
0.132408
0.00768351
0
01:14:987: <MSG>: 
23.416
12.342
0.164342
0.119998
12.3755
-0.0140728
0.132399
0.00768303
0
01:14:996: <MSG>: 
23.416
12.342
0.164342
0.120008
12.3754
-0.014072
0.13239
0.0076826
0
01:15:005: <MSG>: 
23.416
12.3465
0.169723
0.120017
12.3756
-0.0140711
0.132405
0.0076821
0
01:15:014: <MSG>: 
23.416
12.3448
0.17408
0.120027
12.3753
-0.0140704
0.132386
0.00768168
0
01:15:023: <MSG>: 
23.416
12.342
0.158372
0.119956
12.3569
-0.0359808
0.13463
0.00727805
0
01:15:032: <MSG>: 
23.416
12.342
0.158372
0.119902
12.3391
-0.0567764
0.136968
0.00711687
0
01:15:041: <MSG>: 
23.416
12.3448
0.17095
0.119758
12.3188
-0.0814947
0.139881
0.00601077
0
01:15:050: <MSG>: 
23.416
12.3457
0.167115
0.11981
12.3058
-0.0976545
0.14216
0.00719808
0
01:15:059: <MSG>: 
23.416
12.3435
0.16503
0.11981
12.291
-0.115318
0.144872
0.00785808
0
01:15:069: <MSG>: 
23.416
12.3435
0.16503
0.119512
12.2968
-0.106533
0.135979
0.000902631
0
01:15:078: <MSG>: 
23.416
12.3438
0.160343
0.119142
12.3036
-0.0966163
0.129341
-0.00620102
0
01:15:087: <MSG>: 
23.416
12.3458
0.17323
0.118808
12.3116
-0.0859638
0.12323
-0.012537
0
01:15:096: <MSG>: 
23.416
12.3429
0.160253
0.118826
12.316
-0.0806179
0.117926
-0.0137379
0
01:15:106: <MSG>: 
23.416
12.3429
0.160253
0.118628
12.3216
-0.0730876
0.113497
-0.017567
0
01:15:114: <MSG>: 
23.416
12.3365
0.1661
0.118201
12.3306
-0.0613653
0.109462
-0.0242908
0
01:15:124: <MSG>: 
23.416
12.3355
0.161402
0.11794
12.3346
-0.0560519
0.10541
-0.0286955
1
01:15:134: <MSG>: 
23.416
12.3377
0.165123
0.117803
12.3378
-0.0517049
0.102221
-0.0310989
0
01:15:143: <MSG>: 
23.416
12.3377
0.165123
0.117485
12.3442
-0.0435288
0.0995869
-0.0357026
0
01:15:153: <MSG>: 
23.416
12.3406
0.162692
0.117113
12.3507
-0.0358198
0.0967842
-0.0410161
0
01:15:162: <MSG>: 
23.416
12.3421
0.1617
0.117119
12.3512
-0.0357484
0.0940766
-0.0412208
0
01:15:171: <MSG>: 
23.416
12.3388
0.161366
0.117205
12.3491
-0.0382392
0.091717
-0.0402465
0
01:15:181: <MSG>: 
23.416
12.3419
0.161928
0.1172
12.349
-0.038381
0.0897074
-0.0403932
0
01:15:190: <MSG>: 
23.416
12.3419
0.161928
0.116876
12.355
-0.0306462
0.0883712
-0.0445186
0
01:15:199: <MSG>: 
23.416
12.3376
0.16475
0.116864
12.3554
-0.0298173
0.0871473
-0.0444523
0
01:15:209: <MSG>: 
23.416
12.3415
0.158286
0.116645
12.3604
-0.02348
0.0863159
-0.046988
0
01:15:218: <MSG>: 
23.416
12.3425
0.164431
0.116478
12.3652
-0.017092
0.0862311
-0.0485608
0
01:15:228: <MSG>: 
23.416
12.3425
0.164431
0.11632
12.3692
-0.012598
0.086083
-0.0500352
0
01:15:237: <MSG>: 
23.416
12.3468
0.163769
0.116142
12.3754
-0.00552481
0.0867124
-0.0515119
0
01:15:246: <MSG>: 
23.416
12.3416
0.218094
0.115683
12.3867
0.00696481
0.0870336
-0.0567803
0
01:15:255: <MSG>: 
23.416
12.3422
0.207666
0.115479
12.3967
0.0198867
0.0899358
-0.0577855
0
01:15:265: <MSG>: 
23.416
12.3407
0.208424
0.115631
12.4043
0.0293431
0.0951379
-0.0533734
0
01:15:275: <MSG>: 
23.416
12.3407
0.208424
0.115685
12.4129
0.0391809
0.0991241
-0.0506326
0
01:15:283: <MSG>: 
23.416
12.3453
0.252619
0.116002
12.4211
0.0479824
0.105626
-0.0437775
0
01:15:292: <MSG>: 
23.416
12.3513
0.218473
0.11677
12.4176
0.0423147
0.114711
-0.0316109
0
01:15:302: <MSG>: 
23.416
12.3525
0.161309
0.117357
12.4132
0.0358166
0.120925
-0.0225469
0
01:15:311: <MSG>: 
23.416
12.3525
0.161309
0.118151
12.4097
0.0304143
0.127509
-0.0110699
0
01:15:321: <MSG>: 
23.416
12.3591
0.176493
0.118389
12.4082
0.0271111
0.131015
-0.00713081
0
01:15:330: <MSG>: 
23.3838
12.3563
0.20679
0.11887
12.4055
0.0236377
0.128316
-0.000215984
0
01:15:339: <MSG>: 
23.3838
12.3637
0.174912
0.119851
12.4056
0.0226906
0.131446
0.0121041
0
01:15:348: <MSG>: 
23.3838
12.3605
0.204136
0.120756
12.4036
0.0202305
0.136471
0.0239617
0
01:15:358: <MSG>: 
23.3838
12.3605
0.204136
0.121459
12.4015
0.0169607
0.140269
0.0329061
0
01:15:367: <MSG>: 
23.3838
12.3747
0.222425
0.122243
12.4002
0.0143901
0.1427
0.0422155
0
01:15:376: <MSG>: 
23.3838
12.3664
0.204488
0.122987
12.3972
0.0107888
0.144737
0.0508728
0
01:15:386: <MSG>: 
23.3838
12.3686
0.203933
0.123985
12.3936
0.00626769
0.14602
0.0620189
0
01:15:395: <MSG>: 
23.3838
12.3686
0.203933
0.12379
12.4077
0.020832
0.149375
0.0596615
0
01:15:404: <MSG>: 
23.3838
12.3669
0.213527
0.123779
12.4195
0.0336244
0.153277
0.0599789
0
01:15:413: <MSG>: 
23.3838
12.3671
0.196356
0.123783
12.4342
0.048866
0.157058
0.060509
0
01:15:422: <MSG>: 
23.3838
12.3619
0.206261
0.123741
12.4539
0.0710484
0.161633
0.0607266
0
01:15:431: <MSG>: 
23.3838
12.3627
0.202076
0.12374
12.4694
0.0872193
0.164977
0.0610793
0
01:15:441: <MSG>: 
23.3838
12.3627
0.202076
0.123821
12.4856
0.104428
0.168669
0.0626084
0
01:15:450: <MSG>: 
23.3838
12.3648
0.197535
0.123863
12.5049
0.125301
0.172022
0.0635286
0
01:15:459: <MSG>: 
23.3838
12.3631
0.193832
0.123922
12.5252
0.147915
0.174954
0.0645715
0
01:15:467: <MSG>: 
23.3838
12.3687
0.203074
0.123969
12.5266
0.147911
0.175503
0.0645703
0
01:15:476: <MSG>: 
23.3838
12.3687
0.203074
0.12402
12.5279
0.147906
0.176049
0.0645692
0
01:15:484: <MSG>: 
23.3838
12.3665
0.190776
0.124069
12.5287
0.147902
0.176504
0.0645679
0
01:15:493: <MSG>: 
23.3838
12.3761
0.194593
0.12412
12.5303
0.147898
0.177121
0.0645668
0
01:15:502: <MSG>: 
23.3838
12.3843
0.210672
0.124169
12.5314
0.147894
0.177651
0.0645656
0
01:15:510: <MSG>: 
23.3838
12.3843
0.210672
0.124219
12.5326
0.14789
0.178178
0.0645645
0
01:15:520: <MSG>: 
23.3838
12.3986
0.188417
0.123991
12.5097
0.120788
0.181211
0.0615459
0
01:15:528: <MSG>: 
23.3838
12.405
0.192799
0.123836
12.4873
0.0951286
0.185116
0.0599116
0
01:15:539: <MSG>: 
23.3838
12.405
0.192799
0.123646
12.4663
0.0705922
0.188576
0.0575741
0
01:15:547: <MSG>: 
23.3838
12.4125
0.196857
0.123611
12.4501
0.0504364
0.19191
0.0573919
0
01:15:557: <MSG>: 
23.3838
12.4141
0.199362
0.123557
12.4411
0.0385152
0.184628
0.0536714
0
01:15:565: <MSG>: 
23.3838
12.4138
0.187925
0.123103
12.4354
0.0319762
0.177821
0.0458101
0
01:15:575: <MSG>: 
23.3838
12.4138
0.187925
0.122958
12.4295
0.0245791
0.171829
0.0416661
0
01:15:584: <MSG>: 
23.3838
12.4159
0.195263
0.122821
12.4231
0.0168893
0.165929
0.0377311
0
01:15:593: <MSG>: 
23.3838
12.4121
0.184329
0.12239
12.422
0.0165718
0.159436
0.0303789
0
01:15:602: <MSG>: 
23.3838
12.4105
0.186076
0.122011
12.4221
0.0163844
0.154017
0.0240576
0
01:15:611: <MSG>: 
23.3838
12.4105
0.186076
0.121764
12.4195
0.0136536
0.14914
0.0194457
0
01:15:621: <MSG>: 
23.3838
12.4027
0.190289
0.121623
12.4156
0.00980583
0.145049
0.0163028
0
01:15:630: <MSG>: 
23.3838
12.4064
0.190204
0.121579
12.4121
0.00545862
0.141301
0.0143852
0
01:15:639: <MSG>: 
23.3838
12.4036
0.184863
0.121618
12.4067
0.000350874
0.138873
0.013867
1
01:15:649: <MSG>: 
23.3838
12.4067
0.183533
0.121675
12.4017
-0.00483615
0.136235
0.0134447
0
01:15:658: <MSG>: 
23.3838
12.4067
0.183533
0.12149
12.4003
-0.0047936
0.133815
0.0103921
0
01:15:668: <MSG>: 
23.3838
12.4048
0.18475
0.121375
12.398
-0.00659347
0.131974
0.0083474
0
01:15:677: <MSG>: 
23.3838
12.4023
0.17727
0.121351
12.3932
-0.0117899
0.129247
0.0070715
0
01:15:688: <MSG>: 
23.3838
12.4014
0.181691
0.121009
12.3947
-0.00868542
0.127433
0.00246632
0
01:15:697: <MSG>: 
23.3838
12.3996
0.17594
0.120716
12.3955
-0.00635005
0.125694
-0.00151103
0
01:15:707: <MSG>: 
23.3838
12.3996
0.17594
0.120476
12.396
-0.00476494
0.124426
-0.00468512
0
01:15:716: <MSG>: 
23.3838
12.3996
0.177205
0.120251
12.3968
-0.00319143
0.123196
-0.00766144
0
01:15:725: <MSG>: 
23.3838
12.3956
0.175304
0.120018
12.3968
-0.00198693
0.121682
-0.0107793
0
01:15:735: <MSG>: 
23.3838
12.3956
0.170775
0.11969
12.4005
0.00307845
0.120704
-0.0148225
0
01:15:744: <MSG>: 
23.3838
12.4011
0.19652
0.119304
12.405
0.0102577
0.119951
-0.0194417
0
01:15:754: <MSG>: 
23.3838
12.4011
0.19652
0.119206
12.4111
0.0185746
0.122416
-0.0195669
0
01:15:763: <MSG>: 
23.277
12.3821
0.140898
0.118962
12.4159
0.0238068
0.100063
-0.022074
0
01:15:772: <MSG>: 
23.277
12.3685
0.169935
0.118886
12.4163
0.0246867
0.100763
-0.0224926
0
01:15:782: <MSG>: 
23.277
12.3653
0.200567
0.118824
12.4189
0.0275627
0.102615
-0.0223768
0
01:15:791: <MSG>: 
23.277
12.3653
0.200567
0.118931
12.4138
0.0209194
0.10308
-0.020656
0
01:15:800: <MSG>: 
23.277
12.3796
0.152333
0.118636
12.4206
0.0285186
0.103592
-0.0238271
0
01:15:810: <MSG>: 
23.277
12.3817
0.137329
0.118154
12.4306
0.0400679
0.102862
-0.0296341
0
01:15:819: <MSG>: 
23.277
12.3786
0.178756
0.118307
12.428
0.0351738
0.104446
-0.0265164
0
01:15:828: <MSG>: 
23.277
12.371
0.170421
0.118538
12.4252
0.0306511
0.105201
-0.0225827
0
01:15:838: <MSG>: 
23.277
12.371
0.170421
0.118812
12.4262
0.0298838
0.106753
-0.0178411
0
01:15:846: <MSG>: 
23.277
12.3692
0.154024
0.119196
12.4254
0.0268739
0.10778
-0.0118052
0
01:15:856: <MSG>: 
23.277
12.3819
0.178501
0.119495
12.4231
0.0227609
0.108532
-0.00718313
0
01:15:865: <MSG>: 
23.277
12.3925
0.158806
0.119754
12.4218
0.019395
0.107212
-0.00385804
0
01:15:874: <MSG>: 
23.277
12.3925
0.158806
0.12018
12.4192
0.0151181
0.1069
0.00208433
0
01:15:884: <MSG>: 
23.277
12.3871
0.157662
0.12039
12.4139
0.0083701
0.105663
0.00455435
0
01:15:893: <MSG>: 
23.277
12.3874
0.170266
0.120814
12.4091
0.00164796
0.104557
0.0100088
0
01:15:902: <MSG>: 
23.277
12.385
0.168427
0.121475
12.4056
-0.00379486
0.100886
0.0178448
0
01:15:911: <MSG>: 
23.277
12.385
0.168427
0.121262
12.4144
0.00542255
0.101894
0.0154113
0
01:15:920: <MSG>: 
23.277
12.3825
0.154943
0.121039
12.4249
0.0164784
0.102572
0.0127807
0
01:15:929: <MSG>: 
23.277
12.3841
0.164025
0.120874
12.4357
0.0283069
0.103344
0.0108967
0
01:15:938: <MSG>: 
23.277
12.3865
0.149109
0.120545
12.4558
0.0508094
0.103899
0.00703972
0
01:15:947: <MSG>: 
23.277
12.3868
0.142927
0.120386
12.4711
0.0680003
0.104449
0.00526707
0
01:15:956: <MSG>: 
23.277
12.3868
0.142927
0.120267
12.4855
0.0832576
0.105022
0.00398584
0
01:15:965: <MSG>: 
23.277
12.3864
0.151491
0.120271
12.4862
0.0832547
0.105009
0.00398573
0
01:15:974: <MSG>: 
23.277
12.387
0.145556
0.120276
12.4869
0.0832519
0.104992
0.00398562
0
01:15:982: <MSG>: 
23.277
12.3886
0.135179
0.12028
12.4875
0.0832491
0.104973
0.00398551
0
01:15:991: <MSG>: 
23.277
12.3886
0.135179
0.120285
12.4883
0.0832465
0.104958
0.0039854
0
01:16:000: <MSG>: 
23.277
12.3925
0.154053
0.12029
12.489
0.0832435
0.10496
0.00398529
0
01:16:009: <MSG>: 
23.277
12.3928
0.141401
0.120453
12.496
0.0898928
0.105479
0.00612941
0
01:16:019: <MSG>: 
23.277
12.3928
0.141401
0.12018
12.4743
0.0646506
0.106294
0.00280946
0
01:16:028: <MSG>: 
23.277
12.3898
0.14049
0.120013
12.4569
0.0442317
0.106941
0.000813081
0
01:16:037: <MSG>: 
23.277
12.3938
0.14413
0.119828
12.439
0.0221203
0.107391
-0.00147546
0
01:16:047: <MSG>: 
23.277
12.3952
0.148042
0.119474
12.4184
-0.00306145
0.10787
-0.00581755
0
01:16:056: <MSG>: 
23.277
12.3945
0.13598
0.119097
12.3986
-0.0268684
0.108267
-0.0104362
0
01:16:065: <MSG>: 
23.277
12.3945
0.13598
0.119087
12.3984
-0.0268695
0.108225
-0.0104366
0
01:16:074: <MSG>: 
23.277
12.3933
0.140416
0.118881
12.3955
-0.0296675
0.0998063
-0.0157192
0
01:16:083: <MSG>: 
23.277
12.3939
0.143045
0.118338
12.3967
-0.0269889
0.0904351
-0.0258899
0
01:16:093: <MSG>: 
23.277
12.3951
0.140042
0.117535
12.4015
-0.0198814
0.0828382
-0.038939
0
01:16:102: <MSG>: 
23.277
12.3951
0.140042
0.116874
12.4064
-0.012731
0.0765109
-0.0494336
0
01:16:111: <MSG>: 
23.277
12.3934
0.143236
0.116433
12.4104
-0.00711227
0.0710391
-0.0564026
0
01:16:120: <MSG>: 
23.277
12.3907
0.138482
0.11587
12.4162
0.000757804
0.066394
-0.0647426
0
01:16:131: <MSG>: 
23.277
12.3847
0.142802
0.115673
12.4153
-1.91435e-05
0.0610407
-0.0679899
0
01:16:140: <MSG>: 
23.277
12.3847
0.142802
0.115456
12.4147
-0.00040055
0.0559677
-0.0714691
1
01:16:149: <MSG>: 
23.277
12.3862
0.136649
0.115585
12.4089
-0.00715254
0.0521611
-0.0698543
0
01:16:159: <MSG>: 
23.277
12.3885
0.138214
0.115595
12.4039
-0.0120765
0.0480956
-0.0699388
0
01:16:168: <MSG>: 
23.277
12.3934
0.133294
0.115311
12.4047
-0.0107071
0.0450563
-0.0737289
0
01:16:177: <MSG>: 
23.277
12.3915
0.13677
0.115029
12.4051
-0.00926832
0.0420856
-0.0773818
0
01:16:187: <MSG>: 
23.277
12.3915
0.13677
0.114775
12.4055
-0.00821636
0.0390305
-0.0806311
0
01:16:196: <MSG>: 
23.277
12.3885
0.132809
0.114377
12.4099
-0.00211079
0.0371394
-0.0855072
0
01:16:205: <MSG>: 
23.277
12.3856
0.13536
0.114119
12.4117
0.00077867
0.0353518
-0.0883166
0
01:16:215: <MSG>: 
23.277
12.3857
0.134411
0.113841
12.415
0.0056611
0.0343078
-0.0911476
0
01:16:224: <MSG>: 
23.277
12.3857
0.134411
0.113591
12.4178
0.0096648
0.0331401
-0.0935727
0
01:16:233: <MSG>: 
23.277
12.3886
0.127794
0.11336
12.4209
0.0137278
0.0320854
-0.0957561
0
01:16:243: <MSG>: 
23.277
12.3878
0.131162
0.11313
12.4225
0.0158802
0.0310324
-0.0977149
0
01:16:252: <MSG>: 
23.277
12.3926
0.12799
0.112823
12.4278
0.0217046
0.0303825
-0.100759
0
01:16:261: <MSG>: 
23.277
12.3868
0.134538
0.112565
12.4314
0.0264661
0.0298894
-0.102987
0
01:16:271: <MSG>: 
23.277
12.3868
0.134538
0.112175
12.4416
0.0385538
0.0307728
-0.106545
0
01:16:280: <MSG>: 
23.277
12.3909
0.123346
0.111753
12.4523
0.0507562
0.0310159
-0.110732
0
01:16:289: <MSG>: 
23.277
12.3889
0.128622
0.111386
12.4618
0.0623277
0.0313721
-0.114032
0
01:16:300: <MSG>: 
23.277
12.3935
0.119882
0.11117
12.4686
0.0694748
0.0316085
-0.115087
0
01:16:309: <MSG>: 
23.277
12.3895
0.125398
0.110986
12.4732
0.0738546
0.0322137
-0.115762
0
01:16:318: <MSG>: 
23.277
12.3895
0.125398
0.110851
12.4797
0.0809774
0.0332923
-0.115717
0
01:16:327: <MSG>: 
23.277
12.3913
0.122262
0.111245
12.4733
0.0710012
0.0361042
-0.108948
0
01:16:337: <MSG>: 
23.277
12.3925
0.126673
0.111613
12.4662
0.0604977
0.038892
-0.102532
0
01:16:346: <MSG>: 
23.277
12.3916
0.121925
0.112379
12.4626
0.0544977
0.0413029
-0.0916483
0
01:16:355: <MSG>: 
23.277
12.3916
0.121925
0.113051
12.4573
0.046685
0.0429794
-0.0821657
0
01:16:364: <MSG>: 
23.277
12.3935
0.121236
0.113905
12.4525
0.0394588
0.0438607
-0.0708998
0
01:16:373: <MSG>: 
23.277
12.3912
0.123367
0.114445
12.4471
0.0323711
0.0435968
-0.0638488
0
01:16:383: <MSG>: 
23.277
12.3994
0.118236
0.115088
12.444
0.0268861
0.0431981
-0.0557061
0
01:16:392: <MSG>: 
23.277
12.3907
0.120704
0.114761
12.457
0.0404818
0.0449734
-0.058838
0
01:16:401: <MSG>: 
23.277
12.3907
0.120704
0.114446
12.4726
0.056806
0.0468208
-0.0617987
0
01:16:410: <MSG>: 
23.277
12.3889
0.11306
0.11429
12.4845
0.0686874
0.048198
-0.062626
0
01:16:419: <MSG>: 
23.277
12.3849
0.117308
0.11404
12.5013
0.0869727
0.0497028
-0.064703
0
01:16:429: <MSG>: 
23.277
12.3905
0.108546
0.113721
12.5226
0.109939
0.0506969
-0.0676757
0
01:16:438: <MSG>: 
23.277
12.3905
0.108546
0.113548
12.5413
0.129283
0.0526896
-0.0684256
0
01:16:447: <MSG>: 
23.277
12.3906
0.111713
0.113408
12.5624
0.151427
0.0548466
-0.0686676
0
01:16:457: <MSG>: 
23.277
12.3911
0.106734
0.113231
12.585
0.175549
0.0561331
-0.069632
0
01:16:465: <MSG>: 
23.277
12.3926
0.110354
0.113252
12.6029
0.194059
0.0577882
-0.0678234
0
01:16:474: <MSG>: 
23.277
12.3926
0.110354
0.113273
12.6248
0.217394
0.0593548
-0.0659835
0
01:16:483: <MSG>: 
23.277
12.3923
0.106021
0.113201
12.5921
0.178476
0.0607758
-0.0657943
0
01:16:493: <MSG>: 
23.277
12.4001
0.108778
0.113145
12.561
0.140241
0.0625182
-0.0653034
0
01:16:501: <MSG>: 
23.277
12.4037
0.108562
0.113077
12.5302
0.10336
0.0642388
-0.0649959
0
01:16:510: <MSG>: 
23.277
12.4037
0.108562
0.113158
12.5093
0.0774379
0.0662003
-0.0625111
0
01:16:519: <MSG>: 
23.277
12.4215
0.111229
0.113069
12.4853
0.0477409
0.0678225
-0.0625411
0
01:16:528: <MSG>: 
23.277
12.4332
0.110528
0.112894
12.4587
0.0166413
0.0697714
-0.0636265
0
01:16:538: <MSG>: 
23.277
12.4507
0.101706
0.112903
12.4403
-0.00645396
0.0716487
-0.0621702
0
01:16:547: <MSG>: 
23.277
12.4507
0.101706
0.112605
12.4291
-0.0201328
0.0629716
-0.0673416
0
01:16:556: <MSG>: 
23.277
12.4522
0.102924
0.112413
12.4208
-0.0299385
0.055239
-0.0710093
0
01:16:565: <MSG>: 
23.277
12.4481
0.100409
0.112087
12.4136
-0.0382048
0.0473229
-0.0761637
0
01:16:575: <MSG>: 
23.277
12.4351
0.104892
0.111485
12.4088
-0.0418804
0.0397703
-0.0842581
0
01:16:584: <MSG>: 
23.277
12.4351
0.104892
0.111209
12.4016
-0.0491348
0.033512
-0.0882161
0
01:16:593: <MSG>: 
23.277
12.4301
0.10229
0.110691
12.3968
-0.0532003
0.0262578
-0.0952476
0
01:16:602: <MSG>: 
23.277
12.4237
0.110745
0.110192
12.3934
-0.055559
0.0200691
-0.101653
0
01:16:612: <MSG>: 
23.277
12.4225
0.0993263
0.109897
12.3895
-0.0593215
0.0144207
-0.105449
0
01:16:621: <MSG>: 
23.277
12.4199
0.102366
0.109685
12.385
-0.0641944
0.00908458
-0.108196
0
01:16:630: <MSG>: 
23.277
12.4199
0.102366
0.10956
12.3799
-0.0695809
0.00444176
-0.109656
1
01:16:639: <MSG>: 
23.277
12.4147
0.0960196
0.109364
12.3753
-0.0733124
0.000728152
-0.111672
0
01:16:648: <MSG>: 
23.277
12.4143
0.0972074
0.109331
12.3694
-0.0796934
-0.00251409
-0.111659
0
01:16:658: <MSG>: 
23.277
12.4093
0.0961459
0.109064
12.3655
-0.0830515
-0.00608679
-0.114482
0
01:16:667: <MSG>: 
23.277
12.4093
0.0961459
0.108809
12.3617
-0.087003
-0.00965241
-0.117127
0
01:16:676: <MSG>: 
23.277
12.411
0.0933622
0.108699
12.3558
-0.0941868
-0.013029
-0.118023
0
01:16:686: <MSG>: 
23.277
12.4054
0.094242
0.108354
12.3524
-0.0975027
-0.0166095
-0.121639
0
01:16:695: <MSG>: 
23.277
12.4046
0.0863219
0.107783
12.353
-0.0963726
-0.0201119
-0.128071
0
01:16:705: <MSG>: 
23.277
12.4008
0.0901596
0.107449
12.3507
-0.0993892
-0.0224768
-0.131213
0
01:16:714: <MSG>: 
23.277
12.4008
0.0901596
0.107142
12.3478
-0.10352
-0.0247969
-0.134016
0
01:16:723: <MSG>: 
23.277
12.3961
0.0779583
0.106099
12.3522
-0.0991498
-0.0300614
-0.146728
0
01:16:732: <MSG>: 
23.277
12.4067
0.136265
0.105864
12.3497
-0.104301
-0.0303429
-0.148001
0
01:16:742: <MSG>: 
23.3731
12.3877
0.0648501
0.105589
12.3461
-0.111101
-0.0112407
-0.150115
0
01:16:751: <MSG>: 
23.3731
12.3877
0.0648501
0.10549
12.3406
-0.120289
-0.011715
-0.149611
0
01:16:760: <MSG>: 
23.3731
12.3608
0.104274
0.105281
12.3389
-0.125023
-0.0107081
-0.150173
0
01:16:769: <MSG>: 
23.3731
12.3352
0.124951
0.106007
12.3199
-0.151128
-0.00786661
-0.138186
0
01:16:779: <MSG>: 
23.3731
12.3466
0.074628
0.105838
12.3156
-0.160807
-0.00678715
-0.138332
0
01:16:788: <MSG>: 
23.3731
12.3466
0.074628
0.105903
12.3068
-0.176009
-0.00442498
-0.135197
0
01:16:797: <MSG>: 
23.3731
12.3547
0.0574774
0.105555
12.3023
-0.186181
-0.00416322
-0.137957
0
01:16:806: <MSG>: 
23.3731
12.3599
0.0928288
0.10565
12.2901
-0.2061
-0.00307734
-0.134762
0
01:16:815: <MSG>: 
23.3731
12.3532
0.0931673
0.105612
12.2786
-0.224445
-0.00228334
-0.133372
0
01:16:825: <MSG>: 
23.3731
12.3489
0.0845376
0.105433
12.2719
-0.237985
-0.000401322
-0.133514
0
01:16:835: <MSG>: 
23.3731
12.3489
0.0845376
0.105307
12.2609
-0.256594
0.000526065
-0.133058
0
01:16:844: <MSG>: 
23.3731
12.356
0.130049
0.105358
12.2491
-0.276955
0.0034617
-0.13001
0
01:16:853: <MSG>: 
23.3731
12.3554
0.100392
0.105159
12.2434
-0.290317
0.00610165
-0.130276
0
01:16:863: <MSG>: 
23.3731
12.3435
0.105606
0.104991
12.2355
-0.306373
0.00906469
-0.13006
0
01:16:872: <MSG>: 
23.3731
12.3372
0.112665
0.104971
12.2248
-0.326469
0.0121356
-0.127872
0
01:16:881: <MSG>: 
23.3731
12.3372
0.112665
0.104945
12.2135
-0.34712
0.015173
-0.125763
0
01:16:890: <MSG>: 
23.3731
12.3339
0.116038
0.104881
12.2039
-0.366451
0.0187017
-0.124054
0
01:16:900: <MSG>: 
23.3731
12.3339
0.102567
0.10493
12.1909
-0.389593
0.0220877
-0.120875
0
01:16:909: <MSG>: 
23.3731
12.3328
0.110082
0.104832
12.1805
-0.409895
0.0251947
-0.119787
0
01:16:919: <MSG>: 
23.3731
12.3328
0.110082
0.104811
12.1695
-0.430981
0.0288166
-0.117586
0
01:16:928: <MSG>: 
23.3731
12.3291
0.101243
0.104841
12.1554
-0.455887
0.0320404
-0.114727
0
01:16:937: <MSG>: 
23.3731
12.3226
0.101254
0.104891
12.1412
-0.481371
0.0352826
-0.111789
0
01:16:946: <MSG>: 
23.3731
12.3125
0.106741
0.104973
12.126
-0.50776
0.0387749
-0.108253
0
01:16:956: <MSG>: 
23.3731
12.3125
0.106741
0.104897
12.1141
-0.530566
0.041525
-0.107172
0
01:16:965: <MSG>: 
23.3731
12.3011
0.104128
0.105883
11.9845
-0.685195
0.0427515
-0.0925235
0
01:16:973: <MSG>: 
23.3731
12.2903
0.0995245
0.106659
12.0046
-0.658914
0.0506054
-0.0767437
0
01:16:983: <MSG>: 
23.3731
12.2799
0.113947
0.107156
12.0228
-0.63541
0.0573755
-0.0658207
0
01:16:992: <MSG>: 
23.3731
12.2632
0.107618
0.107628
12.0402
-0.613587
0.0638425
-0.0556819
0
01:17:001: <MSG>: 
23.3731
12.2632
0.107618
0.108146
12.0587
-0.591271
0.0704356
-0.0449868
0
01:17:010: <MSG>: 
23.3731
12.2478
0.102958
0.10869
12.0777
-0.569323
0.0766963
-0.0341567
0
01:17:020: <MSG>: 
23.3731
12.2257
0.108085
0.109173
12.0948
-0.548687
0.0822893
-0.0245547
0
01:17:029: <MSG>: 
23.3731
12.1838
0.108388
0.109574
12.1123
-0.530068
0.0877815
-0.0164931
0
01:17:039: <MSG>: 
23.3731
12.1838
0.108388
0.110048
12.1307
-0.50992
0.0929936
-0.00756291
0
01:17:048: <MSG>: 
23.3731
12.1423
0.110323
0.110506
12.1467
-0.493343
0.0976101
0.000800109
0
01:17:057: <MSG>: 
23.3731
12.1251
0.119668
0.110938
12.1622
-0.478466
0.102026
0.00853387
0
01:17:066: <MSG>: 
23.3731
12.1213
0.12188
0.111376
12.1762
-0.465139
0.106843
0.016328
0
01:17:075: <MSG>: 
23.3731
12.1213
0.12188
0.11179
12.1897
-0.4537
0.11144
0.0235903
0
01:17:084: <MSG>: 
23.3731
12.1293
0.113352
0.112166
12.2018
-0.44405
0.115508
0.0299736
0
01:17:093: <MSG>: 
23.3731
12.1409
0.116794
0.112451
12.2135
-0.435014
0.119633
0.0349609
0
01:17:102: <MSG>: 
23.3731
12.1499
0.119935
0.112827
12.2246
-0.427116
0.123495
0.0410835
0
01:17:111: <MSG>: 
23.3731
12.1499
0.119935
0.113116
12.2346
-0.420845
0.12699
0.0457692
0
01:17:120: <MSG>: 
23.3731
12.1552
0.117476
0.1134
12.2437
-0.41538
0.130339
0.050204
0
01:17:130: <MSG>: 
23.3731
12.1538
0.123928
0.113694
12.2516
-0.411325
0.133749
0.0547012
0
01:17:139: <MSG>: 
23.3731
12.1608
0.118889
0.114041
12.2594
-0.408561
0.136174
0.0596031
0
01:17:149: <MSG>: 
23.3731
12.165
0.125221
0.11446
12.2652
-0.407613
0.138109
0.065203
0
01:17:158: <MSG>: 
23.3731
12.165
0.125221
0.114856
12.2712
-0.40737
0.140299
0.0705502
0
01:17:167: <MSG>: 
23.3731
12.1751
0.126485
0.115291
12.276
-0.408449
0.142398
0.0762349
0
01:17:176: <MSG>: 
23.3731
12.1806
0.127263
0.115602
12.2795
-0.41073
0.144242
0.0800878
0
01:17:185: <MSG>: 
23.3731
12.1891
0.12114
0.115881
12.2829
-0.413622
0.14568
0.0832137
0
01:17:194: <MSG>: 
23.3731
12.1891
0.12114
0.116291
12.2852
-0.417677
0.145928
0.0877549
0
01:17:204: <MSG>: 
23.3731
12.1917
0.127494
0.116514
12.2855
-0.423626
0.14792
0.09017
0
01:17:215: <MSG>: 
23.3731
12.201
0.117294
0.116522
12.2848
-0.430261
0.14945
0.0891501
0
01:17:225: <MSG>: 
23.3731
12.2049
0.12328
0.116915
12.2838
-0.436603
0.150308
0.0933459
0
01:17:235: <MSG>: 
23.3731
12.2119
0.121419
0.117198
12.2823
-0.444286
0.15108
0.0959963
0
01:17:244: <MSG>: 
23.3731
12.2109
0.128207
0.117504
12.2799
-0.453157
0.15245
0.0992897
0
01:17:253: <MSG>: 
23.3731
12.2109
0.128207
0.11774
12.2763
-0.463021
0.153425
0.101368
0
01:17:262: <MSG>: 
23.3731
12.211
0.121891
0.117943
12.2715
-0.473933
0.154071
0.102804
0
01:17:271: <MSG>: 
23.3731
12.2124
0.128147
0.118033
12.2656
-0.486124
0.154909
0.102826
0
01:17:281: <MSG>: 
23.3731
12.2112
0.129317
0.118434
12.2578
-0.500176
0.155378
0.10678
0
01:17:290: <MSG>: 
23.3731
12.2112
0.129317
0.118728
12.2484
-0.516111
0.156137
0.109327
0
01:17:300: <MSG>: 
23.3731
12.2238
0.123116
0.118985
12.2385
-0.532743
0.156342
0.111086
0
01:17:311: <MSG>: 
23.3731
12.2314
0.123331
0.119243
12.2262
-0.55029
0.156542
0.112612
0
01:17:322: <MSG>: 
23.3731
12.233
0.124719
0.119513
12.2129
-0.568638
0.156624
0.114296
0
01:17:331: <MSG>: 
23.3731
12.2351
0.12132
0.119733
12.2001
-0.58753
0.156137
0.115411
0
01:17:339: <MSG>: 
23.3731
12.2351
0.12132
0.11985
12.1859
-0.607695
0.155899
0.115253
0
01:17:349: <MSG>: 
23.3731
12.2382
0.121716
0.120201
12.1723
-0.62662
0.155169
0.117898
0
01:17:358: <MSG>: 
23.3731
12.2348
0.123928
0.120573
12.1585
-0.645132
0.154319
0.120759
0
01:17:367: <MSG>: 
23.3731
12.2291
0.119934
0.120718
12.1421
-0.665865
0.153931
0.120778
0
01:17:376: <MSG>: 
23.3731
12.2251
0.121695
0.120739
12.1239
-0.688237
0.153943
0.11931
0
01:17:385: <MSG>: 
23.3731
12.2251
0.121695
0.120792
12.1052
-0.710871
0.153754
0.118228
0
01:17:395: <MSG>: 
23.3731
12.2223
0.122815
0.120821
12.0849
-0.734301
0.153584
0.116749
0
01:17:404: <MSG>: 
23.3731
12.2174
0.118631
0.120808
12.0651
-0.757736
0.152816
0.114762
0
01:17:413: <MSG>: 
23.3731
12.1898
0.114643
0.120777
12.0437
-0.781626
0.151751
0.112376
0
01:17:422: <MSG>: 
23.3731
12.1898
0.114643
0.12076
12.0248
-0.802292
0.15052
0.110264
0
01:17:432: <MSG>: 
23.3731
12.1414
0.120329
0.120775
12.003
-0.825273
0.14951
0.108566
0
01:17:441: <MSG>: 
23.3731
12.1166
0.127874
0.120852
11.9798
-0.84966
0.14885
0.10773
0
01:17:451: <MSG>: 
23.3731
12.1154
0.126761
0.120742
11.9531
-0.87783
0.149321
0.104916
0
01:17:460: <MSG>: 
23.3731
12.1154
0.126761
0.120626
11.9256
-0.907152
0.149566
0.102105
0
01:17:470: <MSG>: 
23.3731
12.1223
0.12267
0.120486
11.8959
-0.937356
0.149558
0.0987492
1
01:17:479: <MSG>: 
23.3731
12.1294
0.114424
0.120302
11.8684
-0.965459
0.148773
0.0948691
0
01:17:488: <MSG>: 
23.3731
12.1278
0.111938
0.120109
11.8406
-0.993798
0.147589
0.0908352
0
01:17:498: <MSG>: 
23.3731
12.1143
0.113487
0.119949
11.8115
-1.0225
0.146392
0.0871791
0
01:17:507: <MSG>: 
23.3731
12.1143
0.113487
0.119781
11.7825
-1.05026
0.145116
0.0834563
0
01:17:516: <MSG>: 
23.3731
12.0919
0.10843
0.119388
11.749
-1.08276
0.144134
0.0770545
0
01:17:525: <MSG>: 
23.3731
12.0704
0.109661
0.119142
11.7173
-1.1136
0.143242
0.0727113
0
01:17:535: <MSG>: 
23.3731
12.041
0.108414
0.118722
11.6819
-1.14768
0.141976
0.0660737
0
01:17:544: <MSG>: 
23.3731
12.041
0.108414
0.118317
11.6481
-1.17879
0.140712
0.0596964
0
01:17:553: <MSG>: 
23.3731
12.0019
0.110984
0.117964
11.6145
-1.20949
0.139439
0.0540941
0
01:17:563: <MSG>: 
23.3731
11.961
0.109909
0.117631
11.5794
-1.2417
0.138554
0.0489524
0
01:17:572: <MSG>: 
23.3731
11.92
0.109191
0.117326
11.5431
-1.27463
0.137516
0.0441512
0
01:17:582: <MSG>: 
23.3731
11.8788
0.109238
0.117034
11.5057
-1.30831
0.136345
0.0395337
0
01:17:591: <MSG>: 
23.3731
11.8788
0.109238
0.116627
11.4685
-1.34201
0.135508
0.0336756
0
01:17:600: <MSG>: 
23.3731
11.8369
0.108926
0.116174
11.4284
-1.37873
0.134828
0.0273656
0
01:17:609: <MSG>: 
23.3731
11.7967
0.106886
0.115837
11.3887
-1.41421
0.134155
0.022578
0
01:17:619: <MSG>: 
23.3731
11.7548
0.103593
0.115377
11.3455
-1.4526
0.13358
0.0163263
0
01:17:628: <MSG>: 
23.3731
11.7062
0.102508
0.114936
11.302
-1.49162
0.132835
0.0103369
0
01:17:638: <MSG>: 
23.3731
11.7062
0.102508
0.114563
11.257
-1.52283
0.120283
0.00260199
0
01:17:647: <MSG>: 
23.3731
11.6543
0.098984
0.113722
11.2239
-1.54228
0.106157
-0.010151
0
01:17:656: <MSG>: 
23.3731
11.6075
0.0978727
0.113495
11.1992
-1.55086
0.0949164
-0.0156361
0
01:17:665: <MSG>: 
23.3731
11.5625
0.0952324
0.113228
11.1845
-1.54822
0.0834417
-0.0214881
0
01:17:674: <MSG>: 
23.3731
11.5625
0.0952324
0.112886
11.18
-1.53524
0.0719526
-0.0280455
0
01:17:684: <MSG>: 
23.3731
11.5097
0.0933082
0.112413
11.1787
-1.51864
0.060096
-0.0359518
0
01:17:693: <MSG>: 
23.3731
11.4524
0.0944974
0.111868
11.1813
-1.49863
0.0485193
-0.0444299
0
01:17:703: <MSG>: 
23.3731
11.3981
0.0943712
0.111527
11.1861
-1.47661
0.0382416
-0.0503125
0
01:17:711: <MSG>: 
23.3731
11.3452
0.0944076
0.111217
11.1944
-1.45216
0.0280779
-0.0558067
0
01:17:721: <MSG>: 
23.3731
11.3452
0.0944076
0.110938
11.2063
-1.42326
0.0180855
-0.0608392
0
01:17:730: <MSG>: 
23.3731
11.3025
0.0967625
0.110625
11.2193
-1.39328
0.00844445
-0.0660471
0
01:17:741: <MSG>: 
23.3731
11.2783
0.0970657
0.110354
11.2329
-1.36299
-0.000957687
-0.0706508
0
01:17:749: <MSG>: 
23.3731
11.2696
0.097831
0.110215
11.2488
-1.33226
-0.0102504
-0.0738314
0
01:17:758: <MSG>: 
23.3731
11.2696
0.097831
0.109855
11.2669
-1.30014
-0.0193037
-0.0793617
0
01:17:768: <MSG>: 
23.3731
11.2703
0.0934685
0.109765
11.239
-1.33256
-0.0164061
-0.0788235
0
01:17:778: <MSG>: 
23.3731
11.2771
0.0900359
0.10968
11.2138
-1.36241
-0.0137325
-0.0783723
0
01:17:787: <MSG>: 
23.3731
11.2801
0.0902519
0.109493
11.1847
-1.39561
-0.0106219
-0.0793121
0
01:17:796: <MSG>: 
23.3731
11.2793
0.0875668
0.109275
11.1551
-1.42759
-0.00776684
-0.0806744
0
01:17:805: <MSG>: 
23.3731
11.2793
0.0875668
0.109346
11.1384
-1.44583
-0.00495437
-0.0778955
0
01:17:814: <MSG>: 
23.3731
11.2761
0.0865366
0.109341
11.116
-1.46877
-0.00189867
-0.0761621
0
01:17:823: <MSG>: 
23.3731
11.2775
0.0851562
0.109387
11.0991
-1.48472
0.000528052
-0.073835
0
01:17:832: <MSG>: 
23.3731
11.2751
0.0846801
0.109379
11.0806
-1.50174
0.00326037
-0.0722822
0
01:17:841: <MSG>: 
23.3731
11.2751
0.0846801
0.109364
11.0613
-1.51834
0.00594037
-0.0708534
0
01:17:851: <MSG>: 
23.3731
11.2678
0.0820949
0.109228
11.0371
-1.53896
0.00829545
-0.0712138
0
01:17:860: <MSG>: 
23.3731
11.2605
0.0794963
0.109088
11.0144
-1.55775
0.0104455
-0.0716879
0
01:17:869: <MSG>: 
23.3731
11.2478
0.0757272
0.108939
10.9922
-1.57536
0.012349
-0.0723727
0
01:17:879: <MSG>: 
23.3731
11.2478
0.0757272
0.108864
10.9779
-1.58249
0.0137828
-0.0720408
0
01:17:888: <MSG>: 
23.3731
11.2271
0.0743991
0.108898
10.9723
-1.58047
0.0146458
-0.0703438
0
01:17:897: <MSG>: 
23.3731
11.2067
0.0736052
0.108577
10.9469
-1.59924
0.015812
-0.0736668
0
01:17:905: <MSG>: 
23.3731
11.1831
0.0705334
0.108474
10.9345
-1.60417
0.0164501
-0.0740069
0
01:17:915: <MSG>: 
23.3731
11.1831
0.0705334
0.108361
10.921
-1.60759
0.0170973
-0.0743793
0
01:17:924: <MSG>: 
23.3731
11.1535
0.0704217
0.108046
10.8976
-1.62151
0.0180817
-0.0775595
0
01:17:933: <MSG>: 
23.3731
11.1223
0.0677494
0.107949
10.8855
-1.6237
0.018634
-0.0777625
1
01:17:942: <MSG>: 
23.3731
11.0993
0.0667173
0.107971
10.9162
-1.57741
0.01864
-0.076145
0
01:17:951: <MSG>: 
23.3731
11.0721
0.0623386
0.107978
10.9478
-1.53092
0.0184559
-0.0748847
0
01:17:960: <MSG>: 
23.3731
11.0721
0.0623386
0.107894
10.9891
-1.47164
0.0184924
-0.0747264
0
01:17:970: <MSG>: 
23.3731
11.0488
0.0630377
0.107696
10.9723
-1.47628
0.0192205
-0.0762906
0
01:17:978: <MSG>: 
23.3731
11.0284
0.0614972
0.107589
10.9614
-1.47485
0.0195416
-0.0766929
0
01:17:988: <MSG>: 
23.3731
11.0098
0.0610993
0.107479
11.0052
-1.41184
0.0191761
-0.0769863
0
01:17:997: <MSG>: 
23.3731
11.0098
0.0610993
0.107359
11.0498
-1.34826
0.0189402
-0.0774104
0
01:18:006: <MSG>: 
23.3731
11.001
0.0650805
0.107279
11.0397
-1.34388
0.0195863
-0.0772426
0
01:18:016: <MSG>: 
23.3731
11.0079
0.0641691
0.107178
11.0859
-1.27751
0.0196366
-0.0772657
0
01:18:025: <MSG>: 
23.3731
11.0146
0.0593289
0.107077
11.1333
-1.20977
0.019488
-0.0773103
0
01:18:034: <MSG>: 
23.3731
11.0146
0.0593289
0.106955
11.1811
-1.14169
0.0194598
-0.0776715
0
01:18:043: <MSG>: 
23.3731
11.015
0.058383
0.10684
11.2307
-1.07186
0.0194852
-0.0779158
0
01:18:052: <MSG>: 
23.3731
11.0194
0.0592617
0.106757
11.2803
-1.00185
0.0196637
-0.0776518
0
01:18:062: <MSG>: 
23.3731
11.0216
0.0586875
0.106666
11.331
-0.930391
0.0198925
-0.0774463
0
01:18:071: <MSG>: 
23.3731
11.0216
0.0586875
0.106537
11.3844
-0.856219
0.0202252
-0.0777642
0
01:18:079: <MSG>: 
23.3731
11.0283
0.0584665
0.106331
11.4421
-0.777182
0.0204131
-0.0791857
0
01:18:089: <MSG>: 
23.3731
11.0439
0.0594667
0.106249
11.4931
-0.705545
0.0210064
-0.0787291
0
01:18:098: <MSG>: 
23.3731
11.0702
0.0638307
0.106189
11.5454
-0.632396
0.0219902
-0.0778486
0
01:18:107: <MSG>: 
23.3731
11.0702
0.0638307
0.106119
11.5984
-0.559195
0.0230498
-0.0771465
0
01:18:116: <MSG>: 
23.3731
11.1071
0.0643728
0.106076
11.6505
-0.487269
0.0242917
-0.0760889
0
01:18:125: <MSG>: 
23.3731
11.1495
0.0643263
0.106032
11.7026
-0.414808
0.0255812
-0.0749348
0
01:18:134: <MSG>: 
23.3731
11.2087
0.0650788
0.105998
11.753
-0.344092
0.0270143
-0.0736481
0
01:18:143: <MSG>: 
23.3731
11.2087
0.0650788
0.10599
11.7452
-0.335851
0.0285556
-0.0722632
0
01:18:152: <MSG>: 
23.3731
11.2692
0.0649565
0.105973
11.7979
-0.262642
0.0300615
-0.0707831
0
01:18:161: <MSG>: 
23.3731
11.3303
0.0648494
0.105941
11.8532
-0.186286
0.031626
-0.0694801
0
01:18:171: <MSG>: 
23.3731
11.3964
0.0675924
0.105947
11.9071
-0.111402
0.0334286
-0.0675677
0
01:18:180: <MSG>: 
23.3731
11.4692
0.0684163
0.105915
11.9627
-0.0344683
0.0348528
-0.0663016
0
01:18:189: <MSG>: 
23.3731
11.4692
0.0684163
0.105804
12.0229
0.0471709
0.0365131
-0.0660149
0
01:18:198: <MSG>: 
23.3731
11.536
0.0611409
0.10565
12.0855
0.131946
0.0379228
-0.0664539
0
01:18:208: <MSG>: 
23.3731
11.59
0.0643768
0.105619
12.1413
0.208867
0.0392703
-0.0651846
0
01:18:216: <MSG>: 
23.3731
11.6402
0.068802
0.105596
12.1971
0.286322
0.0409661
-0.0637753
0
01:18:226: <MSG>: 
23.3731
11.6402
0.068802
0.105592
12.2524
0.362142
0.0426112
-0.0620613
0
01:18:235: <MSG>: 
23.3731
11.6974
0.0714355
0.105609
12.3079
0.438232
0.0445351
-0.0600345
0
01:18:244: <MSG>: 
23.3731
11.7599
0.0747038
0.105638
12.3626
0.513912
0.0466273
-0.0578037
0
01:18:254: <MSG>: 
23.3731
11.8279
0.0735938
0.105669
12.3679
0.539027
0.0482616
-0.0558881
0
01:18:262: <MSG>: 
23.3731
11.8279
0.0735938
0.105793
12.3771
0.566441
0.0496327
-0.0528437
0
01:18:272: <MSG>: 
23.3731
11.9107
0.0744354
0.10592
12.3892
0.59775
0.0510484
-0.0497623
0
01:18:281: <MSG>: 
23.3731
11.9939
0.0731999
0.105908
12.4521
0.683471
0.0524727
-0.0483707
0
01:18:290: <MSG>: 
23.3731
12.077
0.0705586
0.105885
12.516
0.770654
0.053723
-0.0471714
0
01:18:300: <MSG>: 
23.3731
12.077
0.0705586
0.105886
12.5239
0.797491
0.0548784
-0.0458104
0
01:18:309: <MSG>: 
23.3731
12.1544
0.0657708
0.105844
12.5366
0.831585
0.0552886
-0.045379
0
01:18:319: <MSG>: 
23.3731
12.2136
0.0607898
0.105776
12.5523
0.869916
0.0553373
-0.0453743
0
01:18:328: <MSG>: 
23.3731
12.2527
0.0612385
0.105621
12.5676
0.909958
0.0555218
-0.0464785
0
01:18:336: <MSG>: 
23.3731
12.2842
0.060981
0.105548
12.5866
0.953514
0.055439
-0.04652
0
01:18:345: <MSG>: 
23.3731
12.2842
0.060981
0.105485
12.6075
0.998542
0.0553037
-0.0464114
0
01:18:354: <MSG>: 
23.3731
12.317
0.0559575
0.105304
12.6276
1.04416
0.0550077
-0.0479332
0
01:18:363: <MSG>: 
23.3731
12.3467
0.0558647
0.105134
12.6484
1.09033
0.0546709
-0.0492953
0
01:18:372: <MSG>: 
23.3731
12.37
0.0547375
0.104963
12.6708
1.13874
0.0542326
-0.0506822
0
01:18:381: <MSG>: 
23.3731
12.37
0.0547375
0.104787
12.6938
1.18744
0.0537334
-0.0521152
0
01:18:390: <MSG>: 
23.3731
12.3885
0.0547832
0.104586
12.7192
1.23819
0.0532296
-0.053794
0
01:18:399: <MSG>: 
23.3731
12.4052
0.0543866
0.104389
12.7464
1.29111
0.0526644
-0.0554083
0
01:18:408: <MSG>: 
23.3731
12.4273
0.0552584
0.104207
12.7736
1.34379
0.0521337
-0.0568046
0
01:18:417: <MSG>: 
23.3731
12.4273
0.0552584
0.103937
12.7989
1.39484
0.051759
-0.059319
0
01:18:426: <MSG>: 
23.3731
12.4522
0.0573837
0.104075
12.7495
1.3266
0.0486462
-0.058362
0
01:18:436: <MSG>: 
23.3731
12.4769
0.0613378
0.104054
12.7047
1.26616
0.0452343
-0.0590449
0
01:18:445: <MSG>: 
23.3731
12.5058
0.0631468
0.104002
12.6644
1.21325
0.041871
-0.0600068
0
01:18:454: <MSG>: 
23.3731
12.5058
0.0631468
0.103846
12.6258
1.16446
0.0384008
-0.0620405
0
01:18:464: <MSG>: 
23.3731
12.5427
0.0605077
0.103462
12.5933
1.12382
0.0346704
-0.0664274
0
01:18:474: <MSG>: 
23.3731
12.5784
0.0582129
0.103097
12.5663
1.09073
0.0310999
-0.0704808
0
01:18:483: <MSG>: 
23.3731
12.6048
0.0535374
0.102859
12.5428
1.0645
0.0275261
-0.0732222
0
01:18:492: <MSG>: 
23.3731
12.6048
0.0535374
0.10257
12.5224
1.04252
0.0238248
-0.076473
0
01:18:502: <MSG>: 
23.3731
12.6137
0.0507006
0.10254
12.5063
1.02625
0.0207054
-0.0766997
0
01:18:511: <MSG>: 
23.3731
12.6039
0.0486296
0.102417
12.4929
1.01433
0.01754
-0.0779349
0
01:18:521: <MSG>: 
23.3731
12.5872
0.0484329
0.102419
12.4826
1.00671
0.0144977
-0.0777502
0
01:18:530: <MSG>: 
23.3731
12.5723
0.0476105
0.102224
12.4749
1.00275
0.0115228
-0.0797185
0
01:18:539: <MSG>: 
23.3731
12.5723
0.0476105
0.102148
12.4693
1.00179
0.00932564
-0.0801509
0
01:18:548: <MSG>: 
23.3731
12.563
0.0467866
0.102097
12.4659
1.00279
0.00627631
-0.0804494
0
01:18:557: <MSG>: 
23.3731
12.5572
0.0479628
0.101746
12.4658
1.00971
0.00376604
-0.0840701
0
01:18:566: <MSG>: 
23.3731
12.5505
0.0469728
0.101734
12.4654
1.01509
0.00110926
-0.0838134
1
01:18:576: <MSG>: 
23.3731
12.5505
0.0469728
0.101793
12.4671
1.02201
-0.00144906
-0.0826093
0
01:18:585: <MSG>: 
23.3731
12.541
0.0452832
0.102292
12.467
1.02617
-0.0037028
-0.0760964
0
01:18:594: <MSG>: 
23.3731
12.5349
0.0444264
0.102512
12.4706
1.03482
-0.00568996
-0.0728755
0
01:18:604: <MSG>: 
23.3731
12.5307
0.0420982
0.102516
12.4771
1.04658
-0.00718702
-0.0721065
0
01:18:613: <MSG>: 
23.3731
12.5282
0.0422083
0.102714
12.4827
1.05562
-0.00949232
-0.0691973
0
01:18:623: <MSG>: 
23.3731
12.5282
0.0422083
0.102806
12.4902
1.0669
-0.0115082
-0.0675381
0
01:18:632: <MSG>: 
23.3731
12.5286
0.0411232
0.102811
12.4989
1.07991
-0.013239
-0.0669127
0
01:18:641: <MSG>: 
23.3731
12.5296
0.0384739
0.10286
12.5086
1.09246
-0.0146839
-0.0656263
0
01:18:651: <MSG>: 
23.3731
12.5309
0.0349444
0.102986
12.5177
1.10266
-0.0167861
-0.0635483
0
01:18:660: <MSG>: 
23.3731
12.5309
0.0349444
0.103005
12.528
1.11475
-0.0184991
-0.0627768
0
01:18:669: <MSG>: 
23.3731
12.5295
0.0356724
0.102796
12.5421
1.13008
-0.0199498
-0.0647062
0
01:18:679: <MSG>: 
23.3731
12.5294
0.0376758
0.102762
12.5542
1.1416
-0.0211266
-0.0643555
0
01:18:689: <MSG>: 
23.3731
12.5325
0.0373453
0.102711
12.5663
1.15242
-0.0223403
-0.064233
0
01:18:698: <MSG>: 
23.3731
12.5353
0.033567
0.102659
12.5778
1.16185
-0.0237874
-0.0642138
0
01:18:708: <MSG>: 
23.3731
12.5353
0.033567
0.102619
12.5885
1.16977
-0.0252194
-0.0640848
0
01:18:716: <MSG>: 
23.3731
12.5367
0.0342702
0.102579
12.5982
1.17634
-0.0265766
-0.0639704
0
01:18:725: <MSG>: 
23.3731
12.5362
0.0382192
0.102575
12.6072
1.1809
-0.0276826
-0.0633186
0
01:18:735: <MSG>: 
23.3731
12.5365
0.0358112
0.102459
12.618
1.1866
-0.0285477
-0.0640245
0
01:18:744: <MSG>: 
23.3731
12.537
0.0346054
0.102351
12.6276
1.19025
-0.0294726
-0.0646505
0
01:18:753: <MSG>: 
23.3731
12.537
0.0346054
0.102241
12.6358
1.19205
-0.0303177
-0.0653526
0
01:18:763: <MSG>: 
23.3731
12.5376
0.0361506
0.10213
12.6447
1.19192
-0.0311364
-0.0658865
0
01:18:772: <MSG>: 
23.3731
12.5422
0.0377703
0.102037
12.6513
1.19028
-0.031724
-0.0662798
0
01:18:782: <MSG>: 
23.3731
12.5421
0.0367845
0.101941
12.657
1.18645
-0.0323598
-0.0666967
0
01:18:792: <MSG>: 
23.3731
12.5421
0.0367845
0.10185
12.6618
1.18035
-0.0329819
-0.0670126
0
01:18:802: <MSG>: 
23.3731
12.5474
0.0387556
0.101775
12.6658
1.17222
-0.0334943
-0.0670431
0
01:18:811: <MSG>: 
23.3731
12.5514
0.0366274
0.101701
12.6678
1.16204
-0.0340603
-0.0671447
0
01:18:820: <MSG>: 
23.3731
12.5546
0.0372835
0.10164
12.6679
1.15004
-0.034487
-0.0671136
0
01:18:830: <MSG>: 
23.3731
12.5533
0.0379241
0.101575
12.6673
1.1362
-0.0348487
-0.0670904
0
01:18:839: <MSG>: 
23.3731
12.5533
0.0379241
0.101522
12.6652
1.12025
-0.0351801
-0.0669145
0
01:18:848: <MSG>: 
23.3731
12.5562
0.0373685
0.101473
12.662
1.10265
-0.0354787
-0.0666756
0
01:18:857: <MSG>: 
23.3731
12.5573
0.0357255
0.1015
12.6549
1.08072
-0.0361699
-0.065589
0
01:18:867: <MSG>: 
23.3731
12.5589
0.0365468
0.101539
12.6469
1.05706
-0.0367907
-0.0643059
0
01:18:876: <MSG>: 
23.3731
12.5605
0.0363513
0.101575
12.638
1.03211
-0.0373568
-0.0630569
0
01:18:885: <MSG>: 
23.3731
12.5605
0.0363513
0.101615
12.6275
1.00567
-0.0378552
-0.0617986
0
01:18:894: <MSG>: 
23.3731
12.5629
0.0357367
0.101562
12.6184
0.980889
-0.0379795
-0.0617372
0
01:18:904: <MSG>: 
23.3731
12.5628
0.0364478
0.101516
12.6086
0.955153
-0.0380188
-0.0615426
0
01:18:913: <MSG>: 
23.3731
12.5607
0.0356603
0.101562
12.5955
0.925277
-0.038404
-0.060181
0
01:18:922: <MSG>: 
23.3731
12.5607
0.0356603
0.10161
12.5807
0.894473
-0.0386966
-0.0588739
0
01:18:931: <MSG>: 
23.3731
12.5603
0.0365972
0.101664
12.5658
0.86274
-0.0389143
-0.0574318
0
01:18:940: <MSG>: 
23.3731
12.5594
0.0372068
0.10171
12.5499
0.83059
-0.0389973
-0.0561321
0
01:18:950: <MSG>: 
23.3731
12.558
0.0359422
0.101747
12.5337
0.797539
-0.0391391
-0.0549269
0
01:18:959: <MSG>: 
23.3731
12.558
0.0359422
0.101792
12.5167
0.764188
-0.0392352
-0.0536583
0
01:18:968: <MSG>: 
23.3731
12.5564
0.0362086
0.101843
12.4989
0.729971
-0.0392508
-0.0523161
0
01:18:977: <MSG>: 
23.3731
12.5556
0.0327045
0.101967
12.478
0.692981
-0.0397257
-0.0501794
0
01:18:987: <MSG>: 
23.3731
12.5542
0.0330843
0.102089
12.4573
0.65581
-0.0401527
-0.0480348
0
01:18:996: <MSG>: 
23.3731
12.5524
0.0340028
0.102153
12.4364
0.619085
-0.0409633
-0.0468732
0
01:19:005: <MSG>: 
23.3731
12.5524
0.0340028
0.102219
12.4154
0.582335
-0.0417197
-0.0456767
0
01:19:014: <MSG>: 
23.3731
12.5531
0.0321726
0.102282
12.3944
0.545944
-0.042521
-0.0445487
0
01:19:024: <MSG>: 
23.3731
12.5487
0.0323637
0.102426
12.3717
0.507879
-0.0435703
-0.0423979
0
01:19:033: <MSG>: 
23.3731
12.5398
0.0320526
0.102563
12.3486
0.470115
-0.0445506
-0.0404046
0
01:19:042: <MSG>: 
23.3731
12.5398
0.0320526
0.102639
12.3263
0.433303
-0.0465257
-0.0395273
0
01:19:052: <MSG>: 
23.3731
12.529
0.0347209
0.102706
12.3041
0.396934
-0.048415
-0.0387771
0
01:19:062: <MSG>: 
23.3731
12.517
0.03478
0.102732
12.2833
0.362034
-0.0501114
-0.0385057
0
01:19:071: <MSG>: 
23.3731
12.5008
0.0327207
0.102753
12.2622
0.327622
-0.0517837
-0.0383524
0
01:19:081: <MSG>: 
23.3731
12.4805
0.0313683
0.102468
12.2459
0.298264
-0.0532247
-0.0422541
0
01:19:090: <MSG>: 
23.3731
12.4805
0.0313683
0.102436
12.2268
0.266961
-0.0549331
-0.0427985
0
01:19:099: <MSG>: 
23.3731
12.4614
0.0334862
0.102451
12.2069
0.234669
-0.0565527
-0.0426379
0
01:19:108: <MSG>: 
23.3731
12.4418
0.0322244
0.10253
12.1868
0.202842
-0.0583071
-0.0416876
0
01:19:118: <MSG>: 
23.3731
12.4237
0.031434
0.102605
12.1675
0.172047
-0.0598999
-0.0407404
0
01:19:127: <MSG>: 
23.3731
12.4237
0.031434
0.102615
12.1506
0.144268
-0.0611161
-0.0405678
0
01:19:137: <MSG>: 
23.3731
12.4069
0.0348984
0.10264
12.133
0.11619
-0.0630684
-0.0404051
0
01:19:146: <MSG>: 
23.3731
12.387
0.0337952
0.102723
12.1148
0.0876694
-0.0647657
-0.0394034
0
01:19:156: <MSG>: 
23.3731
12.3665
0.0336521
0.102764
12.0975
0.0602672
-0.0664614
-0.0389774
0
01:19:165: <MSG>: 
23.3731
12.345
0.0326233
0.102817
12.0804
0.0335638
-0.0683551
-0.0384592
0
01:19:174: <MSG>: 
23.3731
12.345
0.0326233
0.102863
12.0635
0.00734966
-0.0700474
-0.0380191
0
01:19:183: <MSG>: 
23.3731
12.3236
0.0307242
0.102836
12.0483
-0.0168024
-0.0720212
-0.0386074
0
01:19:192: <MSG>: 
23.3731
12.3023
0.0297879
0.102782
12.0335
-0.0403891
-0.0739632
-0.0395844
0
01:19:201: <MSG>: 
23.3731
12.2765
0.0282975
0.102773
12.0187
-0.0637828
-0.0757779
-0.0398572
0
01:19:211: <MSG>: 
23.3731
12.2765
0.0282975
0.102724
12.0056
-0.084581
-0.0780706
-0.0407845
0
01:19:221: <MSG>: 
23.3731
12.2529
0.0284076
0.102667
11.9921
-0.105736
-0.080306
-0.0417905
0
01:19:230: <MSG>: 
23.3731
12.2294
0.0273546
0.102648
11.9777
-0.127628
-0.0827737
-0.0423568
0
01:19:240: <MSG>: 
23.3731
12.2073
0.0252421
0.102539
11.9644
-0.148433
-0.0853453
-0.0441518
0
01:19:249: <MSG>: 
23.3731
12.1854
0.0260785
0.102483
11.9505
-0.169755
-0.0876855
-0.0451685
0
01:19:258: <MSG>: 
23.3731
12.1854
0.0260785
0.102422
11.9382
-0.18876
-0.0897251
-0.0461206
0
01:19:267: <MSG>: 
23.3731
12.1629
0.0245632
0.102355
11.9258
-0.207671
-0.0918671
-0.0471698
0
01:19:277: <MSG>: 
23.3731
12.1443
0.0264569
0.102249
11.914
-0.225925
-0.0939654
-0.0487248
0
01:19:286: <MSG>: 
23.3731
12.128
0.0284331
0.102124
11.9028
-0.243255
-0.0961185
-0.0505073
0
01:19:295: <MSG>: 
23.3731
12.128
0.0284331
0.10205
11.8917
-0.259757
-0.0984159
-0.0516067
0
01:19:305: <MSG>: 
23.3731
12.1102
0.0258406
0.10201
11.8798
-0.276991
-0.100762
-0.052265
0
01:19:314: <MSG>: 
23.3731
12.0906
0.0252801
0.10183
11.869
-0.293176
-0.10331
-0.0548268
0
01:19:324: <MSG>: 
23.3731
12.0743
0.0245359
0.101766
11.8572
-0.310048
-0.105845
-0.0558116
0
01:19:332: <MSG>: 
23.3731
12.0593
0.026986
0.101865
11.8324
-0.334609
-0.0998255
-0.0524046
0
01:19:342: <MSG>: 
23.3731
12.0593
0.026986
0.102045
11.8131
-0.353195
-0.0939506
-0.0479016
0
01:19:351: <MSG>: 
23.3731
12.0419
0.0272937
0.102042
11.7922
-0.37412
-0.0882478
-0.0459604
0
01:19:360: <MSG>: 
23.3731
12.0273
0.0265015
0.102234
11.7775
-0.388375
-0.0824464
-0.0413616
0
01:19:369: <MSG>: 
23.3731
12.0088
0.0240964
0.102439
11.7653
-0.399987
-0.0771788
-0.0367628
0
01:19:379: <MSG>: 
23.3731
12.0088
0.0240964
0.102407
11.7493
-0.416265
-0.0724316
-0.0355503
0
01:19:388: <MSG>: 
23.3731
11.9925
0.0239791
0.102462
11.7361
-0.429858
-0.0676966
-0.0331823
0
01:19:397: <MSG>: 
23.3731
11.9741
0.0211222
0.102534
11.7242
-0.442028
-0.0634022
-0.0307123
0
01:19:407: <MSG>: 
23.3731
11.9498
0.019772
0.102574
11.7126
-0.454209
-0.0593027
-0.028742
0
01:19:416: <MSG>: 
23.3731
11.925
0.0218883
0.102523
11.6963
-0.471751
-0.0553014
-0.0280743
0
01:19:425: <MSG>: 
23.3731
11.925
0.0218883
0.102616
11.6871
-0.481619
-0.0515091
-0.0254653
0
01:19:434: <MSG>: 
23.3731
11.9016
0.0234748
0.102687
11.6774
-0.492495
-0.0477151
-0.0232115
0
01:19:443: <MSG>: 
23.3731
11.8804
0.0228286
0.102729
11.6656
-0.505638
-0.0440452
-0.0213959
0
01:19:452: <MSG>: 
23.3731
11.8617
0.0244573
0.102829
11.656
-0.516557
-0.0405659
-0.0188576
0
01:19:461: <MSG>: 
23.3731
11.8617
0.0244573
0.102905
11.647
-0.526986
-0.0372062
-0.0166769
0
01:19:470: <MSG>: 
23.3731
11.8455
0.0249562
0.10301
11.6383
-0.537311
-0.0340149
-0.0141824
0
01:19:479: <MSG>: 
23.3731
11.8306
0.0254266
0.103087
11.6273
-0.55019
-0.0308506
-0.012114
0
01:19:488: <MSG>: 
23.3731
11.8149
0.0247041
0.103093
11.6111
-0.568733
-0.0273829
-0.0109783
0
01:19:497: <MSG>: 
23.3731
11.8149
0.0247041
0.103189
11.6028
-0.578915
-0.0245598
-0.00875836
0
01:19:506: <MSG>: 
23.3731
11.8015
0.0266711
0.103211
11.5866
-0.597377
-0.021238
-0.0074681
0
01:19:516: <MSG>: 
23.3731
11.7838
0.0244749
0.103379
11.5827
-0.602539
-0.0190731
-0.00445528
0
01:19:525: <MSG>: 
23.3731
11.7661
0.0291673
0.10348
11.5699
-0.61745
-0.0162565
-0.00226329
0
01:19:534: <MSG>: 
23.3731
11.7661
0.0291673
0.103669
11.5668
-0.621759
-0.0140727
0.000987173
0
01:19:545: <MSG>: 
23.3731
11.7548
0.0291389
0.103768
11.5532
-0.636495
-0.0114556
0.0030336
0
01:19:554: <MSG>: 
23.3731
11.7405
0.0272108
0.103944
11.5499
-0.641376
-0.00956011
0.00593841
0
01:19:563: <MSG>: 
23.3731
11.7231
0.0274286
0.10403
11.5362
-0.657503
-0.00722122
0.00766892
0
01:19:572: <MSG>: 
23.3731
11.7064
0.0281918
0.104205
11.5306
-0.664703
-0.00539232
0.0104795
0
01:19:581: <MSG>: 
23.3731
11.7064
0.0281918
0.104174
11.5095
-0.688133
-0.00321537
0.0104582
0
01:19:590: <MSG>: 
23.3731
11.6927
0.0279066
0.104344
11.5328
-0.665179
-0.00191438
0.0131483
0
01:19:599: <MSG>: 
23.3731
11.6837
0.0282422
0.104432
11.5635
-0.634608
-0.000473381
0.0147613
0
01:19:608: <MSG>: 
23.3731
11.6738
0.0281992
0.104598
11.5865
-0.611625
0.00067244
0.0172962
0
01:19:617: <MSG>: 
23.3731
11.6738
0.0281992
0.104555
11.5628
-0.637634
0.00252622
0.0169368
0
01:19:627: <MSG>: 
23.3731
11.6635
0.0274473
0.104593
11.5464
-0.655713
0.00390181
0.0175731
0
01:19:636: <MSG>: 
23.3731
11.653
0.0273756
0.104631
11.5263
-0.677511
0.00527062
0.0181781
0
01:19:645: <MSG>: 
23.3731
11.6414
0.0322508
0.104565
11.5609
-0.641391
0.00592261
0.0174268
0
01:19:655: <MSG>: 
23.3731
11.6414
0.0322508
0.104491
11.5961
-0.603628
0.00654281
0.0165679
0
01:19:664: <MSG>: 
23.3731
11.6401
0.0321067
0.104415
11.6314
-0.566208
0.00710406
0.0157133
1
01:19:673: <MSG>: 
23.3731
11.6453
0.0301787
0.104463
11.6611
-0.53467
0.00783224
0.0165623
0
01:19:682: <MSG>: 
23.3731
11.6468
0.0283358
0.104374
11.6952
-0.497929
0.00814765
0.0154548
0
01:19:691: <MSG>: 
23.3731
11.6468
0.0283358
0.104284
11.7287
-0.461315
0.00849938
0.0143595
0
01:19:700: <MSG>: 
23.3731
11.6438
0.0310471
0.104175
11.763
-0.423912
0.00899454
0.0130772
0
01:19:709: <MSG>: 
23.3731
11.6402
0.0310254
0.104035
11.7989
-0.384702
0.00949475
0.0114065
0
01:19:718: <MSG>: 
23.3731
11.6412
0.0316366
0.104106
11.7683
-0.417173
0.0110831
0.0125728
0
01:19:727: <MSG>: 
23.3731
11.6483
0.0319935
0.104168
11.7958
-0.386299
0.0120362
0.0137345
0
01:19:737: <MSG>: 
23.3731
11.6483
0.0319935
0.104227
11.823
-0.356012
0.0129916
0.0148331
0
01:19:746: <MSG>: 
23.3731
11.658
0.0315797
0.104111
11.8574
-0.31751
0.0135327
0.0134815
0
01:19:755: <MSG>: 
23.3731
11.6734
0.0335455
0.103957
11.8925
-0.277934
0.0142019
0.0117037
0
01:19:764: <MSG>: 
23.3731
11.6964
0.0300182
0.103825
11.9282
-0.23732
0.0147629
0.0102046
0
01:19:773: <MSG>: 
23.3731
11.6964
0.0300182
0.103786
11.9583
-0.203267
0.0156969
0.010048
0
01:19:782: <MSG>: 
23.3731
11.7128
0.0266772
0.103622
11.9918
-0.165133
0.0161075
0.00809831
0
01:19:791: <MSG>: 
23.3731
11.7263
0.0270721
0.10347
12.025
-0.12746
0.0165954
0.00636834
0
01:19:801: <MSG>: 
23.3731
11.7422
0.0321805
0.103449
12.053
-0.0957878
0.0173209
0.0064422
0
01:19:809: <MSG>: 
23.3731
11.7422
0.0321805
0.103422
12.0786
-0.0671846
0.0180688
0.00641673
0
01:19:818: <MSG>: 
23.3731
11.7646
0.0324498
0.103393
12.1059
-0.0362782
0.0188624
0.00640188
0
01:19:827: <MSG>: 
23.3731
11.789
0.0318873
0.103333
12.1334
-0.00505043
0.019604
0.00597259
0
01:19:836: <MSG>: 
23.3731
11.8219
0.0318871
0.103302
12.1597
0.0247623
0.0204406
0.00595806
0
01:19:846: <MSG>: 
23.3731
11.8219
0.0318871
0.103209
12.1862
0.0541425
0.0212856
0.00511814
0
01:19:855: <MSG>: 
23.3731
11.8586
0.0320669
0.103237
12.2058
0.0754352
0.0219934
0.00581058
0
01:19:864: <MSG>: 
23.3731
11.8935
0.0332179
0.103197
12.2292
0.101414
0.0229969
0.00569945
0
01:19:873: <MSG>: 
23.3731
11.9286
0.0335225
0.10315
12.254
0.129537
0.0240371
0.0055465
0
01:19:882: <MSG>: 
23.3731
11.9286
0.0335225
0.103074
12.2785
0.156475
0.0251088
0.00498791
0
01:19:891: <MSG>: 
23.3731
11.9666
0.0315008
0.102998
12.3
0.179939
0.0255581
0.00425184
0
01:19:901: <MSG>: 
23.3731
12.0011
0.0352978
0.102755
12.3233
0.205477
0.0246626
0.000930661
0
01:19:910: <MSG>: 
23.3731
12.0231
0.0977223
0.102318
12.3471
0.231568
0.0214167
-0.00563582
0
01:19:919: <MSG>: 
23.3731
12.0231
0.0977223
0.101543
12.3708
0.258075
0.0139688
-0.0178447
0
01:19:928: <MSG>: 
23.3731
12.0198
0.238653
0.100718
12.3939
0.283364
0.00571642
-0.0308142
0
01:19:936: <MSG>: 
23.3731
12.006
0.451225
0.0999369
12.4174
0.308774
-0.00144413
-0.0427339
0
01:19:945: <MSG>: 
23.3731
11.9937
0.704759
0.0993349
12.4389
0.331554
-0.0069725
-0.0516547
0
01:19:954: <MSG>: 
23.3731
11.9937
0.704759
0.0972192
12.4648
0.360017
-0.0297741
-0.0855729
0
01:19:963: <MSG>: 
23.3731
11.9828
1.00024
0.0960125
12.492
0.388938
-0.0409927
-0.103739
0
01:19:972: <MSG>: 
23.3731
11.9771
1.32723
0.0950848
12.5158
0.41366
-0.0494807
-0.117116
0
01:19:981: <MSG>: 
23.3731
11.9788
1.68108
0.0952309
12.5391
0.443724
-0.0531337
-0.114975
0
01:19:991: <MSG>: 
23.3731
11.9788
1.68108
0.0933794
12.5607
0.472422
-0.0834812
-0.141318
0
01:19:999: <MSG>: 
23.3731
11.9855
2.05126
0.0913981
12.5837
0.494641
-0.104562
-0.172549
0
01:20:009: <MSG>: 
23.3731
11.993
2.44307
0.091612
12.6042
0.519536
-0.110261
-0.169416
0
01:20:018: <MSG>: 
23.3731
11.9938
2.8574
0.0920766
12.6281
0.547385
-0.110708
-0.16231
0
01:20:027: <MSG>: 
23.3731
11.9928
3.28869
0.0927787
12.6515
0.574524
-0.106214
-0.151545
0
01:20:037: <MSG>: 
23.3731
11.9928
3.28869
0.0907127
12.6744
0.601723
-0.134109
-0.17936
0
01:20:046: <MSG>: 
23.3731
11.992
3.73589
0.0893627
12.698
0.626593
-0.154396
-0.197117
0
01:20:056: <MSG>: 
23.3731
11.9931
4.19402
0.0887787
12.7194
0.648378
-0.168953
-0.204674
0
01:20:065: <MSG>: 
23.3731
11.9964
4.64886
0.0885633
12.7419
0.671466
-0.177426
-0.206671
0
01:20:074: <MSG>: 
23.3731
11.9964
4.64886
0.0870214
12.7612
0.693132
-0.200928
-0.227179
0
01:20:083: <MSG>: 
23.3731
11.9997
5.10851
0.0860886
12.7841
0.715228
-0.217303
-0.238861
0
01:20:093: <MSG>: 
23.3731
12.0019
5.56236
0.0853812
12.8065
0.736038
-0.229546
-0.246855
0
01:20:102: <MSG>: 
23.3731
12.0036
6.01422
0.0849331
12.8303
0.757158
-0.235405
-0.250597
0
01:20:111: <MSG>: 
23.3731
12.0036
6.01422
0.0825659
12.8482
0.775257
-0.26768
-0.28265
0
01:20:121: <MSG>: 
23.3731
12.0037
6.46781
0.0817475
12.8715
0.795731
-0.290238
-0.293513
0
01:20:129: <MSG>: 
23.3731
12.0073
6.97621
0.0815245
12.882
0.795694
-0.292953
-0.293517
0
01:20:139: <MSG>: 
23.3731
12.0112
7.4586
0.0807796
12.9089
0.816072
-0.294804
-0.301327
0
01:20:148: <MSG>: 
23.3731
12.0162
7.9671
0.0814906
12.9306
0.832007
-0.291331
-0.28821
0
01:20:158: <MSG>: 
23.3731
12.0162
7.9671
0.0794608
12.9463
0.846435
-0.319366
-0.315152
0
01:20:167: <MSG>: 
23.3731
12.0203
8.509
0.0776977
12.9665
0.859013
-0.342571
-0.337708
0
01:20:177: <MSG>: 
23.3731
12.0236
9.08768
0.0763582
12.9871
0.871361
-0.360786
-0.353818
0
01:20:186: <MSG>: 
23.3731
12.026
9.71438
0.0755413
13.009
0.883582
-0.372618
-0.361941
0
01:20:196: <MSG>: 
23.3731
12.0293
10.3887
0.075283
13.0305
0.89366
-0.376002
-0.361388
0
01:20:205: <MSG>: 
23.3731
12.0293
10.3887
0.0731882
13.0512
0.911047
-0.414264
-0.390598
0
01:20:213: <MSG>: 
23.3731
12.0332
11.1097
0.0729074
13.0685
0.910905
-0.417621
-0.390565
0
01:20:222: <MSG>: 
23.3731
12.0391
11.8711
0.0726181
13.0867
0.910769
-0.421109
-0.390535
0
01:20:231: <MSG>: 
23.3731
12.046
12.6776
0.0723212
13.1069
0.910653
-0.424642
-0.390508
0
01:20:240: <MSG>: 
23.3731
12.046
12.6776
0.0720282
13.1152
0.910517
-0.428365
-0.390477
0
01:20:248: <MSG>: 
23.3731
12.0527
13.5337
0.071733
13.1382
0.910398
-0.431774
-0.39045
0
01:20:257: <MSG>: 
23.3731
12.0584
14.4436
0.0714427
13.162
0.910263
-0.435168
-0.390419
0
01:20:266: <MSG>: 
23.3731
12.065
15.4023
0.0711485
13.1877
0.910144
-0.438597
-0.390392
0
01:20:275: <MSG>: 
23.3731
12.065
15.4023
0.0708512
13.1962
0.910008
-0.442365
-0.390361
0
01:20:284: <MSG>: 
23.3731
12.0735
16.4057
0.0705534
13.2237
0.909891
-0.445852
-0.390334
0
01:20:293: <MSG>: 
23.3731
12.0834
17.4537
0.0702554
13.2547
0.909753
-0.449261
-0.390303
0
01:20:301: <MSG>: 
23.3731
12.0834
17.4537
0.0699619
13.2632
0.909634
-0.452974
-0.390276
0
01:20:310: <MSG>: 
23.3731
12.0937
18.5498
0.0696656
13.2959
0.909494
-0.45639
-0.390244
0
01:20:319: <MSG>: 
23.3731
12.1052
19.6924
0.0693649
13.3317
0.909379
-0.459841
-0.390217
0
01:20:329: <MSG>: 
23.3731
12.1159
20.8728
0.0690306
13.372
0.909239
-0.46367
-0.390185
0
01:20:338: <MSG>: 
23.3731
12.1159
20.8728
0.0687365
13.3807
0.90912
-0.46738
-0.390158
0
01:20:347: <MSG>: 
23.3731
12.1255
22.1018
0.0684465
13.4222
0.908965
-0.470668
-0.390123
0
01:20:356: <MSG>: 
23.3731
12.14
23.3831
0.0681534
13.4696
0.908847
-0.473916
-0.390096
0
01:20:364: <MSG>: 
23.3731
12.1548
24.7292
0.067866
13.5205
0.908711
-0.477122
-0.390065
0
01:20:373: <MSG>: 
23.3731
12.1548
24.7292
0.0675628
13.5297
0.908596
-0.480937
-0.390039
0
01:20:382: <MSG>: 
23.3731
12.1725
26.1419
0.06727
13.5862
0.908472
-0.484202
-0.390011
0
01:20:391: <MSG>: 
23.3731
12.1931
27.6161
0.0669695
13.6501
0.908341
-0.487517
-0.389981
0
01:20:400: <MSG>: 
23.3731
12.2133
29.1559
0.0666801
13.7195
0.908208
-0.490704
-0.389951
0
01:20:409: <MSG>: 
23.3731
12.2133
29.1559
0.0663826
13.729
0.908083
-0.494436
-0.389922
0
01:20:417: <MSG>: 
23.3731
12.2386
30.7845
0.0660931
13.8089
0.907954
-0.497574
-0.389893
0
01:20:426: <MSG>: 
23.3731
12.266
32.5036
0.0657919
13.9014
0.90783
-0.500788
-0.389865
0
01:20:435: <MSG>: 
23.3731
12.2985
34.3207
0.0655034
14.0039
0.907694
-0.503915
-0.389834
0
01:20:444: <MSG>: 
23.3731
12.2985
34.3207
0.0651993
14.0142
0.907575
-0.507714
-0.389806
0
01:20:453: <MSG>: 
23.3731
12.3365
36.2409
0.0649053
14.1336
0.907449
-0.510867
-0.389778
0
01:20:462: <MSG>: 
23.3731
12.3914
38.2552
0.0646064
14.2744
0.907316
-0.514071
-0.389747
0
01:20:470: <MSG>: 
23.3731
12.4401
40.0673
0.0643121
14.2794
0.907176
-0.520089
-0.389716
0
01:20:479: <MSG>: 
23.3731
12.4401
40.0673
0.0640133
14.2904
0.907059
-0.523822
-0.389689
0
01:20:488: <MSG>: 
23.3731
12.4454
40.1163
0.0637191
13.972
0.906926
-0.533621
-0.389659
0
01:20:497: <MSG>: 
23.3731
12.7498
38.9167
0.0634186
13.9592
0.906802
-0.537865
-0.38963
0
01:20:506: <MSG>: 
23.3731
13.1808
37.5777
0.0631247
14.0839
0.906667
-0.54257
-0.3896
0
01:20:515: <MSG>: 
23.3731
13.1808
37.5777
0.0628244
14.0945
0.906545
-0.5463
-0.389572
0
01:20:524: <MSG>: 
23.3731
13.4982
36.5075
0.0625376
14.1802
0.906407
-0.552713
-0.389541
0
01:20:533: <MSG>: 
23.3731
13.492
35.6982
0.0622396
14.0543
0.906287
-0.557374
-0.389513
0
01:20:541: <MSG>: 
23.3731
13.492
35.6982
0.0619454
14.0644
0.906153
-0.561012
-0.389483
0
01:20:550: <MSG>: 
23.3731
13.316
35.1669
0.0616469
13.8505
0.906033
-0.564529
-0.389455
0
01:20:559: <MSG>: 
23.3731
13.244
34.8765
0.0613391
13.8977
0.905899
-0.567366
-0.389425
0
01:20:568: <MSG>: 
23.3731
13.2963
34.8585
0.0610403
14.1371
0.905774
-0.569033
-0.389397
0
01:20:577: <MSG>: 
23.3731
13.2963
34.8585
0.0607483
14.1471
0.905633
-0.57264
-0.389364
0
01:20:586: <MSG>: 
23.3731
13.2429
35.0842
0.0604496
14.2336
0.905513
-0.574671
-0.389337
0
01:20:595: <MSG>: 
23.3731
13.059
35.4284
0.06016
14.1567
0.905379
-0.577654
-0.389307
0
01:20:604: <MSG>: 
23.3731
12.9013
35.9216
0.0598609
14.0904
0.905257
-0.581586
-0.389279
0
01:20:612: <MSG>: 
23.3731
12.9013
35.9216
0.0595691
14.1005
0.905121
-0.585224
-0.389248
0
01:20:621: <MSG>: 
23.3731
12.9291
36.5749
0.0592708
14.2589
0.905001
-0.586959
-0.389221
0
01:20:630: <MSG>: 
23.3731
13.0227
37.3162
0.058975
14.4355
0.904864
-0.589055
-0.38919
0
01:20:639: <MSG>: 
23.3731
13.0239
38.1291
0.0586759
14.4877
0.904745
-0.592648
-0.389163
0
01:20:648: <MSG>: 
23.3731
13.0239
38.1291
0.0583835
14.4981
0.904612
-0.596254
-0.389132
0
01:20:657: <MSG>: 
23.3731
12.9253
38.9859
0.0580838
14.3925
0.904486
-0.601783
-0.389104
0
01:20:666: <MSG>: 
23.3731
12.9124
39.1514
0.0577887
14.2985
0.904352
-0.607205
-0.389073
0
01:20:675: <MSG>: 
23.3731
13.0594
38.7015
0.0574919
14.3558
0.904229
-0.610944
-0.389045
0
01:20:683: <MSG>: 
23.3731
13.0594
38.7015
0.0572017
14.3662
0.904093
-0.614545
-0.389014
0
01:20:692: <MSG>: 
23.3731
13.2393
38.0924
0.0569027
14.4578
0.903973
-0.618404
-0.388987
0
01:20:701: <MSG>: 
23.3731
13.2853
37.6481
0.0566074
14.4624
0.903835
-0.622413
-0.388956
0
01:20:710: <MSG>: 
23.3731
13.2853
37.6481
0.0563109
14.4729
0.903717
-0.626064
-0.388929
0
01:20:719: <MSG>: 
23.3731
13.1693
37.5042
0.0560208
14.3908
0.903585
-0.629716
-0.388899
0
01:20:728: <MSG>: 
23.3731
13.0705
37.5755
0.0557218
14.3777
0.90346
-0.632939
-0.388871
0
01:20:736: <MSG>: 
23.3731
13.0679
37.7886
0.0554296
14.4889
0.903326
-0.634942
-0.38884
0
01:20:745: <MSG>: 
23.3731
13.0679
37.7886
0.0551297
14.4995
0.903205
-0.638645
-0.388813
0
01:20:754: <MSG>: 
23.3731
13.0891
38.1303
0.0548414
14.6119
0.903067
-0.640819
-0.388782
0
01:20:763: <MSG>: 
23.3731
13.0487
38.5697
0.0545466
14.6081
0.902948
-0.644693
-0.388754
0
01:20:772: <MSG>: 
23.3731
12.9662
38.7219
0.0542553
14.5139
0.902811
-0.64965
-0.388723
0
01:20:780: <MSG>: 
23.3731
12.9662
38.7219
0.05396
14.5245
0.902694
-0.653308
-0.388697
0
01:20:789: <MSG>: 
23.3731
12.982
38.5556
0.0536668
14.5229
0.902556
-0.657145
-0.388665
0
01:20:798: <MSG>: 
23.3731
13.0877
38.2896
0.0533715
14.6017
0.90244
-0.660212
-0.388639
0
01:20:809: <MSG>: 
23.3731
13.1448
38.128
0.0530122
14.6599
0.902302
-0.664236
-0.388608
0
01:20:818: <MSG>: 
23.3731
13.1448
38.128
0.052718
14.6704
0.902184
-0.667854
-0.388581
0
01:20:826: <MSG>: 
23.3731
13.0739
38.1615
0.0524252
14.623
0.902016
-0.671876
-0.388543
0
01:20:835: <MSG>: 
23.3731
12.9881
38.3633
0.0521286
14.59
0.901899
-0.675833
-0.388516
0
01:20:844: <MSG>: 
23.3731
12.9992
38.5148
0.0518276
14.638
0.901762
-0.679057
-0.388485
0
01:20:853: <MSG>: 
23.3731
12.9992
38.5148
0.0515316
14.6486
0.901644
-0.682713
-0.388458
0
01:20:862: <MSG>: 
23.3731
13.0534
38.4764
0.051246
14.7065
0.901501
-0.685716
-0.388426
0
01:20:870: <MSG>: 
23.3731
13.0694
38.3191
0.0509558
14.7007
0.901384
-0.689603
-0.388399
0
01:20:879: <MSG>: 
23.3731
13.0523
38.2279
0.0506532
14.6838
0.901248
-0.693644
-0.388369
0
01:20:888: <MSG>: 
23.3731
13.0523
38.2279
0.050349
14.6947
0.901134
-0.697395
-0.388343
0
01:20:897: <MSG>: 
23.3731
13.0434
38.2978
0.0500682
14.7134
0.900994
-0.700671
-0.388311
0
01:20:905: <MSG>: 
23.3731
13.0398
38.4176
0.0497808
14.7353
0.900871
-0.704067
-0.388283
0
01:20:914: <MSG>: 
23.3731
13.024
38.4258
0.0494936
14.7176
0.900739
-0.708056
-0.388253
0
01:20:923: <MSG>: 
23.3731
13.024
38.4258
0.0492054
14.7279
0.900624
-0.711612
-0.388227
0
01:20:931: <MSG>: 
23.3731
13.0216
38.3526
0.0489232
14.7241
0.900488
-0.715285
-0.388196
0
01:20:940: <MSG>: 
23.3731
13.0496
38.3062
0.0486271
14.7706
0.900373
-0.718372
-0.38817
0
01:20:949: <MSG>: 
23.3731
13.0496
38.3062
0.0483275
14.7813
0.900237
-0.722062
-0.388139
0
01:20:957: <MSG>: 
23.3731
13.0671
38.3187
0.0480434
14.8213
0.90012
-0.725093
-0.388113
0
01:20:966: <MSG>: 
23.3731
13.0416
38.3596
0.0477595
14.8142
0.899978
-0.72878
-0.388081
0
01:20:974: <MSG>: 
23.3731
13.0149
38.3863
0.0474747
14.7907
0.899864
-0.732825
-0.388055
0
01:20:983: <MSG>: 
23.3731
13.0149
38.3863
0.0471914
14.8008
0.89973
-0.736318
-0.388024
0
01:20:992: <MSG>: 
23.3731
13.0304
38.3756
0.0468877
14.8181
0.899617
-0.740029
-0.387999
0
01:21:001: <MSG>: 
23.3731
13.0589
38.3324
0.0465999
14.8539
0.899483
-0.743198
-0.387968
0
01:21:009: <MSG>: 
23.3731
13.0589
38.3324
0.0463072
14.8643
0.899362
-0.7468
-0.387941
1
01:21:018: <MSG>: 
23.3731
13.0513
38.3107
0.0460152
14.8688
0.899224
-0.750439
-0.38791
0
01:21:027: <MSG>: 
23.3731
13.0225
38.3393
0.0457148
14.8568
0.89911
-0.754445
-0.387884
0
01:21:036: <MSG>: 
23.3731
13.0173
38.3752
0.0454236
14.8686
0.898971
-0.758003
-0.387853
0
01:21:045: <MSG>: 
23.3731
13.0173
38.3752
0.0451224
14.8793
0.898851
-0.761712
-0.387825
0
01:21:054: <MSG>: 
23.3731
13.0385
38.3691
0.0448328
14.9061
0.898713
-0.76506
-0.387794
0
01:21:063: <MSG>: 
23.3731
13.0515
38.326
0.0445273
14.921
0.898597
-0.768776
-0.387768
0
01:21:072: <MSG>: 
23.3731
13.0405
38.3073
0.0442299
14.9259
0.898462
-0.772457
-0.387737
0
01:21:081: <MSG>: 
23.3731
13.0405
38.3073
0.0439321
14.9365
0.898337
-0.776118
-0.387709
0
01:21:090: <MSG>: 
23.3731
13.0295
38.3424
0.043632
14.9421
0.8982
-0.779888
-0.387678
0
01:21:107: <MSG>: 
23.3731
13.036
38.3556
0.04397
14.9231
0.898337
-0.775951
-0.387709
0
01:21:116: <MSG>: 
23.3731
13.036
38.3556
0.0436384
14.9349
0.8982
-0.780031
-0.387678
0
01:21:133: <MSG>: 
23.3731
13.0392
38.3193
0.0439411
14.9324
0.898337
-0.776099
-0.387709
0
01:21:142: <MSG>: 
23.3731
13.0355
38.3426
0.0436671
14.9466
0.8982
-0.779367
-0.387678
0
01:21:159: <MSG>: 
23.3731
13.029
38.352
0.0439758
14.9259
0.898337
-0.775758
-0.387709
0
01:21:168: <MSG>: 
23.3731
13.0308
38.3407
0.0436372
14.934
0.8982
-0.780012
-0.387678
0
01:21:186: <MSG>: 
23.3731
13.0429
38.3285
0.0439522
14.9308
0.898337
-0.776027
-0.387709
0
01:21:194: <MSG>: 
23.3731
13.041
38.3277
0.0436487
14.9458
0.8982
-0.779651
-0.387678
0
01:21:211: <MSG>: 
23.3731
13.0285
38.3376
0.0439681
14.9222
0.898337
-0.775919
-0.387709
0
01:21:220: <MSG>: 
23.3731
13.0229
38.3458
0.0436393
14.9264
0.8982
-0.780109
-0.387678
0
01:21:238: <MSG>: 
23.3731
13.0289
38.3389
0.0439467
14.921
0.898337
-0.776231
-0.387709
0
01:21:246: <MSG>: 
23.3731
13.0353
38.3269
0.0436524
14.9386
0.8982
-0.779724
-0.387678
0
01:21:264: <MSG>: 
23.3731
13.0247
38.3385
0.0439616
14.9196
0.898337
-0.776039
-0.387709
0
01:21:272: <MSG>: 
23.3731
13.0247
38.3385
0.0436397
14.9311
0.8982
-0.78
-0.387678
0
01:21:290: <MSG>: 
23.3731
13.0328
38.3421
0.0439521
14.9218
0.898337
-0.776173
-0.387709
0
01:21:298: <MSG>: 
23.3731
13.0306
38.3259
0.0436612
14.9294
0.8982
-0.779784
-0.387678
0
01:21:316: <MSG>: 
23.3731
13.026
38.3331
0.0439649
14.9183
0.898337
-0.776027
-0.387709
1
01:21:324: <MSG>: 
23.3731
13.0219
38.3414
0.0436393
14.9291
0.8982
-0.780032
-0.387678
0
01:21:342: <MSG>: 
23.3731
13.0244
38.339
0.043954
14.9188
0.898337
-0.776155
-0.387709
0
01:21:350: <MSG>: 
23.3731
13.0272
38.327
0.0436558
14.9313
0.8982
-0.77979
-0.387678
0
01:21:368: <MSG>: 
23.3731
13.0257
38.3238
0.0439674
14.9224
0.898337
-0.77589
-0.387709
0
01:21:377: <MSG>: 
23.3731
13.0229
38.3281
0.043631
14.9322
0.8982
-0.780063
-0.387678
0
01:21:394: <MSG>: 
23.3731
13.019
38.329
0.0439493
14.9144
0.898337
-0.776264
-0.387709
0
01:21:403: <MSG>: 
23.3731
13.019
38.329
0.0436489
14.9252
0.8982
-0.779963
-0.387678
0
01:21:420: <MSG>: 
23.3731
13.0228
38.3207
0.0439781
14.9197
0.898337
-0.775786
-0.387709
0
01:21:429: <MSG>: 
23.3731
13.0228
38.3207
0.0436373
14.9319
0.8982
-0.77998
-0.387678
0
01:21:447: <MSG>: 
23.3731
13.0161
38.3231
0.0439505
14.9154
0.898337
-0.7762
-0.387709
0
01:21:455: <MSG>: 
23.3731
13.0196
38.3182
0.0436632
14.9287
0.8982
-0.779686
-0.387678
0
01:21:473: <MSG>: 
23.3731
13.0203
38.3133
0.0439674
14.9191
0.898337
-0.775911
-0.387709
0
01:21:482: <MSG>: 
23.3731
13.0181
38.3106
0.0436339
14.9286
0.8982
-0.780052
-0.387678
0
01:21:499: <MSG>: 
23.3731
13.0158
38.3149
0.0439544
14.9142
0.898337
-0.776166
-0.387709
0
01:21:507: <MSG>: 
23.3731
13.0139
38.3132
0.0436612
14.9256
0.8982
-0.779737
-0.387678
0
01:21:525: <MSG>: 
23.3731
13.0158
38.306
0.0439742
14.9159
0.898337
-0.775857
-0.387709
0
01:21:534: <MSG>: 
23.3731
13.0169
38.3009
0.0436381
14.928
0.8982
-0.779991
-0.387678
0
01:21:551: <MSG>: 
23.3731
13.0089
38.3067
0.0439554
14.9134
0.898337
-0.776111
-0.387709
0
01:21:559: <MSG>: 
23.3731
13.0089
38.3067
0.0436515
14.9243
0.8982
-0.779852
-0.387678
0
01:21:577: <MSG>: 
23.3731
13.0077
38.2988
0.0439736
14.9105
0.898337
-0.775921
-0.387709
0
01:21:586: <MSG>: 
23.3731
13.0077
38.2988
0.0436306
14.9227
0.8982
-0.780143
-0.387678
0
01:21:603: <MSG>: 
23.3731
13.0055
38.3001
0.0439544
14.9105
0.898337
-0.776159
-0.387709
0
01:21:612: <MSG>: 
23.3731
13.0031
38.3018
0.0436585
14.9197
0.8982
-0.779819
-0.387678
0
01:21:629: <MSG>: 
23.3731
13.0034
38.2966
0.0439559
14.908
0.898337
-0.776179
-0.387709
1
01:21:639: <MSG>: 
23.3731
13.0047
38.2932
0.0436093
14.9214
0.8982
-0.780429
-0.387678
0
01:21:657: <MSG>: 
23.3731
13.0031
38.2968
0.043919
14.909
0.898337
-0.776639
-0.387709
0
01:21:666: <MSG>: 
23.3731
13.0005
38.2978
0.0436348
14.9177
0.8982
-0.780153
-0.387678
0
01:21:683: <MSG>: 
23.3731
13.0002
38.2928
0.0439855
14.9043
0.898337
-0.775848
-0.387709
0
01:21:691: <MSG>: 
23.3731
13.0002
38.2928
0.0436438
14.9165
0.8982
-0.780056
-0.387678
0
01:21:702: [0;37m<MSG>: [0;0m[0;37mGraceful shutdown initiated...[0;0m
employee dead
01:21:805: [0;37m<MSG>: [0;0m[0;37mAll threads joined successfully![0;0m
01:21:805: [0;37m<MSG>: [0;0m[0;37mSuccessfully Quit![0;0m
 


stopping async receive
async receive stopped
[TimedSerial] destroyed
Close Log File Success!
