00:00:000: [0;37m<MSG>: [0;0m[0;37mopen log file success![0;0m
00:00:000: [0;37m<MSG>: [0;0m[0;37mCoordTransformer initialized.[0;0m
00:00:000: [0;37m<MSG>: [0;0m[0;37m[init] Using UartDriver with port: /dev/ttyAIM[0;0m
00:00:000: [0;37m<MSG>: [0;0m[0;37m[TimedSerial] constructing with injected driver[0;0m
00:00:000: [0;37m<MSG>: [0;0m[0;37mOpening /dev/ttyAIM [0;0m
Successfully opened serial port: /dev/ttyAIM
00:00:001: [0;37m<MSG>: [0;0m[0;37m[TimedSerial] Serial driver initialized successfully[0;0m
starting async receive
async receive started
00:00:001: [0;37m<MSG>: [0;0m[0;37m[EntryStage] construction completed[0;0m
00:00:001: [0;37m<MSG>: [0;0m[0;37m[sensor_submodule] constructing with video: 0[0;0m
[device 0]:

Device Model Name: MV-CA013-21UC
UserDefinedName: INF3

00:00:333: [0;37m<MSG>: [0;0m[0;37m[sensor_submodule] video initialized[0;0m
00:00:333: [0;37m<MSG>: [0;0m[0;37m[sensor_submodule] construction completed[0;0m
00:00:333: [0;37m<MSG>: [0;0m[0;37m[detect] constructing with model: asset/SZU0526_fp32input_512x640_nopre_fixoutput.onnx[0;0m
00:01:015: [0;37m<MSG>: [0;0m[0;37m[detect] model loaded[0;0m
00:01:015: [0;37m<MSG>: [0;0m[0;37m[MultiPolicyPredictorSubModule] construction completed[0;0m
00:01:016: [0;37m<MSG>: [0;0m[0;37m[Planner] construction completed[0;0m
display timedserial_debug:0
00:01:016: [0;37m<MSG>: [0;0m[0;37m[init] all composite tasks registered successfully, system can start[0;0m
00:01:017: [0;37m<MSG>: [0;0m[0;37mStarting all composite tasks...[0;0m
00:01:017: [0;37m<MSG>: [0;0m[0;37mAll composite tasks started successfully![0;0m
00:01:042: <MSG>: 
2.84813
0
0.0588037
0
-0.10457
0
-0.255479
0
0.26
0
0
00:01:110: <MSG>: 
2.88514
0
0.0668942
0
-0.105546
0
-0.203696
0
0.26
0
0
00:01:128: <MSG>: 
2.91704
0
0.0629404
0
-0.105876
0
-0.118953
0
0.26
0
0
00:01:133: <MSG>: 
2.8997
0
0.0335835
0
-0.104819
0
-0.153266
0
0.26
0
0
00:01:137: <MSG>: 
2.8601
0
0.085109
0
-0.0998541
0
0.334087
0
0.26
0
0
00:01:141: <MSG>: 
2.85012
0
0.080018
0
-0.0996705
0
0.390344
0
0.26
0
0
00:01:150: <MSG>: 
2.90945
0
0.0633862
0
-0.101015
0
0.348555
0
0.26
0
0
00:01:161: <MSG>: 
2.90487
0
0.0637999
0
-0.100935
0
0.375761
0
0.26
0
0
00:01:170: <MSG>: 
2.91833
0
0.0564538
0
-0.101232
0
0.422273
0
0.26
0
0
00:01:181: <MSG>: 
2.86325
0
0.0634472
0
-0.0987
0
0.499818
0
0.26
0
0
00:01:192: <MSG>: 
2.92523
0
0.0502579
0
-0.100229
0
0.498577
0
0.26
0
0
00:01:203: <MSG>: 
3.1332
0.0419555
0.359706
0.062426
-0.196429
-0.0194067
1.21033
0.228144
0.4
0
-0.0932239
00:01:213: <MSG>: 
3.16852
0.0529674
0.44788
0.0780696
-0.148086
0.0299304
0.963752
0.0841637
0.354306
-0.045694
-0.0523344
00:01:223: <MSG>: 
3.17673
0.0610576
0.319353
-0.0227822
-0.135325
0.0586439
0.893832
0.0369722
0.390785
-0.00921479
-0.0445842
00:01:233: <MSG>: 
3.16039
0.0625874
0.263101
-0.130195
-0.125827
0.0908566
0.867831
0.030099
0.396728
-0.00327211
-0.0412465
00:01:243: <MSG>: 
3.13949
0.060601
0.225545
-0.251713
-0.116988
0.127968
0.854509
0.043528
0.397595
-0.00240544
-0.0401821
00:01:254: <MSG>: 
3.12263
0.0592221
0.199151
-0.374164
-0.109095
0.163935
0.84995
0.0771898
0.396336
-0.00366408
-0.0403581
00:01:264: <MSG>: 
3.10997
0.0580828
0.177039
-0.499262
-0.101334
0.1987
0.852106
0.134961
0.394965
-0.00503469
-0.0413329
00:01:275: <MSG>: 
3.10217
0.058154
0.157277
-0.619196
-0.0941637
0.229422
0.859502
0.215182
0.394296
-0.00570441
-0.0426228
00:01:284: <MSG>: 
3.09792
0.0578505
0.138522
-0.729082
-0.0876773
0.255394
0.871477
0.317978
0.394769
-0.00523093
-0.0439507
00:01:294: <MSG>: 
3.09505
0.0517298
0.116992
-0.828751
-0.0809901
0.278243
0.886848
0.435241
0.39705
-0.00294955
-0.0452996
00:01:304: <MSG>: 
3.0917
0.0359561
0.0951659
-0.914396
-0.074968
0.298188
0.903562
0.558748
0.4
0
-0.0465782
00:01:313: <MSG>: 
3.09061
0.0193244
0.0740291
-0.97881
-0.0695277
0.311814
0.92414
0.693948
0.4
0
-0.0475128
00:01:323: <MSG>: 
3.0111
0.0127768
0.152226
-0.933897
-0.376578
0.22876
0.938477
0.67439
0.12
0.28
0.256652
00:01:333: <MSG>: 
3.01323
0.0165497
0.12455
-1.08565
-0.374113
0.242021
0.966174
0.870416
0.12
0.28
0.257868
00:01:342: <MSG>: 
3.01901
0.0289005
0.101034
-1.18478
-0.371416
0.248344
0.999146
1.07284
0.12
0.28
0.258407
00:01:352: <MSG>: 
3.02464
0.0360126
0.0800623
-1.24969
-0.368863
0.251993
1.03223
1.25776
0.12
0.28
0.258697
00:01:362: <MSG>: 
3.02821
0.0315664
0.0607761
-1.2905
-0.366439
0.254549
1.06324
1.41406
0.12
0.28
0.258886
00:01:372: <MSG>: 
3.03115
0.0278002
0.0450036
-1.30743
-0.364107
0.254074
1.09602
1.56426
0.12
0.28
0.258854
00:01:381: <MSG>: 
3.03446
0.0330958
0.0336173
-1.30198
-0.361837
0.250537
1.13428
1.72925
0.12
0.28
0.25863
00:01:391: <MSG>: 
3.03582
0.0317994
0.023197
-1.2884
-0.359643
0.2464
1.1716
1.87007
0.12
0.28
0.25839
00:01:400: <MSG>: 
3.035
0.0221558
0.0136103
-1.27331
-0.357694
0.242159
1.20442
1.97563
0.12
0.28
0.258164
00:01:410: <MSG>: 
3.03339
0.0146982
0.005297
-1.2539
-0.355852
0.236485
1.23795
2.06976
0.120442
0.278562
0.257891
00:01:419: <MSG>: 
3.03197
0.0153467
0.000285396
-1.22784
-0.354284
0.229952
1.27413
2.17638
0.12249
0.273212
0.257607
00:01:429: <MSG>: 
3.0302
0.0206737
-0.00229947
-1.19582
-0.35288
0.22267
1.31436
2.29703
0.125762
0.264644
0.257324
00:01:438: <MSG>: 
3.02679
0.0236039
-0.00423078
-1.1666
-0.351658
0.215314
1.3507
2.38551
0.129591
0.254251
0.257071
00:01:448: <MSG>: 
3.02318
0.0319378
-0.00290219
-1.12891
-0.350644
0.207226
1.39497
2.51475
0.134512
0.240685
0.256827
00:01:457: <MSG>: 
3.01742
0.034613
0.000453905
-1.08618
-0.349692
0.199486
1.44561
2.67054
0.139876
0.225403
0.256625
00:01:467: <MSG>: 
3.01049
0.0340975
0.00405064
-1.04606
-0.348842
0.191948
1.49763
2.82325
0.1452
0.209728
0.256459
00:01:476: <MSG>: 
3.00116
0.0251161
0.00819465
-1.00663
-0.347995
0.185199
1.55274
2.98307
0.150457
0.193692
0.256336
00:01:486: <MSG>: 
2.99135
0.0148472
0.0103273
-0.975371
-0.34712
0.178633
1.60666
3.11436
0.155342
0.178193
0.256243
00:01:496: <MSG>: 
2.98259
0.00774104
0.0124063
-0.950098
-0.346599
0.172023
1.65467
3.22732
0.159708
0.164047
0.25617
00:01:505: <MSG>: 
2.97245
-0.00395281
0.0128831
-0.927099
-0.345896
0.165619
1.70804
3.33729
0.163934
0.149915
0.256122
00:01:515: <MSG>: 
2.96151
-0.0194868
0.013731
-0.906986
-0.345377
0.159801
1.75795
3.4419
0.167812
0.136606
0.256095
00:01:524: <MSG>: 
2.88627
-0.141152
0.0282459
-1.00399
-0.224095
0.246198
1.8249
3.61022
0.388889
-0.155841
0.147908
00:01:535: <MSG>: 
2.91391
-0.0757782
0.0230316
-0.94359
-0.200267
0.263756
1.8677
3.65562
0.383158
-0.133078
0.128843
00:01:544: <MSG>: 
2.93759
-0.0193477
0.018951
-0.890345
-0.185448
0.275618
1.91297
3.70773
0.381099
-0.117488
0.118254
00:01:553: <MSG>: 
2.95348
0.0181643
0.0140781
-0.854359
-0.173861
0.286024
1.95689
3.74529
0.38066
-0.108468
0.110891
00:01:565: <MSG>: 
2.97122
0.0592882
0.0115261
-0.812938
-0.165165
0.294683
1.99979
3.79348
0.380472
-0.0991138
0.106026
00:01:574: <MSG>: 
2.98749
0.0956032
0.00901188
-0.772615
-0.157654
0.3026
2.04717
3.8441
0.380602
-0.091115
0.10261
00:01:584: <MSG>: 
2.99902
0.118535
0.00521812
-0.738377
-0.149908
0.31148
2.10365
3.89881
0.380803
-0.0856922
0.0998328
00:01:594: <MSG>: 
3.00665
0.130305
0.00297428
-0.708889
-0.143536
0.32004
2.14852
3.93723
0.381545
-0.0821762
0.0977748
00:01:604: <MSG>: 
3.01196
0.134756
0.00093115
-0.680568
-0.137772
0.32785
2.19329
3.97102
0.382175
-0.079209
0.0963509
00:01:613: <MSG>: 
3.01477
0.131639
-0.000655291
-0.653235
-0.132586
0.334893
2.23641
4.00064
0.38262
-0.0766347
0.0953843
00:01:623: <MSG>: 
3.02105
0.136398
-0.000748533
-0.617037
-0.127879
0.340093
2.28276
4.03289
0.382203
-0.0714582
0.0948702
00:01:634: <MSG>: 
3.02133
0.123747
-0.00120613
-0.585934
-0.123254
0.345369
2.32726
4.05513
0.381849
-0.067916
0.0945091
00:01:643: <MSG>: 
3.02208
0.112148
-0.000367721
-0.551185
-0.11913
0.349062
2.37092
4.07724
0.380862
-0.063149
0.0943454
00:01:653: <MSG>: 
3.02032
0.0931704
0.000727828
-0.516744
-0.115094
0.352002
2.41482
4.09374
0.379535
-0.0583303
0.0942747
00:01:662: <MSG>: 
3.01966
0.0776971
0.00299317
-0.47896
-0.111407
0.352987
2.45958
4.11083
0.377552
-0.0522795
0.0942677
00:01:672: <MSG>: 
3.01853
0.0616546
0.00620193
-0.440535
-0.108148
0.352482
2.50285
4.1282
0.375156
-0.045783
0.0942645
00:01:682: <MSG>: 
3.01552
0.0410623
0.00948121
-0.403997
-0.105074
0.350654
2.54595
4.14057
0.372562
-0.0394465
0.0942323
00:01:691: <MSG>: 
3.01306
0.0233668
0.0133791
-0.367143
-0.102254
0.34708
2.59012
4.15398
0.369632
-0.0327152
0.0941344
00:01:701: <MSG>: 
3.01133
0.00893041
0.0178919
-0.328985
-0.0993959
0.341991
2.63864
4.1691
0.366293
-0.0254582
0.0939503
00:01:711: <MSG>: 
3.00932
-0.0046472
0.0228227
-0.293585
-0.0972255
0.335657
2.6816
4.18228
0.362966
-0.018589
0.0936803
00:01:722: <MSG>: 
3.00364
-0.0268604
0.0256241
-0.26794
-0.0950212
0.329153
2.72053
4.16702
0.360163
-0.0133852
0.0933665
00:01:732: <MSG>: 
2.99851
-0.0458218
0.0284391
-0.244187
-0.0931334
0.321429
2.75883
4.15313
0.357448
-0.00849152
0.0929578
00:01:741: <MSG>: 
2.99364
-0.0624077
0.0310215
-0.221905
-0.0912204
0.312427
2.80064
4.13742
0.35476
-0.00383767
0.0924438
00:01:751: <MSG>: 
2.99077
-0.0719201
0.0342658
-0.199785
-0.0898583
0.30267
2.83972
4.13122
0.352122
0.000677346
0.0918567
00:01:761: <MSG>: 
2.9855
-0.0873472
0.0359881
-0.18399
-0.088542
0.293088
2.87537
4.10635
0.349942
0.00410686
0.0912561
00:01:770: <MSG>: 
2.98123
-0.0987235
0.0376233
-0.169533
-0.0874469
0.282752
2.91139
4.08468
0.347936
0.00717782
0.0905874
00:01:779: <MSG>: 
2.97718
-0.108477
0.0387038
-0.157824
-0.0865365
0.271982
2.94629
4.05881
0.346201
0.00967881
0.0898741
00:01:788: <MSG>: 
2.97555
-0.110392
0.0411875
-0.141971
-0.085825
0.260949
2.98295
4.04593
0.344118
0.0126809
0.0891313
00:01:798: <MSG>: 
2.97425
-0.110703
0.0430842
-0.128844
-0.0852411
0.249624
3.01919
4.02874
0.342321
0.015081
0.0883608
00:01:808: <MSG>: 
2.97282
-0.110844
0.0438112
-0.120247
-0.0847669
0.238462
3.05228
3.99762
0.34095
0.0166215
0.0875973
00:01:817: <MSG>: 
2.97328
-0.10597
0.046922
-0.104447
-0.0844347
0.226961
3.0944
4.01282
0.3392
0.0190952
0.0868104
00:01:826: <MSG>: 
2.97337
-0.103023
0.0518704
-0.0834685
-0.0841974
0.215743
-3.14011
4.06398
0.337127
0.0223959
0.0860459
00:01:836: <MSG>: 
2.97308
-0.10092
0.0560954
-0.0657576
-0.0840843
0.204626
-3.09331
4.10518
0.335314
0.0251371
0.0852943
00:01:846: <MSG>: 
2.97349
-0.0960183
0.05837
-0.0551098
-0.0840752
0.19392
-3.05343
4.11434
0.334093
0.026577
0.0845786
00:01:855: <MSG>: 
2.9722
-0.0968735
0.0619317
-0.0407263
-0.0839645
0.184043
-3.00686
4.15141
0.332612
0.0287908
0.0839284
00:01:865: <MSG>: 
2.9701
-0.100102
0.0654455
-0.0270582
-0.0839155
0.174403
-2.95967
4.19008
0.331196
0.0309565
0.0833053
00:01:875: <MSG>: 
2.96836
-0.101459
0.0684076
-0.0150385
-0.083917
0.16492
-2.91541
4.20775
0.329843
0.0326795
0.082706
00:01:885: <MSG>: 
2.96713
-0.100992
0.0706864
-0.00555655
-0.0839102
0.155785
-2.87186
4.21464
0.328772
0.0338669
0.0821438
00:01:894: <MSG>: 
2.96479
-0.104184
0.0729623
0.00300257
-0.0838098
0.147262
-2.82377
4.2345
0.327859
0.0351317
0.0816356
00:01:904: <MSG>: 
2.96238
-0.107451
0.0750669
0.0113526
-0.0839201
0.138883
-2.78185
4.24143
0.326933
0.0362513
0.0811517
00:01:913: <MSG>: 
2.96838
-0.0795206
0.0750444
0.00966535
-0.0903613
0.0934463
-2.73662
4.2674
0.327117
0.0289253
0.0674758
00:01:923: <MSG>: 
2.97557
-0.0536782
0.0762385
0.0140944
-0.0953314
0.0597095
-2.69027
4.29946
0.327946
0.0245438
0.0581149
00:01:932: <MSG>: 
2.97983
-0.0379738
0.0772294
0.0168949
-0.0994486
0.0329227
-2.64454
4.32618
0.32831
0.0219382
0.051378
00:01:942: <MSG>: 
2.98966
-0.00847702
0.0789253
0.0245421
-0.10313
0.0101147
-2.59853
4.34902
0.32985
0.0185738
0.0462669
00:01:952: <MSG>: 
2.99414
0.0055097
0.08036
0.0286563
-0.106389
-0.00901928
-2.55118
4.37939
0.330252
0.016907
0.042492
00:01:961: <MSG>: 
2.99715
0.0147034
0.0815717
0.0314939
-0.109435
-0.0259101
-2.50383
4.40597
0.330433
0.0158753
0.0395985
00:01:972: <MSG>: 
3.00094
0.0254482
0.0829503
0.0352707
-0.112339
-0.0410722
-2.45648
4.43089
0.330779
0.0148534
0.0373691
00:01:982: <MSG>: 
3.00002
0.0226451
0.0834166
0.0345836
-0.114972
-0.0538918
-2.41127
4.44809
0.330424
0.015117
0.0357633
00:01:991: <MSG>: 
2.99793
0.0163564
0.0835645
0.0328297
-0.11754
-0.0654165
-2.36405
4.45841
0.32999
0.0157144
0.0345637
00:02:001: <MSG>: 
2.99841
0.0173312
0.0842794
0.0341217
-0.120038
-0.0762143
-2.32051
4.47126
0.329971
0.0156938
0.0336242
00:02:010: <MSG>: 
2.99731
0.0136975
0.0846489
0.0340765
-0.122409
-0.0855014
-2.27605
4.47815
0.32979
0.016042
0.0329639
00:02:020: <MSG>: 
2.99489
0.00636076
0.0847003
0.0329806
-0.124692
-0.0936509
-2.23196
4.47905
0.3295
0.0166459
0.0325006
00:02:029: <MSG>: 
2.99285
0.000207179
0.0849164
0.0329284
-0.126936
-0.100869
-2.18669
4.47635
0.329317
0.017065
0.0321839
00:02:039: <MSG>: 
2.99147
-0.00397026
0.0855135
0.0353096
-0.129059
-0.107281
-2.14592
4.46327
0.329309
0.0171059
0.0319705
00:02:048: <MSG>: 
2.99024
-0.00753555
0.0862519
0.0382011
-0.131022
-0.112428
-2.10551
4.44952
0.329319
0.0170233
0.0318468
00:02:058: <MSG>: 
2.98911
-0.0106354
0.0870797
0.0413185
-0.132864
-0.116684
-2.06588
4.43546
0.329333
0.0168528
0.0317785
00:02:068: <MSG>: 
2.98676
-0.0170806
0.0875651
0.0430346
-0.134514
-0.119524
-2.02662
4.41611
0.32923
0.0168727
0.0317532
00:02:090: <MSG>: 
2.98516
-0.0211223
0.0883208
0.0456105
-0.13609
-0.121741
-1.98683
4.39848
0.329187
0.0166875
0.0317474
00:02:109: <MSG>: 
2.98396
-0.0238127
0.0891924
0.048437
-0.137546
-0.123282
-1.94772
4.38162
0.329163
0.0164012
0.0317516
00:02:128: <MSG>: 
2.98274
-0.0264405
0.0900437
0.0509945
-0.13887
-0.124049
-1.90885
4.36475
0.329125
0.0161176
0.0317573
00:02:147: <MSG>: 
2.98275
-0.0254214
0.0912546
0.0545823
-0.140041
-0.124173
-1.87042
4.35334
0.329156
0.0156378
0.0317587
00:02:163: <MSG>: 
2.98094
-0.0295896
0.0915309
0.0546754
-0.140951
-0.12284
-1.83384
4.32899
0.329043
0.0155466
0.0317389
00:02:181: <MSG>: 
2.97988
-0.0305251
0.0925295
0.0553732
-0.142842
-0.120522
-1.75554
4.30412
0.328964
0.0152923
0.031691
00:02:199: <MSG>: 
2.97904
-0.0302579
0.0936323
0.0570167
-0.144394
-0.116558
-1.67945
4.26144
0.32883
0.0148225
0.0315953
00:02:218: <MSG>: 
2.9792
-0.027552
0.0936073
0.0545704
-0.145261
-0.111724
-1.62036
4.21701
0.328718
0.0147306
0.031471
00:02:234: <MSG>: 
2.98099
-0.0202368
0.0978212
0.0668838
-0.146099
-0.106171
-1.54088
4.24607
0.328798
0.0136366
0.0313232
00:02:251: <MSG>: 
2.98282
-0.0130701
0.101132
0.0748
-0.146614
-0.0990402
-1.45996
4.26018
0.328826
0.0129154
0.0311323
00:02:270: <MSG>: 
2.98104
-0.0173299
0.105944
0.0873705
-0.146604
-0.0893227
-1.36723
4.30724
0.328837
0.0120419
0.0308769
00:02:289: <MSG>: 
2.97793
-0.0255103
0.10998
0.0978617
-0.1458
-0.0782844
-1.29242
4.33948
0.328791
0.0113343
0.030596
00:02:306: <MSG>: 
2.97435
-0.034476
0.113629
0.106358
-0.144903
-0.0670466
-1.21389
4.35235
0.328702
0.0107745
0.0303228
00:02:324: <MSG>: 
2.97115
-0.0420034
0.116396
0.110434
-0.143871
-0.0557698
-1.13346
4.35216
0.328636
0.0105203
0.0300646
00:02:341: <MSG>: 
2.97059
-0.0412902
0.118084
0.109795
-0.142873
-0.0455585
-1.05478
4.33391
0.328608
0.0105973
0.0298474
00:02:359: <MSG>: 
2.96691
-0.0503432
0.119914
0.11065
-0.141519
-0.0348616
-0.982515
4.32094
0.328559
0.0105324
0.0296369
00:02:376: <MSG>: 
2.97278
-0.0280527
0.117466
0.0924471
-0.138475
-0.021807
-0.917592
4.25934
0.326858
0.012658
0.0282949
00:02:397: <MSG>: 
2.97296
-0.0244567
0.115013
0.0751009
-0.135303
-0.00839802
-0.853627
4.20346
0.325829
0.0134774
0.0271456
00:02:416: <MSG>: 
2.97773
-0.00782289
0.113549
0.0630846
-0.13284
0.00207182
-0.787901
4.16529
0.324981
0.014587
0.0264187
00:02:435: <MSG>: 
2.98081
0.00258581
0.111994
0.0517325
-0.130501
0.0118844
-0.723893
4.12381
0.324453
0.0152488
0.0258814
00:02:455: <MSG>: 
2.98212
0.00708429
0.110369
0.0398972
-0.128034
0.0219918
-0.647057
4.08523
0.324139
0.0155036
0.0254786
00:02:474: <MSG>: 
2.99099
0.032651
0.110361
0.0362766
-0.128066
0.0191465
-0.574817
4.07163
0.324757
0.0154955
0.0253687
00:02:492: <MSG>: 
2.98536
0.015436
0.106844
0.0174047
-0.125041
0.0317624
-0.506179
4.03217
0.324777
0.0145743
0.0249724
00:02:510: <MSG>: 
2.98042
0.000764451
0.103281
1.73499e-05
-0.122069
0.0431401
-0.428785
3.99278
0.3249
0.0137531
0.0247321
00:02:529: <MSG>: 
2.97425
-0.0167235
0.0989119
-0.0192378
-0.119246
0.0534942
-0.36298
3.95335
0.325149
0.0127838
0.0245911
00:02:546: <MSG>: 
2.97268
-0.019869
0.0958301
-0.0313068
-0.11689
0.0606594
-0.295594
3.92363
0.325272
0.0123871
0.0245386
00:02:567: <MSG>: 
2.96807
-0.0318882
0.0910246
-0.0496046
-0.114512
0.0677099
-0.235867
3.87862
0.325577
0.0116131
0.0245216
00:02:585: <MSG>: 
2.96536
-0.0376273
0.086036
-0.0676155
-0.112298
0.0730448
-0.172839
3.84096
0.325908
0.0109563
0.0245311
00:02:603: <MSG>: 
2.96414
-0.0384632
0.0809458
-0.0835026
-0.110225
0.0768338
-0.110359
3.78765
0.326144
0.0104906
0.0245509
00:02:618: <MSG>: 
2.96303
-0.0386176
0.0742292
-0.103916
-0.108118
0.0799286
-0.0488187
3.71085
0.32646
0.00990508
0.0245756
00:02:638: <MSG>: 
2.96649
-0.0264116
0.0736349
-0.101388
-0.106458
0.0810297
0.0287552
3.76394
0.326515
0.0100737
0.0245864
00:02:657: <MSG>: 
2.96518
-0.029991
0.0759009
-0.0883467
-0.104598
0.0833339
0.117145
3.87814
0.326464
0.0104055
0.024612
00:02:673: <MSG>: 
2.9629
-0.0362223
0.0779186
-0.0771523
-0.103101
0.0844896
0.193617
3.96666
0.32636
0.0106997
0.0246257
00:02:689: <MSG>: 
2.95851
-0.0479279
0.0794125
-0.0670371
-0.101217
0.085832
0.284925
4.04274
0.326208
0.0109729
0.0246426
00:02:705: <MSG>: 
2.95811
-0.0462979
0.0794151
-0.0619998
-0.099754
0.0848912
0.365332
4.06072
0.326079
0.0111257
0.0246305
00:02:721: <MSG>: 
2.96454
-0.0237395
0.0789872
-0.0620809
-0.103356
0.0558226
0.437844
4.10103
0.326327
0.0101566
0.0224757
00:02:738: <MSG>: 
2.98002
0.0234872
0.0802802
-0.0542519
-0.106962
0.0299354
0.512808
4.15228
0.327336
0.00890263
0.0208178
00:02:756: <MSG>: 
2.98882
0.0487619
0.0810718
-0.0491977
-0.109873
0.0106207
0.589263
4.19984
0.327735
0.00827228
0.0197711
00:02:776: <MSG>: 
2.99586
0.0673623
0.0817435
-0.0443127
-0.112584
-0.00559379
0.664035
4.23603
0.32803
0.00786867
0.0190417
00:02:793: <MSG>: 
2.99388
0.0582047
0.0811652
-0.0448181
-0.114704
-0.0168808
0.740745
4.26283
0.327758
0.00813535
0.0186339
00:02:809: <MSG>: 
2.99078
0.0459224
0.0804188
-0.0448432
-0.116653
-0.0260774
0.814843
4.27261
0.327538
0.0084439
0.0183754
00:02:827: <MSG>: 
2.99306
0.0496207
0.0807388
-0.0391784
-0.118749
-0.0346059
0.906141
4.28456
0.327623
0.00834172
0.0182083
00:02:844: <MSG>: 
2.99286
0.0463519
0.0808438
-0.0357681
-0.120375
-0.0403855
0.97877
4.29681
0.327593
0.00838683
0.0181276
00:02:860: <MSG>: 
2.99003
0.0355377
0.0805369
-0.0334659
-0.121636
-0.0436846
1.0473
4.29134
0.327496
0.00850554
0.0180976
00:02:876: <MSG>: 
2.98765
0.0265176
0.0805022
-0.0292156
-0.122823
-0.0458848
1.12054
4.27291
0.327434
0.0084721
0.0180875
00:02:894: <MSG>: 
2.98754
0.0247904
0.0810083
-0.0237548
-0.123847
-0.0470517
1.19467
4.26635
0.327426
0.00831842
0.0180866
00:02:913: <MSG>: 
2.98514
0.0166258
0.0807826
-0.021145
-0.124485
-0.0464065
1.25857
4.23905
0.327357
0.00824563
0.0180853
00:02:929: <MSG>: 
2.98273
0.00896618
0.0804051
-0.019108
-0.124995
-0.0451404
1.3206
4.20394
0.327283
0.00815106
0.0180798
00:02:949: <MSG>: 
2.97926
-0.00140461
0.078713
-0.0223027
-0.125236
-0.0420799
1.38762
4.15256
0.327194
0.00820008
0.0180601
00:02:965: <MSG>: 
2.97997
0.00114194
0.078348
-0.0210263
-0.125577
-0.0397119
1.46161
4.12958
0.32717
0.00808262
0.018041
00:02:983: <MSG>: 
2.9791
-0.000812243
0.0757533
-0.0280036
-0.125524
-0.0361263
1.51472
4.0618
0.327116
0.00817546
0.0180085
00:03:000: <MSG>: 
2.98149
0.00620442
0.0792918
-0.012116
-0.125594
-0.0328106
1.60492
4.11729
0.327105
0.00773873
0.0179755
00:03:016: <MSG>: 
2.98295
0.0102435
0.0829215
0.00312385
-0.125414
-0.0291061
1.6808
4.1641
0.327065
0.00731706
0.0179373
00:03:032: <MSG>: 
2.98188
0.00640794
0.0864975
0.0170498
-0.124898
-0.023663
1.76645
4.21426
0.327019
0.00695403
0.0178799
00:03:050: <MSG>: 
2.98179
0.00601575
0.0893299
0.0277844
-0.124394
-0.0189195
1.8441
4.23739
0.326958
0.00665872
0.0178299
00:03:068: <MSG>: 
2.97811
-0.00513653
0.0926364
0.0401684
-0.123524
-0.0128316
1.91765
4.26682
0.326883
0.0063181
0.0177669
00:03:084: <MSG>: 
2.9942
0.0422382
0.0937477
0.0421501
-0.124538
-0.0161777
1.98646
4.27032
0.326675
0.00775007
0.0179948
00:03:100: <MSG>: 
3.00652
0.0761255
0.0949457
0.044163
-0.125047
-0.017108
2.06335
4.27004
0.326557
0.00868899
0.0180482
00:03:119: <MSG>: 
3.00882
0.0792195
0.0960843
0.044444
-0.124308
-0.0124988
2.14283
4.28969
0.326403
0.00878582
0.0178288
00:03:136: <MSG>: 
3.01633
0.0976135
0.0975358
0.0471084
-0.123636
-0.00852772
2.21354
4.30034
0.326305
0.00921422
0.0176727
00:03:152: <MSG>: 
3.0179
0.0976215
0.0981816
0.0465514
-0.122516
-0.00262236
2.28296
4.29952
0.326293
0.00921994
0.0174856
00:03:169: <MSG>: 
3.01855
0.0942029
0.0988171
0.0453505
-0.121343
0.00329541
2.36389
4.30143
0.326297
0.00914318
0.0173447
00:03:185: <MSG>: 
3.02022
0.0944447
0.0997596
0.0462433
-0.120258
0.00841163
2.43602
4.30228
0.326299
0.00915249
0.0172543
00:03:201: <MSG>: 
3.0158
0.0768483
0.0995463
0.0431985
-0.118695
0.0156502
2.50201
4.28574
0.326416
0.00884791
0.0171636
00:03:217: <MSG>: 
3.00953
0.0545655
0.0988504
0.0378909
-0.117089
0.0226334
2.57001
4.27853
0.326592
0.00842985
0.017108
00:03:237: <MSG>: 
3.00441
0.0365818
0.0986509
0.0352756
-0.115591
0.0285127
2.64001
4.2717
0.326721
0.00814597
0.0170849
00:03:253: <MSG>: 
2.99788
0.0154517
0.0979704
0.0314778
-0.113935
0.034886
2.70497
4.25217
0.326859
0.00785379
0.0170809
00:03:270: <MSG>: 
2.99366
0.00246829
0.096792
0.0257471
-0.112564
0.0392311
2.76673
4.21578
0.326951
0.00767099
0.0170903
00:03:287: <MSG>: 
2.9882
-0.0135482
0.094859
0.0171289
-0.111012
0.0435691
2.83913
4.17123
0.32711
0.00741266
0.0171111
00:03:305: <MSG>: 
2.98246
-0.0295461
0.0919198
0.0048127
-0.109465
0.048024
2.90033
4.12546
0.327379
0.00706393
0.0171403
00:03:322: <MSG>: 
2.97808
-0.0407216
0.0890476
-0.00630657
-0.108123
0.0511044
2.95839
4.07811
0.3276
0.00678883
0.0171647
00:03:340: <MSG>: 
2.97863
-0.036726
0.0884092
-0.00839098
-0.107021
0.0522964
3.02635
4.06323
0.327607
0.00677915
0.0171754
00:03:357: <MSG>: 
2.97805
-0.0360571
0.0851464
-0.0207678
-0.105887
0.0536825
3.08527
4.01283
0.327848
0.00652728
0.0171888
00:03:373: <MSG>: 
2.98032
-0.0275243
0.0864497
-0.0158606
-0.104813
0.0540039
-3.11333
4.05923
0.327795
0.00662509
0.0171921
00:03:391: <MSG>: 
2.98249
-0.0195111
0.0864896
-0.015325
-0.103866
0.0540622
-3.04143
4.06707
0.327787
0.00664323
0.0171927
00:03:407: <MSG>: 
2.98108
-0.0230542
0.0888189
-0.00563603
-0.102772
0.0551177
-2.96437
4.1153
0.327579
0.00685258
0.0172036
00:03:424: <MSG>: 
2.97815
-0.0309806
0.0906154
0.00101741
-0.10163
0.0562435
-2.88589
4.16046
0.327441
0.00700429
0.0172149
00:03:441: <MSG>: 
2.97548
-0.0374528
0.0918769
0.00604591
-0.100489
0.0570974
-2.80915
4.18042
0.327307
0.00712775
0.0172233
00:03:458: <MSG>: 
2.9832
-0.0117481
0.0925557
0.00536027
-0.103987
0.0323169
-2.73497
4.22144
0.327508
0.00611024
0.0156318
00:03:474: <MSG>: 
2.9908
0.0122415
0.0934157
0.00545025
-0.106943
0.012877
-2.65717
4.2661
0.327671
0.00529744
0.0145708
00:03:491: <MSG>: 
3.00577
0.0561234
0.0953864
0.0113683
-0.110115
-0.00588649
-2.57741
4.30715
0.328344
0.00427538
0.0137199
00:03:508: <MSG>: 
3.00972
0.0654983
0.0963106
0.0116868
-0.112545
-0.0187047
-2.49592
4.35356
0.328277
0.00402938
0.013246
00:03:523: <MSG>: 
3.01185
0.0688366
0.0970004
0.0121188
-0.114758
-0.0291352
-2.41874
4.38553
0.328209
0.00397085
0.0129367
00:03:543: <MSG>: 
3.00785
0.0535406
0.0967853
0.0100845
-0.116413
-0.035484
-2.3435
4.39456
0.327969
0.00428833
0.0127912
00:03:559: <MSG>: 
3.00295
0.0362251
0.0963437
0.00747755
-0.117891
-0.0401871
-2.26686
4.40087
0.327742
0.00463258
0.012712
00:03:575: <MSG>: 
2.99859
0.0214246
0.096094
0.0066259
-0.119178
-0.043633
-2.19653
4.39762
0.327601
0.00488317
0.0126712
00:03:591: <MSG>: 
2.99583
0.0118526
0.0962561
0.00775399
-0.120395
-0.0456367
-2.11267
4.39087
0.327537
0.0049895
0.0126576
00:03:607: <MSG>: 
2.99088
-0.00347539
0.0959525
0.00765252
-0.121119
-0.0456774
-2.04764
4.37012
0.327438
0.005141
0.0126575
00:03:623: <MSG>: 
2.98719
-0.0142694
0.095991
0.00910381
-0.121772
-0.045294
-1.98257
4.34653
0.327376
0.00517185
0.0126577
00:03:640: <MSG>: 
2.98464
-0.0210966
0.0963595
0.0118978
-0.122365
-0.0445551
-1.91706
4.32053
0.32733
0.00510224
0.0126561
00:03:657: <MSG>: 
2.98072
-0.0314869
0.0960661
0.0123268
-0.122597
-0.0419764
-1.85533
4.27751
0.327254
0.00507206
0.0126452
00:03:673: <MSG>: 
2.97754
-0.0391433
0.0953646
0.0102865
-0.122763
-0.0392226
-1.79207
4.24093
0.327197
0.00509712
0.012629
00:03:690: <MSG>: 
2.97584
-0.0418332
0.0948808
0.0093831
-0.122948
-0.036693
-1.7276
4.19979
0.327144
0.00504656
0.0126105
00:03:707: <MSG>: 
2.97564
-0.039752
0.0940799
0.00656403
-0.122997
-0.033562
-1.66072
4.16221
0.327112
0.00503945
0.0125844
00:03:723: <MSG>: 
2.97811
-0.0313883
0.100919
0.0323326
-0.12294
-0.0304423
-1.57301
4.27106
0.327127
0.0044626
0.0125563
00:03:740: <MSG>: 
2.98024
-0.0230183
0.101253
0.0327169
-0.122843
-0.0273529
-1.50933
4.23883
0.327084
0.00437615
0.0125271
00:03:756: <MSG>: 
2.97996
-0.0228695
0.105757
0.0488212
-0.122411
-0.0226812
-1.42806
4.28643
0.327032
0.00398463
0.0124819
00:03:775: <MSG>: 
2.97853
-0.0261525
0.108978
0.0584728
-0.121858
-0.0178251
-1.34994
4.32028
0.327001
0.00375575
0.0124347
00:03:791: <MSG>: 
2.97478
-0.0362083
0.112076
0.0676216
-0.121023
-0.0119511
-1.2735
4.34639
0.326956
0.00352764
0.0123782
00:03:807: <MSG>: 
2.96957
-0.0500742
0.114745
0.0749577
-0.120049
-0.00585423
-1.19925
4.35962
0.326906
0.00332742
0.0123209
00:03:824: <MSG>: 
2.96567
-0.0590826
0.116252
0.0763633
-0.119084
-0.000267614
-1.12084
4.355
0.326888
0.00327015
0.0122703
00:03:840: <MSG>: 
2.96465
-0.0592569
0.116745
0.0744498
-0.118212
0.00430817
-1.05375
4.32869
0.32688
0.0033213
0.0122308
00:03:858: <MSG>: 
2.96856
-0.0430756
0.112952
0.0531018
-0.118409
0.00318367
-0.99527
4.26351
0.325862
0.00429926
0.0122993
00:03:874: <MSG>: 
2.97802
-0.0125652
0.11111
0.042504
-0.118929
0.000705096
-0.936094
4.2123
0.32538
0.00535706
0.0124272
00:03:891: <MSG>: 
2.97762
-0.012545
0.10897
0.0306518
-0.118377
0.0031284
-0.874913
4.17078
0.32507
0.00551871
0.0123234
00:03:908: <MSG>: 
2.98838
0.0203936
0.108507
0.0260115
-0.118732
0.00122431
-0.806233
4.14948
0.324746
0.00635654
0.0123887
00:03:924: <MSG>: 
2.9905
0.0261023
0.106875
0.0171985
-0.118358
0.00292142
-0.744436
4.11588
0.324582
0.00652473
0.0123425
00:03:941: <MSG>: 
2.99026
0.0245025
0.105022
0.00831874
-0.11774
0.00572347
-0.683272
4.07925
0.324511
0.00650803
0.0122841
00:03:958: <MSG>: 
2.98126
-0.00284244
0.101383
-0.00765762
-0.116465
0.0116743
-0.623819
4.03907
0.324576
0.00592869
0.0121933
00:03:976: <MSG>: 
2.99331
0.0324383
0.101025
-0.0102847
-0.116608
0.00959738
-0.555807
4.04555
0.325304
0.00577034
0.0121189
00:03:992: <MSG>: 
2.98714
0.0131206
0.0980928
-0.0213422
-0.115483
0.0145228
-0.49734
4.00567
0.325369
0.00530566
0.0120506
00:04:008: <MSG>: 
2.98257
-0.000567568
0.0951879
-0.0322906
-0.114365
0.0190344
-0.434022
3.98136
0.32545
0.00490438
0.0120077
00:04:024: <MSG>: 
2.97628
-0.0187869
0.0918327
-0.043091
-0.113087
0.0238931
-0.367669
3.93982
0.325556
0.00449086
0.0119814
00:04:041: <MSG>: 
2.97451
-0.0228401
0.0896402
-0.049275
-0.112146
0.0268788
-0.309402
3.91631
0.325601
0.00433959
0.011974
00:04:057: <MSG>: 
2.96955
-0.0360617
0.0856321
-0.0629517
-0.111014
0.030719
-0.25544
3.88123
0.325775
0.00392762
0.0119739
00:04:075: <MSG>: 
2.96408
-0.0499593
0.0807598
-0.0783697
-0.109839
0.0343146
-0.201129
3.82703
0.325955
0.00351007
0.0119819
00:04:091: <MSG>: 
2.96024
-0.0583167
0.0758506
-0.0926851
-0.108733
0.0372275
-0.148211
3.76951
0.326107
0.00317963
0.0119935
00:04:108: <MSG>: 
2.96141
-0.0515986
0.0724488
-0.101627
-0.107852
0.0386768
-0.0885929
3.75583
0.326243
0.0030391
0.0120014
00:04:124: <MSG>: 
2.96047
-0.0508544
0.0657679
-0.121188
-0.106861
0.040422
-0.0389237
3.67326
0.326464
0.00267573
0.0120129
00:04:140: <MSG>: 
2.96356
-0.0390209
0.0642161
-0.12069
-0.106064
0.0411283
0.0251249
3.69096
0.326477
0.0027339
0.012018
00:04:158: <MSG>: 
2.9623
-0.0418293
0.0669773
-0.104449
-0.104944
0.0435686
0.107869
3.8078
0.326351
0.00303259
0.0120373
00:04:175: <MSG>: 
2.9644
-0.0336444
0.0671857
-0.0983558
-0.104076
0.0444329
0.178728
3.85379
0.326297
0.00316868
0.0120444
00:04:193: <MSG>: 
2.96079
-0.0433248
0.069582
-0.0836345
-0.102904
0.0469224
0.25669
3.9354
0.326075
0.00344705
0.0120652
00:04:209: <MSG>: 
2.96576
-0.0267096
0.071521
-0.0719183
-0.105341
0.028376
0.337689
4.00743
0.326287
0.00333923
0.0110068
00:04:226: <MSG>: 
2.97288
-0.00444718
0.0724855
-0.0643747
-0.107676
0.012484
0.413388
4.05311
0.326631
0.00304158
0.0102314
00:04:242: <MSG>: 
2.97428
-0.000275865
0.0737676
-0.0558835
-0.109507
0.000977073
0.497695
4.1118
0.326615
0.00310527
0.00976596
00:04:259: <MSG>: 
2.98318
0.0259456
0.0757517
-0.0456393
-0.111537
-0.0103879
0.576359
4.17508
0.326932
0.00277228
0.00938457
00:04:275: <MSG>: 
2.98698
0.0356773
0.0770426
-0.0380828
-0.113186
-0.0185534
0.652922
4.22017
0.327026
0.00268936
0.00916176
00:04:291: <MSG>: 
2.98843
0.0378805
0.0780825
-0.0312906
-0.114527
-0.0242469
0.727912
4.252
0.32705
0.00270185
0.00903864
00:04:309: <MSG>: 
2.98816
0.0347929
0.078829
-0.0262103
-0.115576
-0.0277664
0.804574
4.28398
0.327006
0.0027719
0.0089806
00:04:325: <MSG>: 
2.98963
0.037026
0.08002
-0.0189598
-0.116594
-0.0307315
0.881582
4.30593
0.327038
0.00271915
0.00894536
00:04:342: <MSG>: 
2.98915
0.0334881
0.0809806
-0.0125747
-0.117306
-0.0318779
0.95302
4.31277
0.327027
0.00269936
0.00893611
00:04:359: <MSG>: 
2.98587
0.0217402
0.0812059
-0.00964193
-0.117685
-0.0310013
1.0267
4.31477
0.326957
0.00279028
0.00894017
00:04:375: <MSG>: 
2.98327
0.0127638
0.0816891
-0.00539948
-0.117992
-0.0298008
1.09929
4.30637
0.326907
0.00278403
0.0089422
00:04:391: <MSG>: 
2.98269
0.0103474
0.0827734
0.0010609
-0.118205
-0.0282499
1.17048
4.29547
0.326879
0.00264636
0.00894107
00:04:408: <MSG>: 
2.97964
0.00080176
0.0826894
0.0021843
-0.118113
-0.0252433
1.23901
4.27511
0.326828
0.00265276
0.00893298
00:04:426: <MSG>: 
2.97708
-0.00670824
0.0825701
0.00320348
-0.117965
-0.0223167
1.30283
4.24896
0.326782
0.00262645
0.00892066
00:04:442: <MSG>: 
2.97645
-0.0080135
0.0830171
0.00630338
-0.117787
-0.0194284
1.36932
4.22627
0.326741
0.00251435
0.00890485
00:04:458: <MSG>: 
2.97424
-0.013766
0.0813114
0.000399534
-0.117416
-0.0158018
1.42954
4.17872
0.326719
0.0026033
0.00888154
00:04:476: <MSG>: 
2.9754
-0.00932443
0.0815418
0.00210805
-0.117181
-0.0131421
1.49808
4.16103
0.326694
0.00251546
0.00886245
00:04:492: <MSG>: 
2.97699
-0.00362578
0.080931
0.000844919
-0.1168
-0.00999179
1.56036
4.12154
0.326665
0.00247632
0.00883833
00:04:508: <MSG>: 
2.978
-0.000836255
0.0845958
0.0144746
-0.116255
-0.00627904
1.64005
4.18543
0.32663
0.00221552
0.00880887
00:04:525: <MSG>: 
2.9769
-0.00446703
0.0890307
0.0306386
-0.115515
-0.00185774
1.72294
4.25492
0.326569
0.00190271
0.00877325
00:04:542: <MSG>: 
2.97544
-0.00867242
0.0921927
0.041644
-0.114712
0.00251314
1.80125
4.28647
0.326505
0.00167397
0.0087381
00:04:559: <MSG>: 
2.97318
-0.0151003
0.0947344
0.0489278
-0.113831
0.0069119
1.87844
4.31682
0.326469
0.00152377
0.00870333
00:04:577: <MSG>: 
2.98536
0.0216047
0.094445
0.0449478
-0.115177
0.000578967
1.94463
4.29051
0.32641
0.00244071
0.00905053
00:04:593: <MSG>: 
2.9972
0.0554722
0.0954086
0.0456453
-0.116625
-0.00591276
2.01576
4.28916
0.326364
0.0031514
0.00935423
00:04:612: <MSG>: 
3.00919
0.0880926
0.0969055
0.0480463
-0.117845
-0.0110252
2.09141
4.29701
0.326306
0.00376556
0.00955378
00:04:627: <MSG>: 
3.01963
0.11455
0.0986674
0.0517946
-0.11869
-0.014126
2.16442
4.30474
0.326291
0.00421006
0.0096537
00:04:643: <MSG>: 
3.0249
0.124312
0.0997893
0.0518146
-0.118669
-0.0128334
2.24221
4.31606
0.326215
0.00437202
0.00962043
00:04:659: <MSG>: 
3.02423
0.115544
0.100131
0.0494547
-0.118158
-0.00915575
2.32076
4.30785
0.326235
0.00424578
0.00954806
00:04:676: <MSG>: 
3.02451
0.111004
0.100665
0.0487545
-0.117653
-0.00591344
2.38743
4.30161
0.326256
0.00418651
0.00949912
00:04:692: <MSG>: 
3.02221
0.0990719
0.100737
0.0456929
-0.116866
-0.00145033
2.45547
4.30579
0.326302
0.00400277
0.00944999
00:04:709: <MSG>: 
3.0184
0.0830558
0.100553
0.0422472
-0.115914
0.00358171
2.52391
4.30114
0.32638
0.00378612
0.0094133
00:04:727: <MSG>: 
3.01213
0.0604596
0.100008
0.0381678
-0.11485
0.00883281
2.59149
4.28756
0.326491
0.0035187
0.00939218
00:04:743: <MSG>: 
3.00736
0.0434224
0.0996688
0.0353369
-0.113886
0.0131725
2.65802
4.27054
0.326564
0.00334723
0.00938684
00:04:759: <MSG>: 
3.00371
0.0306093
0.0986303
0.0290791
-0.112888
0.0173096
2.72629
4.24943
0.32667
0.00317431
0.00939182
00:04:776: <MSG>: 
2.99803
0.0125089
0.0969158
0.0213428
-0.111725
0.0219132
2.79398
4.20709
0.326781
0.00298042
0.00940688
00:04:792: <MSG>: 
2.99144
-0.0072781
0.0941797
0.00963978
-0.110519
0.0265309
2.85392
4.166
0.32699
0.00270735
0.00942892
00:04:808: <MSG>: 
2.98566
-0.0236668
0.0912324
-0.00200541
-0.109328
0.0307462
2.9105
4.11917
0.327181
0.00247027
0.00945399
00:04:825: <MSG>: 
2.98088
-0.0362179
0.0882243
-0.0129525
-0.108234
0.0339413
2.96899
4.06762
0.327344
0.00227514
0.00947605
00:04:843: <MSG>: 
2.98183
-0.0314162
0.0880077
-0.0129863
-0.107425
0.0352391
3.03654
4.06174
0.32732
0.00229723
0.00948592
00:04:859: <MSG>: 
2.98132
-0.030845
0.0848657
-0.0247232
-0.106533
0.0370007
3.09362
4.0153
0.327503
0.00212392
0.0095001
00:04:876: <MSG>: 
2.98298
-0.0249419
0.0875877
-0.0138236
-0.105706
0.0382244
-3.11137
4.08169
0.327357
0.00228668
0.00951027
00:04:892: <MSG>: 
2.9835
-0.0223088
0.0896955
-0.0049073
-0.104871
0.0390325
-3.03041
4.12085
0.327202
0.00242727
0.00951706
00:04:910: <MSG>: 
2.98153
-0.0274839
0.0919291
0.00344226
-0.103841
0.0410661
-2.95105
4.17184
0.327075
0.00255465
0.00953401
00:04:926: <MSG>: 
2.97863
-0.0350838
0.0935506
0.00954138
-0.102818
0.0430805
-2.87864
4.20186
0.326961
0.0026561
0.00955046
00:04:942: <MSG>: 
2.97435
-0.0463835
0.0952581
0.0160519
-0.101737
0.0451582
-2.80525
4.22644
0.326818
0.00277417
0.00956689
00:04:960: <MSG>: 
2.97873
-0.0299332
0.0962024
0.0153617
-0.104138
0.0273732
-2.72391
4.27183
0.326735
0.00217101
0.00858411
00:04:978: <MSG>: 
2.98586
-0.00662253
0.0969778
0.0151333
-0.106458
0.0118923
-2.64521
4.30173
0.326894
0.0015976
0.00786387
00:04:994: <MSG>: 
2.99749
0.0287108
0.0989748
0.0194699
-0.10871
-0.00160482
-2.56614
4.35437
0.327202
0.000936329
0.00733815
00:05:010: <MSG>: 
3.00138
0.0391107
0.0998974
0.020114
-0.110523
-0.0114203
-2.48729
4.38497
0.32721
0.000736792
0.00702622
00:05:026: <MSG>: 
2.99976
0.0324221
0.100072
0.018768
-0.11193
-0.0180622
-2.41163
4.39666
0.32708
0.000837508
0.00685792
00:05:043: <MSG>: 
2.99659
0.0213058
0.100047
0.0168835
-0.113068
-0.0225326
-2.33272
4.406
0.326932
0.00101115
0.0067715
00:05:059: <MSG>: 
2.99423
0.013169
0.100212
0.0167573
-0.114086
-0.0260591
-2.26094
4.40589
0.326867
0.00112615
0.00672056
00:05:076: <MSG>: 
2.99007
3.36235e-05
0.100093
0.0162719
-0.114921
-0.0282589
-2.19137
4.39101
0.32679
0.00127518
0.00669828
00:05:093: <MSG>: 
2.98331
-0.020144
0.0994423
0.0143893
-0.115418
-0.0284881
-2.12643
4.36069
0.326679
0.0014759
0.0066968
00:05:109: <MSG>: 
2.98097
-0.0261906
0.0996363
0.0151139
-0.115986
-0.0290139
-2.05657
4.34945
0.326651
0.00150482
0.00669511
00:05:128: <MSG>: 
2.97767
-0.034656
0.0996603
0.0157044
-0.116343
-0.0283229
-1.98828
4.325
0.326608
0.00151964
0.00669542
00:05:146: <MSG>: 
2.975
-0.0407907
0.0995843
0.015288
-0.116622
-0.0272568
-1.91843
4.3072
0.326575
0.00153861
0.00669345
00:05:161: <MSG>: 
2.97315
-0.0441059
0.0996558
0.015807
-0.11675
-0.0255352
-1.85148
4.28241
0.326541
0.00149705
0.0066871
00:05:177: <MSG>: 
2.97061
-0.0490692
0.0991879
0.0146811
-0.116724
-0.0230775
-1.78598
4.23894
0.326486
0.00146303
0.00667432
00:05:193: <MSG>: 
2.9719
-0.0419976
0.100227
0.0186883
-0.116867
-0.0213939
-1.7041
4.22129
0.326454
0.00130292
0.0066633
00:05:210: <MSG>: 
2.97119
-0.0415575
0.0989808
0.0142764
-0.116628
-0.0183966
-1.6496
4.16373
0.326407
0.00130763
0.00664168
00:05:226: <MSG>: 
2.97437
-0.0298461
0.100205
0.018718
-0.116559
-0.016548
-1.58674
4.1569
0.326379
0.00115825
0.00662745
00:05:243: <MSG>: 
2.97696
-0.0205212
0.100974
0.0202086
-0.116343
-0.0140208
-1.51938
4.15944
0.326379
0.0011043
0.00660712
00:05:260: <MSG>: 
2.97677
-0.0204305
0.104442
0.0321425
-0.11579
-0.00991357
-1.44079
4.21362
0.326352
0.000893257
0.00657329
00:05:277: <MSG>: 
2.97451
-0.0264856
0.107801
0.0434376
-0.115143
-0.00566702
-1.36268
4.25835
0.326307
0.000685757
0.00653812
00:05:293: <MSG>: 
2.9702
-0.038419
0.110707
0.0515831
-0.114214
-0.000310299
-1.28287
4.30635
0.326287
0.000536348
0.00649419
00:05:309: <MSG>: 
2.9644
-0.0540185
0.113209
0.0582779
-0.113165
0.00521402
-1.20307
4.33518
0.32625
0.000389606
0.00644994
00:05:326: <MSG>: 
2.9606
-0.0627435
0.114541
0.0605241
-0.112171
0.00996771
-1.13059
4.33333
0.326223
0.000328288
0.00641324
00:05:343: <MSG>: 
2.95978
-0.0621634
0.114702
0.0571503
-0.111311
0.0136197
-1.06101
4.32129
0.326244
0.000390754
0.00638635
00:05:358: <MSG>: 
2.9557
-0.0715326
0.115189
0.0555753
-0.110316
0.017699
-0.992289
4.31645
0.326247
0.000380224
0.00635795
00:05:375: <MSG>: 
2.95969
-0.0551802
0.111797
0.0377805
-0.111244
0.0124365
-0.932697
4.25073
0.325639
0.00101674
0.00664437
00:05:391: <MSG>: 
2.9601
-0.0502948
0.108922
0.0226099
-0.111727
0.0093818
-0.871203
4.20708
0.325144
0.00127011
0.00678442
00:05:408: <MSG>: 
2.96888
-0.0215666
0.107492
0.0149859
-0.1126
0.00474414
-0.813984
4.17672
0.32483
0.00194941
0.00696279
00:05:423: <MSG>: 
2.97203
-0.0107671
0.105623
0.00619405
-0.112978
0.00257456
-0.750729
4.13845
0.324643
0.00220898
0.00702988
00:05:440: <MSG>: 
2.97293
-0.00728944
0.103608
-0.00255599
-0.113082
0.00187753
-0.694348
4.10117
0.324521
0.00229273
0.00704714
00:05:457: <MSG>: 
2.97195
-0.00936798
0.101393
-0.0121505
-0.113034
0.00195296
-0.627631
4.07415
0.324433
0.00222541
0.00704574
00:05:474: <MSG>: 
2.98705
0.0352846
0.100554
-0.0167102
-0.113364
-0.00024209
-0.567199
4.07175
0.325231
0.00218076
0.00697975
00:05:489: <MSG>: 
2.98165
0.0178898
0.0976441
-0.0272548
-0.112829
0.0024821
-0.506422
4.0307
0.325228
0.0018182
0.00693601
00:05:507: <MSG>: 
2.98048
0.0137823
0.0957444
-0.0329926
-0.112488
0.00401867
-0.443655
4.00273
0.325217
0.00171282
0.00691828
00:05:524: <MSG>: 
2.974
-0.00573758
0.0922
-0.0451311
-0.111684
0.00786221
-0.38251
3.96275
0.325272
0.0013108
0.0068892
00:05:539: <MSG>: 
2.96913
-0.0195941
0.0888895
-0.0559577
-0.111
0.0108481
-0.329275
3.92788
0.32533
0.00100362
0.00687572
00:05:557: <MSG>: 
2.96815
-0.0212523
0.086641
-0.0614876
-0.110498
0.0125627
-0.266944
3.90858
0.325353
0.000909108
0.00687296
00:05:573: <MSG>: 
2.96311
-0.0346313
0.08197
-0.0759815
-0.109647
0.0159466
-0.206599
3.85732
0.325457
0.00057871
0.00687612
00:05:590: <MSG>: 
2.95884
-0.0450859
0.0768904
-0.0914774
-0.108806
0.0191487
-0.157044
3.7959
0.325564
0.000272802
0.00688501
00:05:608: <MSG>: 
2.95913
-0.0415184
0.0734261
-0.0994965
-0.108115
0.0211772
-0.0995934
3.76325
0.325614
0.00017785
0.00689384
00:05:623: <MSG>: 
2.95838
-0.04084
0.0670611
-0.118596
-0.107362
0.0233416
-0.0496696
3.68992
0.325776
-0.000105351
0.00690596
00:05:641: <MSG>: 
2.96191
-0.0284635
0.0670495
-0.112614
-0.106749
0.0245788
0.0212428
3.74093
0.325769
3.53375e-05
0.00691401
00:05:656: <MSG>: 
2.96305
-0.0240846
0.0686639
-0.0995723
-0.105945
0.0266466
0.100428
3.8136
0.325664
0.000249117
0.00692888
00:05:673: <MSG>: 
2.96115
-0.0294236
0.0710653
-0.085812
-0.105045
0.0293265
0.177603
3.9082
0.325572
0.000450404
0.00694924
00:05:690: <MSG>: 
2.95794
-0.0379074
0.0730329
-0.072415
-0.103914
0.0326184
0.261922
3.97658
0.325403
0.000646335
0.00697511
00:05:709: <MSG>: 
2.95845
-0.0346659
0.0735163
-0.066334
-0.103117
0.0343083
0.326518
4.00107
0.325317
0.000738244
0.00698853
00:05:724: <MSG>: 
2.95819
-0.0337926
0.0739432
-0.061043
-0.102257
0.0359201
0.399061
4.03439
0.325252
0.000820439
0.00700126
00:05:742: <MSG>: 
2.97032
0.00349427
0.0760345
-0.0490935
-0.104566
0.0194167
0.476932
4.0846
0.325941
0.00038816
0.00611753
00:05:757: <MSG>: 
2.97511
0.0175137
0.0777488
-0.0398339
-0.106213
0.0081311
0.565845
4.14284
0.326092
0.000273652
0.00561409
00:05:774: <MSG>: 
2.98143
0.0354375
0.0796764
-0.0307172
-0.107835
-0.001571
0.638684
4.19574
0.326306
8.74413e-05
0.00524556
00:05:792: <MSG>: 
2.97939
0.0273574
0.0803509
-0.026221
-0.108861
-0.00708983
0.714825
4.22425
0.3262
0.000274283
0.00507376
00:05:809: <MSG>: 
2.97858
0.0233577
0.081147
-0.02114
-0.109815
-0.0117247
0.785488
4.24564
0.326179
0.000376356
0.00495664
00:05:824: <MSG>: 
2.97918
0.0237574
0.0820178
-0.0162859
-0.110818
-0.0161347
0.862413
4.27175
0.326186
0.000395373
0.0048703
00:05:841: <MSG>: 
2.9786
0.0205246
0.0827652
-0.0113292
-0.111514
-0.0184124
0.93809
4.2811
0.326188
0.000422954
0.00483726
00:05:858: <MSG>: 
2.97514
0.00885123
0.0828486
-0.00944122
-0.111888
-0.0186797
1.01433
4.28448
0.326113
0.000549515
0.00483458
00:05:875: <MSG>: 
2.97319
0.00243449
0.0831884
-0.00668406
-0.112207
-0.0188877
1.07892
4.28581
0.326081
0.000586331
0.00483317
00:05:891: <MSG>: 
2.96979
-0.00790034
0.0831273
-0.00493689
-0.112347
-0.0178995
1.14923
4.26856
0.326024
0.000624592
0.00483663
00:05:908: <MSG>: 
2.97004
-0.0067365
0.084118
0.000940744
-0.112572
-0.0174554
1.22076
4.25724
0.326014
0.00048401
0.00483698
00:05:925: <MSG>: 
2.96612
-0.0179653
0.0831564
-0.00154409
-0.112367
-0.014794
1.28555
4.22407
0.325953
0.000551017
0.00483324
00:05:942: <MSG>: 
2.96618
-0.0166992
0.0835329
0.0012043
-0.112298
-0.0131025
1.35354
4.20748
0.325927
0.000452724
0.00482783
00:05:959: <MSG>: 
2.96441
-0.0207806
0.0818884
-0.00463783
-0.112028
-0.0105094
1.41544
4.16758
0.325905
0.000526494
0.0048159
00:05:974: <MSG>: 
2.96486
-0.0179759
0.0807954
-0.00788482
-0.111769
-0.0081975
1.47905
4.13226
0.325889
0.000523431
0.00480265
00:05:992: <MSG>: 
2.96647
-0.0117414
0.0797314
-0.0106108
-0.111469
-0.00588339
1.54084
4.09286
0.32587
0.000499969
0.00478745
00:06:009: <MSG>: 
2.96828
-0.00496839
0.0760383
-0.0237579
-0.111126
-0.0035378
1.59727
4.01777
0.325889
0.000662973
0.0047706
00:06:024: <MSG>: 
2.96634
-0.0114245
0.0815573
-0.00166313
-0.110429
0.000423426
1.6812
4.13293
0.325837
0.00033499
0.00474082
00:06:041: <MSG>: 
2.96613
-0.0116481
0.0850664
0.0120839
-0.109761
0.00389641
1.76384
4.18921
0.325778
9.73359e-05
0.00471388
00:06:058: <MSG>: 
2.96485
-0.0150351
0.0878105
0.0216451
-0.108989
0.00759687
1.84564
4.23526
0.325737
-6.5843e-05
0.00468492
00:06:075: <MSG>: 
2.96409
-0.0166834
0.0900178
0.0287522
-0.1082
0.0111511
1.91527
4.26844
0.325701
-0.000191454
0.00465746
00:06:093: <MSG>: 
2.96028
-0.0272672
0.0925233
0.0370919
-0.107254
0.0151303
1.99342
4.29818
0.32564
-0.000352565
0.00462734
00:06:108: <MSG>: 
2.97486
0.0174014
0.0934542
0.0377011
-0.109651
0.00347442
2.06818
4.30334
0.325547
0.000595345
0.00523425
00:06:125: <MSG>: 
2.98601
0.0495526
0.0950303
0.0411507
-0.111367
-0.00450706
2.14301
4.31673
0.325534
0.00119133
0.00558801
00:06:142: <MSG>: 
2.99477
0.0728267
0.0963447
0.0435344
-0.112286
-0.00837957
2.22162
4.31889
0.325536
0.00160428
0.0057297
00:06:161: <MSG>: 
2.99831
0.0802395
0.0971083
0.043065
-0.112686
-0.00966558
2.28964
4.33055
0.325456
0.00172425
0.00576901
00:06:181: <MSG>: 
3.00017
0.0817826
0.0977723
0.0424853
-0.112923
-0.0100184
2.3637
4.33335
0.325433
0.00174535
0.00577763
00:06:199: <MSG>: 
3.00301
0.0861498
0.0986805
0.0434323
-0.113125
-0.0101951
2.43531
4.33247
0.325429
0.00181452
0.005781
00:06:214: <MSG>: 
3.00024
0.0729973
0.0988145
0.0409455
-0.112771
-0.00741209
2.51667
4.323
0.325467
0.00163906
0.00574303
00:06:230: <MSG>: 
2.99879
0.0643448
0.0993263
0.0400886
-0.112415
-0.00481106
2.60182
4.31848
0.325494
0.00153721
0.00571985
00:06:250: <MSG>: 
2.99332
0.0446489
0.0987001
0.035067
-0.111747
-0.000859564
2.6766
4.30511
0.325574
0.00129449
0.00569878
00:06:265: <MSG>: 
2.98705
0.0241596
0.0967836
0.0258252
-0.110938
0.00350601
2.73651
4.26512
0.325668
0.00104744
0.00568731
00:06:280: <MSG>: 
2.98187
0.00793405
0.0949012
0.0173661
-0.1102
0.00717065
2.79549
4.22481
0.325748
0.000856778
0.00568627
00:06:296: <MSG>: 
2.97615
-0.00916697
0.0922704
0.00622691
-0.109341
0.0110651
2.86814
4.1739
0.32586
0.000642899
0.00569444
00:06:314: <MSG>: 
2.97149
-0.0221705
0.0895023
-0.00450107
-0.108501
0.0147152
2.92289
4.12251
0.325962
0.000466545
0.00570765
00:06:329: <MSG>: 
2.96772
-0.0318663
0.0864724
-0.0156697
-0.107751
0.0175969
2.9756
4.06855
0.32607
0.000306494
0.00572167
00:06:345: <MSG>: 
2.96995
-0.0236025
0.0863305
-0.0157306
-0.10728
0.0187014
3.0382
4.0683
0.326056
0.000342968
0.00572816
00:06:361: <MSG>: 
2.97073
-0.019469
0.0837861
-0.0249802
-0.10662
0.0204614
3.10531
4.03014
0.326158
0.000249439
0.00574006
00:06:381: <MSG>: 
2.97373
-0.009814
0.0853635
-0.0184434
-0.106069
0.0217579
-3.10761
4.07245
0.326095
0.000346977
0.0057495
00:06:396: <MSG>: 
2.97334
-0.0111804
0.0887317
-0.00499101
-0.105282
0.024243
-3.03006
4.14789
0.325946
0.000504828
0.00576848
00:06:412: <MSG>: 
2.97286
-0.0123477
0.0908038
0.00328714
-0.104473
0.026546
-2.95562
4.18595
0.325828
0.000608463
0.00578655
00:06:428: <MSG>: 
2.97048
-0.0190374
0.0926912
0.0104003
-0.10348
0.0292062
-2.86843
4.2201
0.325718
0.000698229
0.00580757
00:06:445: <MSG>: 
2.96902
-0.0225679
0.0936812
0.0140242
-0.102592
0.0315585
-2.7997
4.22968
0.325648
0.000745382
0.00582594
00:06:461: <MSG>: 
2.96641
-0.0294497
0.0945976
0.0174363
-0.101761
0.0334476
-2.73314
4.23502
0.325571
0.00079343
0.00584037
00:06:478: <MSG>: 
2.97451
-0.00323913
0.0959948
0.019795
-0.104059
0.0174941
-2.6579
4.27218
0.325767
0.000234092
0.00498935
00:06:497: <MSG>: 
2.98609
0.031989
0.0981639
0.02488
-0.106132
0.00423215
-2.57401
4.32083
0.326084
-0.000381243
0.00439389
00:06:513: <MSG>: 
2.99025
0.0432595
0.0993227
0.0263469
-0.107782
-0.00527045
-2.5008
4.35217
0.326096
-0.000591183
0.00403313
00:06:529: <MSG>: 
2.9918
0.0458516
0.100173
0.0272412
-0.109124
-0.0121789
-2.42525
4.36955
0.326072
-0.000630003
0.00381814
00:06:545: <MSG>: 
2.98903
0.0351448
0.10042
0.0257034
-0.110125
-0.0164653
-2.34468
4.37988
0.325921
-0.000474756
0.00371343
00:06:561: <MSG>: 
2.98728
0.0280737
0.100801
0.025798
-0.111041
-0.0199729
-2.27198
4.37945
0.325867
-0.00037653
0.0036469
00:06:581: <MSG>: 
2.98381
0.0163085
0.100741
0.0238472
-0.111763
-0.0221644
-2.20168
4.38106
0.325765
-0.000215122
0.00361554
00:06:596: <MSG>: 
2.98545
0.0203231
0.101849
0.0270306
-0.112613
-0.0247958
-2.12836
4.3862
0.325804
-0.000281728
0.003589
00:06:612: <MSG>: 
2.98321
0.012545
0.102179
0.0277432
-0.113088
-0.0251477
-2.05899
4.36951
0.325772
-0.00024014
0.00358673
00:06:628: <MSG>: 
2.97995
0.00209666
0.102215
0.0271219
-0.113402
-0.0241973
-1.9785
4.34373
0.325721
-0.000186807
0.00358942
00:06:644: <MSG>: 
2.97774
-0.00450513
0.10232
0.027255
-0.113593
-0.0232177
-1.91619
4.31776
0.325683
-0.000188854
0.00358993
00:06:661: <MSG>: 
2.97446
-0.0138612
0.101808
0.0251837
-0.113504
-0.0207755
-1.85538
4.27737
0.325627
-0.000165014
0.00358625
00:06:677: <MSG>: 
2.97175
-0.0210585
0.100808
0.0204244
-0.113387
-0.0183548
-1.79247
4.2434
0.325592
-9.25828e-05
0.00357842
00:06:693: <MSG>: 
2.97047
-0.023627
0.0999145
0.0163158
-0.113294
-0.0163805
-1.73412
4.21153
0.32557
-5.47973e-05
0.00356945
00:06:709: <MSG>: 
2.97119
-0.0199317
0.0998926
0.0158406
-0.113215
-0.0144795
-1.66644
4.18816
0.32555
-0.000103354
0.00355853
00:06:726: <MSG>: 
2.9715
-0.0173106
0.0980998
0.00911473
-0.11304
-0.0122284
-1.60581
4.12458
0.325516
-6.87167e-05
0.00354356
00:06:742: <MSG>: 
2.97421
-0.008302
0.0994213
0.0140047
-0.112806
-0.0100563
-1.54464
4.13053
0.325497
-0.000190622
0.00352803
00:06:759: <MSG>: 
2.97471
-0.00686018
0.103151
0.026773
-0.112292
-0.00646153
-1.46211
4.20042
0.325485
-0.000380188
0.00350072
00:06:776: <MSG>: 
2.97286
-0.0124395
0.106616
0.0384058
-0.111665
-0.00259836
-1.38169
4.25566
0.325448
-0.000562126
0.00347041
00:06:793: <MSG>: 
2.97239
-0.0132615
0.108433
0.0434237
-0.111027
0.000981392
-1.3087
4.2684
0.325414
-0.000654464
0.00344201
00:06:809: <MSG>: 
2.96794
-0.0262471
0.110585
0.0486475
-0.11005
0.00602291
-1.23279
4.30635
0.3254
-0.00074385
0.00340226
00:06:823: <MSG>: 
2.96442
-0.0355958
0.111912
0.050743
-0.109062
0.0106751
-1.15723
4.31735
0.325384
-0.000793273
0.00336627
00:06:839: <MSG>: 
2.96031
-0.0461644
0.113008
0.0522911
-0.108129
0.0146003
-1.08231
4.31594
0.32536
-0.000844438
0.00333687
00:06:855: <MSG>: 
2.9564
-0.0557684
0.113539
0.0506748
-0.107129
0.0185907
-1.01048
4.31905
0.325369
-0.000851363
0.00330828
00:06:873: <MSG>: 
2.96556
-0.0253223
0.111047
0.0369814
-0.108933
0.00962136
-0.957917
4.27265
0.324856
5.68202e-06
0.00378858
00:06:890: <MSG>: 
2.97293
-0.00182949
0.109408
0.0277858
-0.110333
0.00268872
-0.896704
4.2345
0.324575
0.000600157
0.0041045
00:06:907: <MSG>: 
2.97312
-0.000719574
0.106886
0.0156544
-0.111108
-0.00107076
-0.837402
4.18591
0.324351
0.000708423
0.00424751
00:06:925: <MSG>: 
2.97909
0.017228
0.105573
0.00951938
-0.112034
-0.00536594
-0.776559
4.1487
0.324234
0.00108686
0.004381
00:06:941: <MSG>: 
2.97993
0.0192033
0.103743
0.00101696
-0.112398
-0.0066738
-0.709654
4.11724
0.324127
0.00112946
0.00441286
00:06:959: <MSG>: 
2.97881
0.0151703
0.101709
-0.00730158
-0.112596
-0.00709439
-0.646421
4.08017
0.324079
0.00106826
0.00442069
00:06:977: <MSG>: 
2.97499
0.00342577
0.0990784
-0.0179657
-0.11248
-0.00587845
-0.582014
4.04853
0.324062
0.000853691
0.00440423
00:06:993: <MSG>: 
2.96925
-0.0134868
0.096074
-0.028792
-0.112132
-0.00353939
-0.519911
4.00767
0.324086
0.000586314
0.00438279
00:07:009: <MSG>: 
2.96875
-0.0140478
0.0944014
-0.0336917
-0.112001
-0.00254015
-0.458163
3.9847
0.324082
0.000554573
0.00437723
00:07:025: <MSG>: 
2.96275
-0.0307923
0.0908701
-0.0455401
-0.111383
0.00100478
-0.3948
3.94449
0.324156
0.000284866
0.00436903
00:07:042: <MSG>: 
2.96155
-0.0324677
0.0884539
-0.0531364
-0.110967
0.0031573
-0.327274
3.93512
0.324231
0.000172537
0.00436977
00:07:060: <MSG>: 
2.95691
-0.0444445
0.0845807
-0.0660489
-0.110296
0.00655493
-0.27576
3.89935
0.324356
-6.66432e-05
0.00437726
00:07:075: <MSG>: 
2.95132
-0.058332
0.0798236
-0.0805505
-0.109522
0.0101912
-0.220535
3.84536
0.324484
-0.000316839
0.00439166
00:07:091: <MSG>: 
2.94659
-0.0688291
0.0747093
-0.0950873
-0.108717
0.0136731
-0.167669
3.78142
0.3246
-0.000533421
0.0044103
00:07:108: <MSG>: 
2.94733
-0.0624389
0.071031
-0.103959
-0.108097
0.0157422
-0.104679
3.75686
0.324696
-0.000611528
0.00442367
00:07:125: <MSG>: 
2.94715
-0.0595034
0.0656652
-0.119916
-0.107458
0.0180206
-0.0616591
3.69793
0.324861
-0.000788571
0.00443992
00:07:143: <MSG>: 
2.94881
-0.0526588
0.0693019
-0.0997918
-0.106778
0.0201109
0.0236369
3.82075
0.324715
-0.000533638
0.004456
00:07:160: <MSG>: 
2.94944
-0.0488975
0.0721444
-0.0833053
-0.106029
0.0224187
0.103792
3.90974
0.32455
-0.00032383
0.00447454
00:07:177: <MSG>: 
2.9483
-0.0505354
0.0745093
-0.0699475
-0.10516
0.0251371
0.185505
3.99331
0.324419
-0.000158776
0.00449682
00:07:194: <MSG>: 
2.94598
-0.0552291
0.0763918
-0.0580744
-0.104116
0.0284938
0.265979
4.04997
0.324251
-1.16932e-05
0.00452435
00:07:210: <MSG>: 
2.94644
-0.0509692
0.076832
-0.0529417
-0.103258
0.0304849
0.342055
4.07838
0.324186
5.17166e-05
0.00454041
00:07:227: <MSG>: 
2.9541
-0.0258465
0.0779496
-0.0455254
-0.105108
0.0171273
0.417487
4.1122
0.32458
-0.00020354
0.00384485
00:07:244: <MSG>: 
2.9558
-0.0194754
0.0794264
-0.0382544
-0.106428
0.00813503
0.497017
4.16867
0.324555
-0.000234808
0.00344648
00:07:261: <MSG>: 
2.96426
0.00665698
0.0812674
-0.0291985
-0.10787
-0.000644804
0.57585
4.21487
0.324856
-0.000508989
0.00312179
00:07:277: <MSG>: 
2.96842
0.0185454
0.0825138
-0.0224095
-0.109077
-0.00725036
0.65236
4.24414
0.324994
-0.000602738
0.0029216
00:07:295: <MSG>: 
2.97058
0.0238875
0.0835106
-0.0172914
-0.110001
-0.0116587
0.72952
4.27442
0.32503
-0.000635798
0.00281459
00:07:312: <MSG>: 
2.97014
0.0211314
0.0841405
-0.0131676
-0.110625
-0.0140044
0.803956
4.28837
0.325022
-0.000583895
0.00277026
00:07:327: <MSG>: 
2.97203
0.0255183
0.085229
-0.00708804
-0.11127
-0.0162665
0.876009
4.29704
0.325082
-0.000645884
0.002738
00:07:346: <MSG>: 
2.97256
0.0256236
0.0860015
-0.00308342
-0.111672
-0.0169963
0.9491
4.30847
0.32509
-0.00066117
0.00273058
00:07:364: <MSG>: 
2.9735
0.0269262
0.0870348
0.00245636
-0.112032
-0.0172756
1.02714
4.30691
0.325106
-0.000739515
0.00272882
00:07:381: <MSG>: 
2.97167
0.0201603
0.0874167
0.00532834
-0.112057
-0.015979
1.09063
4.29187
0.325077
-0.000745975
0.0027334
00:07:398: <MSG>: 
2.97166
0.01907
0.087994
0.00795992
-0.112019
-0.0143593
1.1615
4.28949
0.325067
-0.000784827
0.00273494
00:07:415: <MSG>: 
2.96898
0.0101638
0.0877793
0.00832845
-0.11174
-0.0114278
1.23602
4.25575
0.325018
-0.000794898
0.0027306
00:07:431: <MSG>: 
2.96489
-0.00234417
0.086535
0.00451999
-0.111257
-0.00772119
1.30749
4.20941
0.324969
-0.000731689
0.00271807
00:07:449: <MSG>: 
2.96508
-0.00137769
0.0867149
0.00619573
-0.110938
-0.00534183
1.3736
4.18421
0.324935
-0.00081599
0.00270695
00:07:465: <MSG>: 
2.9634
-0.005817
0.0846704
-0.00122604
-0.110442
-0.00222685
1.43611
4.13025
0.324923
-0.000732115
0.00268913
00:07:482: <MSG>: 
2.96534
0.000586065
0.0845133
-0.00124385
-0.110111
-0.000283039
1.50106
4.10996
0.324907
-0.000785496
0.00267658
00:07:499: <MSG>: 
2.96867
0.0103801
0.0866687
0.00647847
-0.109652
0.00216262
1.57873
4.14901
0.324894
-0.000924743
0.00265949
00:07:515: <MSG>: 
2.97004
0.0136593
0.0898547
0.0181121
-0.109051
0.00513706
1.65763
4.20213
0.324853
-0.00111289
0.00263777
00:07:533: <MSG>: 
2.96933
0.0105146
0.0937647
0.0322383
-0.108276
0.0087578
1.74004
4.26078
0.324783
-0.00134293
0.0026107
00:07:549: <MSG>: 
2.96925
0.00965821
0.0956094
0.0369905
-0.107472
0.0122243
1.81536
4.2874
0.324764
-0.00141826
0.00258472
00:07:566: <MSG>: 
2.96738
0.00346668
0.0975705
0.0424631
-0.106593
0.0157697
1.89122
4.30872
0.324728
-0.00151387
0.00255847
00:07:584: <MSG>: 
2.98124
0.0442742
0.097077
0.0380873
-0.10874
0.00510468
1.95689
4.27785
0.324796
-0.00067178
0.00309373
00:07:601: <MSG>: 
2.99285
0.076553
0.0976942
0.0371931
-0.111007
-0.00557094
2.03039
4.27898
0.324743
-7.64382e-05
0.00354965
00:07:620: <MSG>: 
3.00419
0.106378
0.0987828
0.0388577
-0.112745
-0.0132046
2.10144
4.2807
0.324768
0.000400903
0.00382438
00:07:637: <MSG>: 
3.0145
0.13128
0.100246
0.0422898
-0.114218
-0.0190986
2.17598
4.27999
0.324828
0.000759843
0.0039983
00:07:654: <MSG>: 
3.0203
0.141957
0.101114
0.042346
-0.114835
-0.0205202
2.24952
4.2855
0.324794
0.000907106
0.00403216
00:07:671: <MSG>: 
3.02055
0.135135
0.101278
0.0392477
-0.114955
-0.0192526
2.32871
4.28943
0.324765
0.000812092
0.00400893
00:07:688: <MSG>: 
3.01744
0.118946
0.101007
0.0356054
-0.114695
-0.0162488
2.40212
4.28015
0.324789
0.000618873
0.00396785
00:07:705: <MSG>: 
3.01641
0.109704
0.101162
0.0334938
-0.11446
-0.0135895
2.47814
4.2851
0.32481
0.000500081
0.00394234
00:07:723: <MSG>: 
3.01334
0.0950701
0.100997
0.0310464
-0.113978
-0.00989206
2.54955
4.27692
0.324852
0.000350576
0.00391957
00:07:740: <MSG>: 
3.00825
0.0752042
0.100579
0.0284257
-0.113376
-0.00585372
2.61856
4.25905
0.324903
0.000179531
0.00390656
00:07:757: <MSG>: 
3.00234
0.0538708
0.0998763
0.0244139
-0.112616
-0.00130197
2.68833
4.25043
0.324988
-1.71403e-05
0.0039032
00:07:775: <MSG>: 
2.99562
0.0316062
0.0978017
0.0156038
-0.111718
0.00362589
2.75177
4.20681
0.325086
-0.000219809
0.00390991
00:07:792: <MSG>: 
2.99061
0.0154091
0.0957152
0.00661998
-0.110899
0.00770169
2.81953
4.17385
0.325203
-0.000393039
0.00392273
00:07:809: <MSG>: 
2.98787
0.00678187
0.0942574
0.0011303
-0.11011
0.0112241
2.88927
4.13971
0.325248
-0.000473223
0.0039389
00:07:827: <MSG>: 
2.98302
-0.0074544
0.0911131
-0.0109503
-0.109178
0.0152833
2.94949
4.09136
0.325402
-0.000652189
0.00396165
00:07:845: <MSG>: 
2.98269
-0.00774183
0.0896687
-0.015755
-0.108381
0.0181877
3.01597
4.06613
0.325446
-0.000699371
0.0039802
00:07:863: <MSG>: 
2.98132
-0.0107835
0.086047
-0.0290277
-0.107527
0.0211527
3.07612
4.01263
0.325611
-0.000851249
0.00400072
00:07:885: <MSG>: 
2.98351
-0.00382448
0.0866101
-0.0257462
-0.106874
0.0227753
-3.1347
4.03644
0.325577
-0.000805776
0.00401248
00:07:904: <MSG>: 
2.98533
0.00181933
0.086283
-0.0260945
-0.106132
0.0245086
-3.05695
4.04811
0.325596
-0.000806106
0.00402532
00:07:923: <MSG>: 
2.98453
-0.00105807
0.0881957
-0.0174867
-0.105204
0.0273637
-2.98017
4.09703
0.32549
-0.000710651
0.00404646
00:07:942: <MSG>: 
2.98134
-0.0108941
0.0899816
-0.00879251
-0.104017
0.0306343
-2.88429
4.13522
0.325358
-0.000609434
0.00407009
00:07:963: <MSG>: 
2.97874
-0.018209
0.090611
-0.00617073
-0.102865
0.0334356
-2.79278
4.16067
0.32532
-0.000569431
0.00408941
00:07:982: <MSG>: 
2.98662
0.0065334
0.092376
-0.000751885
-0.105087
0.0175558
-2.70503
4.20833
0.325506
-0.000931177
0.00335291
00:08:001: <MSG>: 
2.99665
0.0361088
0.0943568
0.00583857
-0.107211
0.00395891
-2.61662
4.24892
0.325797
-0.00127984
0.00283398
00:08:022: <MSG>: 
3.0034
0.0541004
0.0964433
0.0121501
-0.108866
-0.00557144
-2.5208
4.29742
0.325905
-0.00147044
0.00254501
00:08:041: <MSG>: 
3.00136
0.0448833
0.0972596
0.0135858
-0.109966
-0.0109995
-2.43309
4.32755
0.325766
-0.0013442
0.0024157
00:08:060: <MSG>: 
2.99775
0.0313302
0.0978048
0.0144422
-0.110773
-0.0142254
-2.34554
4.34817
0.325639
-0.0011711
0.0023577
00:08:079: <MSG>: 
2.9955
0.0225207
0.0985594
0.0165704
-0.111509
-0.0166951
-2.25708
4.36236
0.325585
-0.00106637
0.00232608
00:08:094: <MSG>: 
2.99183
0.0099587
0.0990291
0.01799
-0.112083
-0.0179875
-2.16962
4.36311
0.325529
-0.000951249
0.00231528
00:08:111: <MSG>: 
2.98846
-0.00084417
0.0994863
0.0194772
-0.112413
-0.0179158
-2.08698
4.35879
0.325489
-0.000877829
0.00231563
00:08:128: <MSG>: 
2.9843
-0.0133641
0.0996469
0.0198145
-0.11252
-0.0166438
-2.00558
4.34716
0.325444
-0.000804506
0.00231793
00:08:146: <MSG>: 
2.98082
-0.0232196
0.0996845
0.0199327
-0.112515
-0.0153008
-1.94398
4.33234
0.325408
-0.000763045
0.00231779
00:08:163: <MSG>: 
2.97968
-0.0253672
0.100473
0.0230892
-0.112518
-0.0138871
-1.87129
4.31563
0.325379
-0.00083177
0.00231487
00:08:179: <MSG>: 
2.97631
-0.03389
0.100186
0.0224775
-0.112276
-0.0113426
-1.8061
4.27256
0.325324
-0.000851507
0.00230566
00:08:194: <MSG>: 
2.97396
-0.0387683
0.0995374
0.0197086
-0.112059
-0.00910492
-1.73661
4.23225
0.325287
-0.00084616
0.00229461
00:08:211: <MSG>: 
2.97338
-0.0381789
0.0993021
0.0188422
-0.111802
-0.00693008
-1.67221
4.19582
0.325249
-0.000887782
0.00228186
00:08:229: <MSG>: 
2.97657
-0.0266562
0.10062
0.0224165
-0.111646
-0.00551474
-1.60228
4.20642
0.325246
-0.000975999
0.00227263
00:08:245: <MSG>: 
2.97884
-0.0185515
0.101128
0.0228489
-0.111333
-0.00343525
-1.54151
4.20501
0.325245
-0.00100557
0.00225822
00:08:265: <MSG>: 
2.97842
-0.0192906
0.105267
0.0373349
-0.110715
0.000138704
-1.45618
4.26934
0.3252
-0.00121336
0.00223211
00:08:283: <MSG>: 
2.97585
-0.0263392
0.108912
0.0497163
-0.110016
0.00380825
-1.37478
4.31362
0.325136
-0.00140615
0.00220461
00:08:301: <MSG>: 
2.97403
-0.0304696
0.110717
0.0535759
-0.109272
0.00737374
-1.29587
4.32767
0.325114
-0.00146925
0.00217773
00:08:315: <MSG>: 
2.96855
-0.0454714
0.113248
0.0606271
-0.108217
0.0122252
-1.21417
4.34868
0.32506
-0.00160161
0.00214159
00:08:333: <MSG>: 
2.96407
-0.0564465
0.114564
0.06191
-0.107158
0.0165945
-1.13219
4.34921
0.325041
-0.00164418
0.00210994
00:08:351: <MSG>: 
2.96279
-0.0573102
0.114611
0.0576878
-0.106249
0.0197814
-1.05586
4.33227
0.325067
-0.00158116
0.00208784
00:08:368: <MSG>: 
2.97407
-0.0204504
0.112015
0.0430452
-0.108422
0.00895437
-1.00236
4.28041
0.324631
-0.000664923
0.00263006
00:08:385: <MSG>: 
2.97818
-0.00681601
0.109538
0.0303594
-0.109838
0.00184051
-0.93868
4.22029
0.324413
-0.000279957
0.00292886
00:08:404: <MSG>: 
2.97718
-0.00889464
0.107213
0.0183308
-0.110581
-0.00177547
-0.872028
4.17878
0.324194
-0.000245623
0.00305343
00:08:422: <MSG>: 
2.982
0.00612226
0.105716
0.0111366
-0.111491
-0.00598625
-0.809548
4.13855
0.3241
4.34126e-05
0.0031708
00:08:438: <MSG>: 
2.98195
0.00609789
0.10369
0.00157602
-0.111955
-0.00776028
-0.745012
4.10607
0.323993
4.99748e-05
0.00320961
00:08:454: <MSG>: 
2.98232
0.00715795
0.101964
-0.00555166
-0.112345
-0.0090071
-0.676462
4.07055
0.32395
7.08808e-05
0.00322986
00:08:472: <MSG>: 
2.99216
0.0353559
0.100578
-0.0126266
-0.111988
-0.00594083
-0.608064
4.06326
0.324558
0.000100771
0.00331373
00:08:488: <MSG>: 
2.98466
0.0116206
0.0976493
-0.022995
-0.111668
-0.00377313
-0.544021
4.01672
0.324552
-0.000266425
0.00328258
00:08:504: <MSG>: 
2.98326
0.0072721
0.0957192
-0.0300998
-0.111599
-0.00309774
-0.481244
4.00329
0.324538
-0.000401463
0.00327546
00:08:521: <MSG>: 
2.97809
-0.00805907
0.0928843
-0.039712
-0.111203
-0.000759742
-0.421329
3.97236
0.324559
-0.000663512
0.00325882
00:08:539: <MSG>: 
2.97175
-0.0261196
0.0895989
-0.0499247
-0.110657
0.00220038
-0.361942
3.93054
0.324592
-0.000935546
0.00324681
00:08:556: <MSG>: 
2.96988
-0.0301376
0.0871047
-0.0576863
-0.1103
0.00391798
-0.300602
3.91918
0.324643
-0.00107674
0.00324415
00:08:573: <MSG>: 
2.96287
-0.0489781
0.0823754
-0.0728235
-0.109537
0.00769113
-0.246221
3.86445
0.32473
-0.00139345
0.00324646
00:08:590: <MSG>: 
2.96053
-0.0528917
0.079014
-0.0808949
-0.108995
0.00988007
-0.183005
3.82788
0.324764
-0.00151042
0.00325203
00:08:606: <MSG>: 
2.95936
-0.0530937
0.0747895
-0.0927822
-0.108441
0.0119739
-0.124431
3.78697
0.324848
-0.00165797
0.0032604
00:08:624: <MSG>: 
2.95748
-0.0554368
0.0693862
-0.108513
-0.107735
0.0147999
-0.0760142
3.72214
0.324955
-0.00185867
0.00327468
00:08:641: <MSG>: 
2.95839
-0.0511444
0.0731287
-0.089117
-0.107057
0.017155
0.0127018
3.85838
0.324908
-0.00161243
0.00328861
00:08:657: <MSG>: 
2.95815
-0.0499799
0.0756565
-0.074497
-0.106289
0.0197581
0.0962819
3.94801
0.324826
-0.00142777
0.00330561
00:08:674: <MSG>: 
2.9562
-0.0538869
0.0779664
-0.0618154
-0.1054
0.0227455
0.181871
4.03379
0.324749
-0.0012739
0.00332635
00:08:691: <MSG>: 
2.95263
-0.0624647
0.0799836
-0.0505139
-0.10434
0.0265538
0.259747
4.09685
0.324633
-0.00114061
0.00335359
00:08:708: <MSG>: 
2.95099
-0.0643497
0.0810212
-0.0430046
-0.10345
0.0290127
0.333987
4.12627
0.324529
-0.00105192
0.00337136
00:08:725: <MSG>: 
2.95948
-0.0361661
0.0817077
-0.0377244
-0.105375
0.0153687
0.405195
4.14524
0.324983
-0.00132915
0.00267725
00:08:742: <MSG>: 
2.9688
-0.00675068
0.0830409
-0.0304345
-0.107153
0.00394006
0.479321
4.17613
0.32539
-0.00160739
0.00217965
00:08:759: <MSG>: 
2.97955
0.0254859
0.084919
-0.0209263
-0.108694
-0.00506107
0.563909
4.21125
0.325803
-0.00189428
0.00185705
00:08:776: <MSG>: 
2.98553
0.0419919
0.0864317
-0.014184
-0.109853
-0.0110184
0.63922
4.24818
0.325958
-0.00203902
0.00167958
00:08:793: <MSG>: 
2.98974
0.0521294
0.0877039
-0.00791706
-0.110859
-0.0154846
0.717716
4.26943
0.326073
-0.00211409
0.00157309
00:08:810: <MSG>: 
2.98827
0.0449878
0.0881424
-0.00569389
-0.111308
-0.0165458
0.791335
4.28787
0.326009
-0.00201693
0.00155308
00:08:827: <MSG>: 
2.98915
0.0451022
0.0889795
-0.00136788
-0.111791
-0.0176343
0.866363
4.29737
0.326027
-0.00202021
0.00153761
00:08:843: <MSG>: 
2.99032
0.046157
0.0900193
0.00388369
-0.112182
-0.0181675
0.93832
4.3002
0.326052
-0.00206207
0.00153213
00:08:860: <MSG>: 
2.98618
0.0312847
0.0898285
0.00384996
-0.112063
-0.015854
1.01041
4.29243
0.325986
-0.00193927
0.0015477
00:08:878: <MSG>: 
2.98293
0.0199126
0.0898623
0.00510436
-0.111914
-0.0136207
1.08032
4.27772
0.325939
-0.00188774
0.00155601
00:08:895: <MSG>: 
2.98046
0.0115689
0.0900116
0.0069682
-0.111745
-0.0115009
1.14789
4.25611
0.325898
-0.00189419
0.00155855
00:08:911: <MSG>: 
2.97628
-0.0014205
0.0892613
0.0046511
-0.11125
-0.00786109
1.21347
4.23307
0.325857
-0.00181144
0.00155535
00:08:928: <MSG>: 
2.9735
-0.00946871
0.0887436
0.0036161
-0.110812
-0.00481804
1.28086
4.20468
0.32582
-0.00179779
0.00154719
00:08:945: <MSG>: 
2.97269
-0.0111822
0.0884946
0.00303128
-0.110356
-0.00193219
1.3548
4.1875
0.325803
-0.00180835
0.00153501
00:08:961: <MSG>: 
2.97016
-0.0177477
0.0867589
-0.00270244
-0.109738
0.00150761
1.41469
4.13812
0.325782
-0.00174665
0.00151695
00:08:978: <MSG>: 
2.97047
-0.0156018
0.0860805
-0.00429493
-0.109249
0.00395691
1.4768
4.10729
0.325761
-0.00176763
0.00150216
00:08:995: <MSG>: 
2.97135
-0.0116932
0.0842657
-0.010798
-0.108654
0.00673907
1.54022
4.06731
0.325773
-0.00170136
0.00148368
00:09:013: <MSG>: 
2.97334
-0.00539278
0.0867367
-0.000903769
-0.108094
0.00910021
1.61575
4.11142
0.325736
-0.00186307
0.00146713
00:09:029: <MSG>: 
2.9716
-0.0109019
0.091271
0.016621
-0.107247
0.0127824
1.69786
4.19272
0.325657
-0.00212475
0.00144058
00:09:046: <MSG>: 
2.97067
-0.0134201
0.093897
0.025073
-0.106382
0.0162073
1.7777
4.24205
0.325624
-0.00225039
0.00141562
00:09:063: <MSG>: 
2.96852
-0.0192659
0.0961729
0.0323625
-0.105427
0.0197647
1.85666
4.27306
0.325579
-0.00237162
0.00138984
00:09:078: <MSG>: 
2.96722
-0.0222403
0.097538
0.0350914
-0.104478
0.0229701
1.93381
4.29347
0.325567
-0.00241706
0.00136709
00:09:094: <MSG>: 
2.96278
-0.0346158
0.0991276
0.0391534
-0.103431
0.0265459
2.00682
4.31507
0.325538
-0.00250379
0.00134258
00:09:111: <MSG>: 
2.97803
0.0123754
0.0990305
0.0358472
-0.106309
0.0118174
2.08018
4.29678
0.325469
-0.00152435
0.00208316
00:09:128: <MSG>: 
2.99101
0.0501912
0.0995209
0.0358853
-0.108484
0.00125537
2.14111
4.28691
0.325477
-0.000812113
0.00254318
00:09:145: <MSG>: 
2.99933
0.072633
0.100294
0.0356445
-0.109672
-0.00432763
2.21359
4.29691
0.325373
-0.000427877
0.00274667
00:09:162: <MSG>: 
3.00192
0.0770039
0.100413
0.0331947
-0.110336
-0.00713611
2.28334
4.29554
0.325301
-0.000350143
0.00283088
00:09:179: <MSG>: 
3.00557
0.0839286
0.100912
0.0328877
-0.110941
-0.00947143
2.35636
4.29097
0.325289
-0.000241693
0.00288646
00:09:196: <MSG>: 
3.00798
0.0869735
0.101379
0.0319415
-0.111387
-0.0108915
2.4299
4.2973
0.325261
-0.000214564
0.00291261
00:09:215: <MSG>: 
3.00497
0.0737361
0.100982
0.0284016
-0.111301
-0.00952598
2.50013
4.28447
0.325281
-0.000381427
0.00289397
00:09:231: <MSG>: 
2.99987
0.054762
0.100394
0.024993
-0.111069
-0.00747175
2.57066
4.26165
0.325321
-0.000584738
0.00287475
00:09:246: <MSG>: 
2.99542
0.0387998
0.0999103
0.0216925
-0.11079
-0.00535931
2.64094
4.25345
0.325365
-0.000764673
0.00286252
00:09:262: <MSG>: 
2.98971
0.019986
0.09892
0.0171688
-0.110242
-0.00198652
2.70656
4.2298
0.325412
-0.000948269
0.0028531
00:09:279: <MSG>: 
2.98485
0.00476241
0.0969556
0.00857536
-0.109719
0.00101715
2.77926
4.18972
0.325472
-0.00111919
0.00285328
00:09:295: <MSG>: 
2.97995
-0.00966639
0.0947065
-0.000438218
-0.109181
0.00384092
2.83279
4.15073
0.325546
-0.00128695
0.00285859
00:09:311: <MSG>: 
2.97773
-0.0154801
0.0931548
-0.00620314
-0.108689
0.00618234
2.89464
4.12021
0.325581
-0.00136475
0.00286698
00:09:327: <MSG>: 
2.97345
-0.0269305
0.090248
-0.0163426
-0.108034
0.00921061
2.95131
4.06268
0.325645
-0.00150429
0.00288203
00:09:346: <MSG>: 
2.97476
-0.0215055
0.0894986
-0.018965
-0.107602
0.0107355
3.01874
4.06021
0.32568
-0.00151494
0.00289127
00:09:363: <MSG>: 
2.973
-0.0250239
0.0857349
-0.032321
-0.106937
0.0134522
3.07194
3.99752
0.325802
-0.00166377
0.00290988
00:09:380: <MSG>: 
2.97524
-0.0171585
0.0860715
-0.0295198
-0.106467
0.014835
3.14032
4.01376
0.325773
-0.00161439
0.00292014
00:09:397: <MSG>: 
2.97687
-0.0117802
0.0880829
-0.0202915
-0.105949
0.0163669
-3.06936
4.0587
0.32567
-0.00150239
0.00293208
00:09:415: <MSG>: 
2.97675
-0.0117316
0.0896924
-0.0126918
-0.105136
0.0190588
-2.98161
4.09574
0.325578
-0.00141624
0.00295362
00:09:433: <MSG>: 
2.97447
-0.0184315
0.0913254
-0.00641961
-0.104243
0.0222948
-2.90672
4.14399
0.32552
-0.00134605
0.00297953
00:09:447: <MSG>: 
2.9717
-0.0260511
0.0926038
-0.00117329
-0.103307
0.0253796
-2.83135
4.17373
0.325445
-0.00128281
0.00300387
00:09:463: <MSG>: 
2.96768
-0.0369793
0.0937303
0.00388155
-0.102306
0.0285327
-2.75766
4.19026
0.325347
-0.00121781
0.00302806
00:09:481: <MSG>: 
2.97301
-0.0184468
0.0953963
0.00782564
-0.10417
0.0150327
-2.66787
4.23985
0.325391
-0.00157199
0.00234421
00:09:500: <MSG>: 
2.98483
0.0178662
0.09696
0.0123591
-0.106261
0.00218927
-2.6011
4.26885
0.325789
-0.00209213
0.00178019
00:09:514: <MSG>: 
2.99114
0.0360634
0.0985758
0.0165267
-0.107753
-0.00626427
-2.52505
4.30673
0.325905
-0.00233933
0.00146874
00:09:532: <MSG>: 
2.9924
0.0383094
0.0995477
0.0176643
-0.10884
-0.0116957
-2.44948
4.34321
0.325813
-0.00238248
0.00130357
00:09:548: <MSG>: 
2.99229
0.0356967
0.100352
0.0193056
-0.109819
-0.0158257
-2.36326
4.35746
0.325779
-0.00233481
0.00120681
00:09:566: <MSG>: 
2.99008
0.0273296
0.100701
0.0190072
-0.110459
-0.0179571
-2.29159
4.3731
0.325685
-0.00222166
0.00116756
00:09:584: <MSG>: 
2.98617
0.0141227
0.100734
0.0183039
-0.110955
-0.019017
-2.21866
4.37143
0.325602
-0.00207002
0.00115307
00:09:601: <MSG>: 
2.97944
-0.00687943
0.100229
0.0164104
-0.11114
-0.0182481
-2.14775
4.34978
0.325499
-0.00186798
0.00116032
00:09:618: <MSG>: 
2.9773
-0.013038
0.100562
0.0172745
-0.111417
-0.0180824
-2.07504
4.34591
0.325474
-0.00182616
0.00116129
00:09:634: <MSG>: 
2.9736
-0.0233526
0.100657
0.0180833
-0.111496
-0.0166856
-1.99868
4.31916
0.325429
-0.00180127
0.00116478
00:09:650: <MSG>: 
2.97092
-0.0301714
0.100658
0.0178701
-0.111506
-0.0152443
-1.9298
4.30199
0.325398
-0.0017803
0.00116489
00:09:665: <MSG>: 
2.96753
-0.0386002
0.100167
0.0162097
-0.111261
-0.0125664
-1.86422
4.26711
0.325353
-0.00176323
0.00115968
00:09:684: <MSG>: 
2.9654
-0.0427849
0.0997865
0.0151645
-0.111043
-0.0103101
-1.8013
4.22963
0.325311
-0.00179019
0.00115165
00:09:700: <MSG>: 
2.9642
-0.0440057
0.0989232
0.01128
-0.110838
-0.00834104
-1.73908
4.20054
0.325299
-0.00176114
0.00114215
00:09:714: <MSG>: 
2.96526
-0.0387086
0.0988584
0.0103403
-0.110634
-0.0066172
-1.68028
4.18989
0.3253
-0.00178385
0.00113228
00:09:731: <MSG>: 
2.96553
-0.0350028
0.0970759
0.00375175
-0.110367
-0.00452713
-1.61059
4.12915
0.325277
-0.0017539
0.00111826
00:09:748: <MSG>: 
2.9682
-0.0249351
0.0967442
0.00189326
-0.110062
-0.00252102
-1.54444
4.11634
0.325285
-0.00176098
0.00110376
00:09:763: <MSG>: 
2.96878
-0.0226251
0.100457
0.0152698
-0.109465
0.000818722
-1.47079
4.19152
0.325261
-0.00194693
0.00107873
00:09:779: <MSG>: 
2.96714
-0.0268613
0.104062
0.0279382
-0.10879
0.0043027
-1.39058
4.25609
0.325217
-0.00213145
0.00105192
00:09:795: <MSG>: 
2.96645
-0.0275794
0.106061
0.0342179
-0.108086
0.00761767
-1.31356
4.27489
0.325174
-0.0022392
0.00102616
00:09:813: <MSG>: 
2.96256
-0.0381905
0.108449
0.0419062
-0.107118
0.0121144
-1.24408
4.30641
0.325123
-0.002371
0.000991621
00:09:829: <MSG>: 
2.96054
-0.0423416
0.109644
0.0446272
-0.106295
0.0153933
-1.17282
4.30573
0.325092
-0.0024244
0.000966929
00:09:847: <MSG>: 
2.95426
-0.059325
0.111068
0.0471865
-0.105169
0.0199956
-1.09849
4.32772
0.325071
-0.00250085
0.000933366
00:09:863: <MSG>: 
2.95325
-0.0593917
0.111398
0.0455052
-0.104362
0.0224625
-1.02697
4.31813
0.325081
-0.00247374
0.000916134
00:09:880: <MSG>: 
2.96414
-0.0237508
0.108612
0.0316407
-0.106724
0.0105722
-0.968611
4.25153
0.324779
-0.00156531
0.00153943
00:09:897: <MSG>: 
2.96987
-0.00517017
0.107058
0.0230485
-0.108263
0.00283078
-0.900764
4.21423
0.324576
-0.00112511
0.00187939
00:09:914: <MSG>: 
2.96859
-0.00831348
0.104628
0.0115989
-0.109224
-0.00181736
-0.840934
4.16918
0.324389
-0.00111543
0.00204955
00:09:931: <MSG>: 
2.9717
0.00174573
0.102967
0.00354642
-0.110147
-0.00605852
-0.77535
4.1402
0.32424
-0.00092402
0.00217478
00:09:948: <MSG>: 
2.97275
0.00508411
0.101273
-0.00384371
-0.110754
-0.00853473
-0.71294
4.11042
0.324154
-0.000863627
0.00223275
00:09:965: <MSG>: 
2.97186
0.00245305
0.0993654
-0.011256
-0.111187
-0.0099838
-0.650759
4.07522
0.324111
-0.000898027
0.00225867
00:09:984: <MSG>: 
2.96814
-0.00837963
0.0968631
-0.0212024
-0.11128
-0.00960558
-0.587885
4.04737
0.324086
-0.00108491
0.00225374
00:10:000: <MSG>: 
2.9627
-0.0238387
0.0940714
-0.030989
-0.111142
-0.0080215
-0.524917
4.0112
0.324097
-0.00131133
0.00223994
00:10:017: <MSG>: 
2.95867
-0.0342767
0.091295
-0.0407429
-0.110908
-0.00605535
-0.460864
3.98834
0.324133
-0.0015015
0.00222999
00:10:031: <MSG>: 
2.9527
-0.0497036
0.0878651
-0.0509022
-0.11047
-0.00307847
-0.392724
3.94206
0.324169
-0.00170659
0.00222503
00:10:048: <MSG>: 
2.94792
-0.0613167
0.0847045
-0.0601659
-0.110044
-0.00051715
-0.340478
3.90129
0.32421
-0.00187097
0.00222646
00:10:065: <MSG>: 
2.94466
-0.0675057
0.0812969
-0.0702531
-0.109585
0.00203845
-0.279672
3.87171
0.324289
-0.00201616
0.00223322
00:10:080: <MSG>: 
2.93986
-0.0782488
0.0768882
-0.083895
-0.108977
0.00520785
-0.230339
3.82473
0.3244
-0.00221899
0.0022464
00:10:097: <MSG>: 
2.93625
-0.0846219
0.0722236
-0.097185
-0.108349
0.00821136
-0.178293
3.77273
0.324502
-0.00238661
0.00226286
00:10:114: <MSG>: 
2.93798
-0.074719
0.0690538
-0.104851
-0.107892
0.00996758
-0.116122
3.76242
0.324599
-0.00243298
0.00227435
00:10:130: <MSG>: 
2.93825
-0.0695096
0.0637868
-0.119868
-0.107337
0.0121611
-0.0663739
3.70757
0.324742
-0.00257588
0.00229031
00:10:148: <MSG>: 
2.9406
-0.0603172
0.0677597
-0.0989531
-0.106768
0.0142346
0.0176801
3.83674
0.324611
-0.00232798
0.00230646
00:10:164: <MSG>: 
2.94471
-0.0451243
0.0682213
-0.0921256
-0.106355
0.01525
0.0874343
3.87742
0.324552
-0.00222201
0.00231471
00:10:181: <MSG>: 
2.94428
-0.044867
0.0707485
-0.0777936
-0.105558
0.0182282
0.170927
3.9701
0.324432
-0.00205805
0.00233935
00:10:197: <MSG>: 
2.9427
-0.0477834
0.0728154
-0.0651668
-0.104588
0.0218888
0.250682
4.03576
0.324277
-0.00191509
0.00236965
00:10:213: <MSG>: 
2.94386
-0.0418337
0.0733931
-0.0593091
-0.103786
0.0242095
0.328019
4.07179
0.324214
-0.00184871
0.00238853
00:10:231: <MSG>: 
2.95055
-0.0203021
0.0747945
-0.0502864
-0.105475
0.0124411
0.401787
4.10954
0.324569
-0.00196533
0.00177108
00:10:248: <MSG>: 
2.95928
0.00629767
0.0764681
-0.0401883
-0.107148
0.0019101
0.477969
4.14341
0.324998
-0.00212939
0.00130148
00:10:265: <MSG>: 
2.96785
0.0312227
0.0787014
-0.0290235
-0.108499
-0.00576154
0.5533
4.18925
0.325323
-0.00230238
0.00101272
00:10:281: <MSG>: 
2.97201
0.0419268
0.0804041
-0.0210449
-0.109477
-0.0106449
0.62991
4.23514
0.325409
-0.00236349
0.000860528
00:10:298: <MSG>: 
2.97382
0.0447431
0.0817348
-0.0139545
-0.110179
-0.0134548
0.710735
4.26316
0.325455
-0.00234117
0.000791093
00:10:315: <MSG>: 
2.97332
0.0407276
0.0826607
-0.00927399
-0.11057
-0.0143605
0.787063
4.29025
0.325418
-0.00226895
0.000773582
00:10:331: <MSG>: 
2.97165
0.0333561
0.0833557
-0.00510484
-0.110844
-0.0145378
0.861467
4.30197
0.325384
-0.00218587
0.000771005
00:10:348: <MSG>: 
2.97426
0.0392132
0.0849303
0.00256473
-0.111222
-0.0152627
0.936081
4.31287
0.325436
-0.00228316
0.000763512
00:10:365: <MSG>: 
2.97514
0.0396613
0.0860911
0.00766304
-0.111345
-0.0145531
1.01043
4.32523
0.325441
-0.00232106
0.000768304
00:10:382: <MSG>: 
2.97306
0.0313621
0.086588
0.0104508
-0.111172
-0.0123244
1.08083
4.31702
0.325406
-0.00230075
0.000776543
00:10:397: <MSG>: 
2.97155
0.0252746
0.0871421
0.0134995
-0.110974
-0.0101762
1.14933
4.30089
0.325373
-0.00233053
0.000778934
00:10:414: <MSG>: 
2.96912
0.0167682
0.0870286
0.0132024
-0.11051
-0.00677667
1.21945
4.28313
0.32534
-0.00230028
0.000775128
00:10:430: <MSG>: 
2.96725
0.0104785
0.0869213
0.0131922
-0.110049
-0.00372951
1.28609
4.25835
0.325306
-0.00230829
0.000766308
00:10:446: <MSG>: 
2.96724
0.0101872
0.0872241
0.0147651
-0.109586
-0.000945251
1.35264
4.23446
0.325271
-0.00238109
0.00075426
00:10:463: <MSG>: 
2.96478
0.00279488
0.085847
0.0101296
-0.108926
0.00262212
1.40914
4.18078
0.325238
-0.00234429
0.00073505
00:10:478: <MSG>: 
2.96596
0.00647857
0.0852734
0.0073862
-0.108443
0.00494566
1.47356
4.15935
0.325239
-0.00233692
0.00072052
00:10:494: <MSG>: 
2.96699
0.00973471
0.0837277
0.00145041
-0.107824
0.00778544
1.53319
4.11591
0.325242
-0.00228696
0.000700974
00:10:511: <MSG>: 
2.96928
0.0166416
0.0818584
-0.00523327
-0.107254
0.0101003
1.59242
4.06448
0.325248
-0.00223031
0.000684013
00:10:528: <MSG>: 
2.97099
0.020745
0.0848779
0.00655958
-0.106645
0.0124612
1.66639
4.11525
0.325193
-0.00241989
0.000666168
00:10:544: <MSG>: 
2.96851
0.0118854
0.0893483
0.0234051
-0.105697
0.0164331
1.74488
4.19465
0.325108
-0.00267398
0.000635788
00:10:561: <MSG>: 
2.96813
0.00999798
0.0915228
0.0296444
-0.104865
0.0193806
1.82143
4.23481
0.325085
-0.00276732
0.00061325
00:10:579: <MSG>: 
2.96567
0.00200834
0.0938113
0.0365794
-0.103842
0.0230257
1.89969
4.26767
0.325041
-0.00288542
0.000585781
00:10:598: <MSG>: 
2.96406
-0.00301806
0.0952525
0.0391233
-0.102945
0.0257155
1.97572
4.29312
0.325033
-0.00293158
0.000566086
00:10:615: <MSG>: 
2.97166
0.0200157
0.0952478
0.035575
-0.105165
0.0141759
2.04508
4.29093
0.324853
-0.00241399
0.00116704
00:10:632: <MSG>: 
2.98412
0.0556488
0.0962227
0.0370883
-0.107323
0.00328762
2.12271
4.28669
0.324914
-0.00176866
0.00164121
00:10:649: <MSG>: 
2.99254
0.0780743
0.0973014
0.0380898
-0.108626
-0.00298267
2.19534
4.30046
0.324846
-0.00139847
0.00187015
00:10:666: <MSG>: 
2.99586
0.0835448
0.0978799
0.0374981
-0.109436
-0.0065647
2.27628
4.2957
0.324837
-0.00130517
0.0019744
00:10:683: <MSG>: 
2.99744
0.0842046
0.0982498
0.0358634
-0.11004
-0.00896507
2.34919
4.29959
0.324797
-0.00130261
0.00203015
00:10:700: <MSG>: 
2.99625
0.0764972
0.0983315
0.0337844
-0.110298
-0.00949766
2.42038
4.29404
0.324798
-0.00140565
0.00203972
00:10:717: <MSG>: 
2.99373
0.0651789
0.0982018
0.0305913
-0.110308
-0.00872373
2.49422
4.29495
0.324808
-0.00156438
0.0020295
00:10:732: <MSG>: 
2.99165
0.0557517
0.098247
0.0288931
-0.110266
-0.00775004
2.56521
4.2911
0.324828
-0.00167566
0.00202058
00:10:749: <MSG>: 
3.00099
0.0804585
0.0970382
0.0214166
-0.109977
-0.00519929
2.63238
4.24885
0.325301
-0.00170353
0.00210552
00:10:768: <MSG>: 
2.99946
0.071561
0.0974901
0.0221545
-0.109801
-0.0038081
2.70788
4.25273
0.325321
-0.00179108
0.00209285
00:10:784: <MSG>: 
2.99392
0.0522403
0.0958096
0.0147695
-0.109315
-0.000968575
2.76398
4.21719
0.325359
-0.0020456
0.0020748
00:10:800: <MSG>: 
2.98914
0.035756
0.0940884
0.00777797
-0.108857
0.00154591
2.82685
4.1755
0.325388
-0.00224781
0.00206574
00:10:817: <MSG>: 
2.9867
0.0267622
0.0925393
0.00135698
-0.108404
0.00381677
2.89999
4.14292
0.325417
-0.00238417
0.00206346
00:10:834: <MSG>: 
2.98236
0.013043
0.0897559
-0.00908111
-0.107806
0.00671275
2.95609
4.08701
0.325467
-0.00259029
0.00206584
00:10:852: <MSG>: 
2.98405
0.0175133
0.0892785
-0.0112517
-0.107461
0.00797904
3.02463
4.09147
0.325498
-0.00260213
0.00206887
00:10:866: <MSG>: 
2.98345
0.0154575
0.0860673
-0.0234201
-0.106921
0.0102359
3.0797
4.03881
0.325582
-0.0027666
0.00207701
00:10:883: <MSG>: 
2.98585
0.0217954
0.0865143
-0.0205054
-0.106513
0.0115108
-3.13137
4.05525
0.325561
-0.00270499
0.00208293
00:10:900: <MSG>: 
2.98651
0.0222012
0.0881659
-0.0134851
-0.105973
0.013338
-3.04904
4.1052
0.325531
-0.00261516
0.00209289
00:10:917: <MSG>: 
2.98593
0.0191438
0.0899009
-0.00659312
-0.105271
0.01612
-2.98018
4.15142
0.325489
-0.00253279
0.00210939
00:10:934: <MSG>: 
2.98504
0.0153412
0.0911298
-0.00148458
-0.10456
0.0185943
-2.90771
4.17827
0.325438
-0.00247226
0.00212501
00:10:951: <MSG>: 
2.9835
0.00984246
0.0920944
0.00292183
-0.10378
0.0211371
-2.83411
4.19014
0.32537
-0.00242344
0.00214166
00:10:966: <MSG>: 
2.98063
0.000550506
0.09288
0.0057359
-0.102927
0.0238624
-2.75984
4.20793
0.325327
-0.00238725
0.00215975
00:10:984: <MSG>: 
2.98556
0.0155139
0.0946093
0.0105609
-0.104748
0.0112325
-2.67843
4.25185
0.325401
-0.00260457
0.00152805
00:11:002: <MSG>: 
2.99918
0.0554116
0.0969002
0.0179062
-0.106894
-0.0018603
-2.59739
4.29026
0.325871
-0.00307307
0.000974215
00:11:017: <MSG>: 
3.00504
0.0706191
0.0988692
0.0230903
-0.108292
-0.00947138
-2.52489
4.33715
0.325949
-0.00324644
0.000698636
00:11:035: <MSG>: 
3.00946
0.0802864
0.100597
0.0276659
-0.109539
-0.015481
-2.44661
4.36941
0.326015
-0.00333117
0.000519334
00:11:052: <MSG>: 
3.00521
0.0629345
0.101088
0.0272109
-0.110167
-0.0173054
-2.36083
4.38391
0.325837
-0.00311373
0.000476851
00:11:068: <MSG>: 
3.00259
0.0520766
0.101729
0.0282454
-0.110714
-0.0188545
-2.29222
4.39434
0.325754
-0.00297777
0.00044799
00:11:085: <MSG>: 
2.99742
0.0338327
0.101904
0.0279968
-0.111076
-0.0191228
-2.22075
4.38724
0.32565
-0.00278771
0.00044422
00:11:099: <MSG>: 
2.99382
0.0211067
0.102255
0.0282052
-0.111429
-0.0191656
-2.14257
4.38146
0.325588
-0.00267327
0.000443805
00:11:116: <MSG>: 
2.99086
0.0110976
0.102745
0.0296023
-0.111597
-0.0183609
-2.07266
4.3677
0.325548
-0.00262267
0.000448861
00:11:132: <MSG>: 
2.98636
-0.00289796
0.102793
0.0296367
-0.111537
-0.0164345
-2.00699
4.34036
0.325487
-0.00256044
0.000455461
00:11:149: <MSG>: 
2.98315
-0.0122743
0.102981
0.030232
-0.111473
-0.0147268
-1.94496
4.31287
0.32544
-0.00255385
0.000457332
00:11:166: <MSG>: 
2.97838
-0.0258494
0.10223
0.0263785
-0.111201
-0.0120061
-1.88132
4.28461
0.325392
-0.00245455
0.000454711
00:11:182: <MSG>: 
2.97554
-0.0328491
0.101817
0.0241482
-0.110906
-0.00937924
-1.81628
4.25468
0.325356
-0.00243055
0.000447541
00:11:198: <MSG>: 
2.97342
-0.0371991
0.101453
0.0224577
-0.110628
-0.00704217
-1.75023
4.21891
0.325316
-0.00244107
0.000437713
00:11:215: <MSG>: 
2.97279
-0.0369822
0.100853
0.0189748
-0.110302
-0.00470231
-1.68566
4.19449
0.32531
-0.00241443
0.000425316
00:11:230: <MSG>: 
2.97256
-0.0352524
0.0992566
0.0122197
-0.109953
-0.00242753
-1.62391
4.1444
0.3253
-0.00236095
0.000411296
00:11:247: <MSG>: 
2.97471
-0.0272576
0.101928
0.0217668
-0.109624
-0.0004851
-1.54965
4.17964
0.325271
-0.00252679
0.00039819
00:11:263: <MSG>: 
2.97669
-0.0199473
0.103339
0.0261063
-0.109272
0.00141424
-1.48266
4.1869
0.325245
-0.00261978
0.000384667
00:11:280: <MSG>: 
2.97439
-0.0263657
0.106618
0.0364759
-0.108518
0.00526308
-1.40229
4.251
0.32522
-0.00275479
0.000356327
00:11:297: <MSG>: 
2.97423
-0.0256588
0.107964
0.0391236
-0.107823
0.0084838
-1.33233
4.2682
0.325214
-0.00279349
0.000332332
00:11:313: <MSG>: 
2.96939
-0.0391552
0.110392
0.0461765
-0.106746
0.0133898
-1.25392
4.30349
0.325172
-0.00291034
0.000295817
00:11:331: <MSG>: 
2.96748
-0.0430652
0.111035
0.0451187
-0.105902
0.0166567
-1.18097
4.31251
0.325189
-0.00289307
0.000271907
00:11:349: <MSG>: 
2.96244
-0.0561806
0.112031
0.045943
-0.104862
0.0206436
-1.10585
4.32447
0.325181
-0.00293084
0.000243573
00:11:367: <MSG>: 
2.96355
-0.050147
0.111658
0.0416424
-0.104212
0.0223116
-1.04002
4.30337
0.325214
-0.00284586
0.000232201
00:11:383: <MSG>: 
2.96896
-0.0309595
0.108155
0.0249861
-0.106113
0.0123135
-0.979425
4.22858
0.324877
-0.00226029
0.000743634
00:11:400: <MSG>: 
2.97928
0.00133651
0.106614
0.017384
-0.108078
0.0025392
-0.916056
4.18553
0.324727
-0.00156121
0.00116512
00:11:418: <MSG>: 
2.98624
0.0221558
0.104899
0.00916514
-0.109789
-0.0056179
-0.845957
4.14447
0.324576
-0.00113244
0.001451
00:11:436: <MSG>: 
2.98823
0.0271888
0.103258
0.00179811
-0.11071
-0.00954423
-0.780626
4.11166
0.324479
-0.00101799
0.0015621
00:11:451: <MSG>: 
2.99105
0.0344418
0.101979
-0.00342991
-0.111536
-0.0128219
-0.719253
4.0823
0.324425
-0.000888363
0.00163598
00:11:467: <MSG>: 
2.98915
0.027376
0.0999449
-0.0119855
-0.111934
-0.0137137
-0.654439
4.05797
0.324373
-0.00100509
0.0016513
00:11:485: <MSG>: 
2.99937
0.0556476
0.0986933
-0.017847
-0.111844
-0.0117012
-0.582707
4.0525
0.324924
-0.000977697
0.00170599
00:11:501: <MSG>: 
2.99275
0.0339197
0.0958832
-0.0284357
-0.111651
-0.00979907
-0.5245
4.02547
0.324906
-0.00135872
0.00167691
00:11:518: <MSG>: 
2.9909
0.0270001
0.0940935
-0.0340618
-0.111646
-0.0089332
-0.459912
4.01043
0.324903
-0.00149853
0.00166724
00:11:535: <MSG>: 
2.98625
0.0120954
0.0915534
-0.0417263
-0.111363
-0.00667301
-0.39856
3.9784
0.324922
-0.00172439
0.00165015
00:11:552: <MSG>: 
2.97987
-0.00706522
0.0880501
-0.0533183
-0.110877
-0.00351398
-0.338169
3.94598
0.324979
-0.00204058
0.0016361
00:11:568: <MSG>: 
2.97807
-0.0118655
0.0857666
-0.0594679
-0.110591
-0.0016764
-0.276701
3.93124
0.325014
-0.00215861
0.0016327
00:11:584: <MSG>: 
2.9714
-0.0305904
0.0812058
-0.0730965
-0.109904
0.00218435
-0.221343
3.87009
0.325076
-0.00244409
0.00163434
00:11:601: <MSG>: 
2.96648
-0.0431661
0.0761973
-0.0884537
-0.109216
0.00572135
-0.165363
3.81741
0.325179
-0.00270892
0.00164248
00:11:618: <MSG>: 
2.966
-0.0419956
0.0726136
-0.0972439
-0.108657
0.0082505
-0.106704
3.78623
0.325236
-0.00280913
0.00165207
00:11:635: <MSG>: 
2.96447
-0.0438617
0.0674433
-0.111353
-0.108016
0.0110363
-0.0570525
3.72243
0.32532
-0.00298492
0.0016658
00:11:651: <MSG>: 
2.96753
-0.0328698
0.0673643
-0.106664
-0.107507
0.0128481
0.013691
3.77717
0.325344
-0.00289084
0.00167631
00:11:665: <MSG>: 
2.96855
-0.0287759
0.068892
-0.095388
-0.106824
0.0154549
0.0903148
3.8546
0.325299
-0.00274089
0.00169312
00:11:683: <MSG>: 
2.96619
-0.0350546
0.0715929
-0.0789942
-0.105941
0.0188427
0.174061
3.94208
0.325161
-0.0025508
0.00171655
00:11:700: <MSG>: 
2.96277
-0.0441383
0.073548
-0.0672193
-0.104904
0.0228398
0.253452
4.01579
0.32506
-0.00241321
0.00174523
00:11:717: <MSG>: 
2.96327
-0.040824
0.0738592
-0.0630098
-0.104156
0.0251674
0.31633
4.04533
0.32503
-0.00235745
0.00176218
00:11:734: <MSG>: 
2.9675
-0.0267807
0.0756122
-0.0522594
-0.105617
0.0144395
0.393256
4.09209
0.325283
-0.00231914
0.00121078
00:11:753: <MSG>: 
2.97816
0.00573186
0.0776599
-0.0403049
-0.107316
0.0034519
0.471557
4.12956
0.325821
-0.00249989
0.000731141
00:11:767: <MSG>: 
2.98512
0.0258487
0.0799336
-0.0291996
-0.10846
-0.00326516
0.55336
4.18481
0.326058
-0.00261192
0.000485683
00:11:783: <MSG>: 
2.98768
0.0318478
0.0815257
-0.0210208
-0.109354
-0.00791177
0.630277
4.22253
0.326135
-0.00259424
0.000345083
00:11:799: <MSG>: 
2.98495
0.0215103
0.0823205
-0.0160987
-0.109752
-0.00927324
0.715842
4.25023
0.326047
-0.00243056
0.000312737
00:11:817: <MSG>: 
2.98335
0.0154359
0.0832583
-0.0110432
-0.110077
-0.0103008
0.782931
4.27351
0.326009
-0.00233654
0.00029294
00:11:835: <MSG>: 
2.98031
0.00527536
0.0838297
-0.0071402
-0.110286
-0.0105373
0.853529
4.28255
0.325959
-0.00222768
0.000289441
00:11:851: <MSG>: 
2.98151
0.00830167
0.0852555
-3.87999e-06
-0.110595
-0.0113011
0.924457
4.29528
0.325994
-0.00228586
0.000281144
00:11:865: <MSG>: 
2.98092
0.0058912
0.0861787
0.00436668
-0.110666
-0.0106486
0.999583
4.30588
0.325985
-0.00229116
0.000285854
00:11:882: <MSG>: 
2.97763
-0.00439815
0.0866077
0.00730938
-0.110464
-0.00854635
1.0736
4.29521
0.325941
-0.00226211
0.000294279
00:11:898: <MSG>: 
2.97598
-0.00919934
0.0871382
0.0098103
-0.11028
-0.00675977
1.14814
4.292
0.325917
-0.00227026
0.000296689
00:11:913: <MSG>: 
2.97546
-0.0104466
0.0878039
0.0125173
-0.11
-0.00475153
1.20889
4.29227
0.325903
-0.00230657
0.000295841
00:11:929: <MSG>: 
2.97251
-0.0186308
0.0874784
0.0115803
-0.109514
-0.0017525
1.27363
4.26899
0.32587
-0.00228298
0.000289282
00:11:947: <MSG>: 
2.97346
-0.014779
0.0884861
0.0155866
-0.109194
9.68792e-05
1.34232
4.26362
0.325845
-0.00239007
0.000282525
00:11:964: <MSG>: 
2.96988
-0.0243418
0.0869706
0.0103341
-0.108501
0.00376405
1.40084
4.20939
0.325812
-0.00233338
0.000264893
00:11:983: <MSG>: 
2.96715
-0.0307926
0.0848932
0.0031262
-0.107878
0.0067545
1.45458
4.14697
0.325793
-0.00225961
0.00024792
00:12:003: <MSG>: 
2.96568
-0.0329342
0.0818063
-0.00825258
-0.107178
0.00981771
1.51508
4.07795
0.32581
-0.0021208
0.000228162
00:12:017: <MSG>: 
2.9682
-0.0232845
0.0806169
-0.0121196
-0.106649
0.0117475
1.57672
4.04505
0.325813
-0.00210792
0.000214807
00:12:033: <MSG>: 
2.96971
-0.0179715
0.0832558
-0.00246559
-0.106042
0.0139427
1.6542
4.10859
0.325792
-0.00224362
0.000199011
00:12:049: <MSG>: 
2.96874
-0.0199852
0.0864428
0.00948837
-0.105055
0.0174739
1.75946
4.17186
0.325739
-0.00242145
0.000172799
00:12:065: <MSG>: 
2.96807
-0.0212078
0.0887493
0.0175448
-0.104247
0.0203494
1.82993
4.21194
0.325695
-0.00254716
0.000151783
00:12:081: <MSG>: 
2.96497
-0.029609
0.0913036
0.0264609
-0.103227
0.0240194
1.90472
4.25193
0.325638
-0.00269415
0.000125602
00:12:097: <MSG>: 
2.96313
-0.033724
0.0929738
0.0317022
-0.102355
0.0266247
1.97514
4.26855
0.325597
-0.00278374
0.000107644
00:12:114: <MSG>: 
2.97893
0.0147629
0.0940817
0.0332444
-0.105364
0.0115028
2.04495
4.28083
0.325567
-0.00187911
0.000872322
00:12:131: <MSG>: 
2.99255
0.0545142
0.0954905
0.0361972
-0.107854
-0.000556789
2.11483
4.29482
0.325565
-0.0012025
0.00139546
00:12:148: <MSG>: 
3.00297
0.0828153
0.0969833
0.0392188
-0.109269
-0.00706688
2.1885
4.31009
0.325549
-0.000760031
0.00163224
00:12:166: <MSG>: 
3.00521
0.0855032
0.0975301
0.0385518
-0.110044
-0.0101849
2.25975
4.31111
0.325522
-0.000716758
0.0017256
00:12:183: <MSG>: 
3.00893
0.0924771
0.0983782
0.0385663
-0.110751
-0.0127933
2.33361
4.32464
0.325472
-0.000633256
0.00178833
00:12:200: <MSG>: 
3.01104
0.0940895
0.0991162
0.0386754
-0.111287
-0.014373
2.40802
4.32897
0.325463
-0.000617724
0.00181777
00:12:217: <MSG>: 
3.00769
0.0792838
0.0989528
0.0349711
-0.111259
-0.0129558
2.48391
4.32945
0.325477
-0.000816516
0.0017983
00:12:234: <MSG>: 
3.00215
0.0587211
0.0984392
0.0309809
-0.111067
-0.010813
2.55643
4.31562
0.325523
-0.00104783
0.00177793
00:12:250: <MSG>: 
3.01044
0.0803778
0.0974777
0.0245855
-0.1107
-0.00754278
2.62058
4.27864
0.325923
-0.00108211
0.00188595
00:12:266: <MSG>: 
3.00746
0.0673118
0.0978556
0.0247815
-0.110427
-0.00547083
2.69465
4.28637
0.325955
-0.00122722
0.00186599
00:12:283: <MSG>: 
3.00123
0.0456278
0.0962901
0.0178814
-0.109886
-0.00215591
2.76036
4.24516
0.325995
-0.00147952
0.00184477
00:12:300: <MSG>: 
2.99612
0.0284619
0.0947076
0.0115117
-0.109395
0.000631008
2.82262
4.20058
0.326022
-0.00166657
0.00183451
00:12:317: <MSG>: 
2.9933
0.0189221
0.0932946
0.00519573
-0.108916
0.0031304
2.88705
4.17605
0.326064
-0.00181163
0.00183109
00:12:334: <MSG>: 
2.98821
0.00330348
0.0905256
-0.00557859
-0.108259
0.00638976
2.94469
4.12407
0.32613
-0.00203458
0.00183289
00:12:352: <MSG>: 
2.98424
-0.00820001
0.087562
-0.0160691
-0.107675
0.00896014
3.00437
4.06377
0.326179
-0.00221488
0.00183866
00:12:369: <MSG>: 
2.98254
-0.0122938
0.0841013
-0.0288211
-0.107044
0.0115735
3.06278
4.00991
0.326271
-0.00239374
0.001848
00:12:386: <MSG>: 
2.9843
-0.00645897
0.0840149
-0.0279021
-0.106592
0.0130174
3.13003
4.02099
0.326271
-0.00236194
0.00185463
00:12:402: <MSG>: 
2.98504
-0.00440669
0.0863145
-0.0180937
-0.106031
0.0147857
-3.06665
4.08832
0.326225
-0.00223473
0.00186424
00:12:419: <MSG>: 
2.98433
-0.00668072
0.0883835
-0.00924728
-0.105273
0.0176049
-2.98943
4.13729
0.326153
-0.00212603
0.00188108
00:12:436: <MSG>: 
2.9839
-0.00773691
0.0896884
-0.00326629
-0.10456
0.0198849
-2.9152
4.15842
0.326078
-0.00205141
0.00189553
00:12:453: <MSG>: 
2.98019
-0.0187819
0.0913533
0.00318754
-0.103593
0.0233455
-2.83721
4.19726
0.326005
-0.0019749
0.00191818
00:12:470: <MSG>: 
2.97731
-0.0265704
0.0922645
0.00700434
-0.10273
0.0259208
-2.76405
4.20868
0.32594
-0.00193009
0.00193521
00:12:485: <MSG>: 
2.98141
-0.0124899
0.0939243
0.0108858
-0.104468
0.0136456
-2.68408
4.25865
0.325933
-0.00219354
0.00132795
00:12:501: <MSG>: 
2.99524
0.029449
0.096141
0.0178888
-0.106619
0.000322039
-2.60511
4.29543
0.326424
-0.00269551
0.000768206
00:12:518: <MSG>: 
3.001
0.0452204
0.0980132
0.0229622
-0.108014
-0.00744962
-2.52454
4.3336
0.326542
-0.00286359
0.000495489
00:12:537: <MSG>: 
3.00529
0.0560366
0.0996399
0.0273143
-0.109233
-0.0135752
-2.45521
4.36434
0.326619
-0.00296521
0.000314048
00:12:553: <MSG>: 
3.00431
0.0503458
0.100532
0.0281756
-0.110043
-0.0167877
-2.3784
4.39059
0.326518
-0.00288482
0.000237178
00:12:571: <MSG>: 
3.00403
0.0468943
0.101561
0.0303474
-0.110773
-0.0192573
-2.30269
4.40602
0.326489
-0.0028305
0.000190815
00:12:587: <MSG>: 
2.99936
0.0301806
0.101734
0.0291371
-0.111163
-0.019436
-2.22117
4.40651
0.326379
-0.0026475
0.000188366
00:12:604: <MSG>: 
2.99527
0.0162921
0.102015
0.0293357
-0.111454
-0.0192183
-2.14799
4.39591
0.326314
-0.00252863
0.000190475
00:12:620: <MSG>: 
2.99202
0.00567774
0.102522
0.0309718
-0.111593
-0.0182205
-2.07732
4.37685
0.326273
-0.00248351
0.000196713
00:12:638: <MSG>: 
2.98733
-0.00866131
0.102453
0.0298384
-0.111497
-0.0160343
-2.00654
4.35701
0.326213
-0.0023899
0.000203907
00:12:657: <MSG>: 
2.98363
-0.0192086
0.102559
0.0298156
-0.111383
-0.0139927
-1.93879
4.33133
0.326165
-0.00236239
0.000205642
00:12:674: <MSG>: 
2.97831
-0.0339615
0.101875
0.0271293
-0.111057
-0.0110477
-1.87705
4.28815
0.326099
-0.00230422
0.000202323
00:12:690: <MSG>: 
2.97539
-0.0405024
0.101494
0.0249585
-0.110746
-0.00828152
-1.80272
4.25225
0.32606
-0.00229439
0.000193888
00:12:706: <MSG>: 
2.97326
-0.044271
0.100725
0.0210182
-0.110433
-0.00579867
-1.73042
4.21605
0.326036
-0.00226411
0.00018275
00:12:722: <MSG>: 
2.97281
-0.0430038
0.100352
0.0191308
-0.110085
-0.00343237
-1.66526
4.18308
0.326012
-0.00228334
0.000169863
00:12:736: <MSG>: 
2.97587
-0.0318546
0.102436
0.0252564
-0.109831
-0.00179095
-1.59072
4.21487
0.326016
-0.00239422
0.000159793
00:12:752: <MSG>: 
2.9777
-0.0245809
0.102189
0.0226667
-0.109425
0.00050602
-1.52759
4.19668
0.326021
-0.00238515
0.000144624
00:12:768: <MSG>: 
2.97709
-0.0256993
0.106169
0.0363639
-0.108722
0.0041744
-1.44641
4.26348
0.325978
-0.00257821
0.000119184
00:12:784: <MSG>: 
2.97493
-0.0314712
0.10906
0.0454348
-0.107999
0.00767958
-1.37858
4.31114
0.325945
-0.00270303
9.4458e-05
00:12:800: <MSG>: 
2.97114
-0.0415725
0.111824
0.0535286
-0.107036
0.0120926
-1.3014
4.34823
0.3259
-0.00282561
6.29118e-05
00:12:815: <MSG>: 
2.96684
-0.0526668
0.113806
0.058465
-0.106036
0.0163645
-1.22959
4.36689
0.325863
-0.00291017
3.25045e-05
00:12:832: <MSG>: 
2.96442
-0.0574695
0.11466
0.0588489
-0.105195
0.0194355
-1.16203
4.3595
0.325849
-0.00292361
1.10073e-05
00:12:848: <MSG>: 
2.95978
-0.0686812
0.115522
0.0593494
-0.104212
0.0229529
-1.09258
4.35172
0.32583
-0.0029522
-1.29477e-05
00:12:865: <MSG>: 
2.95784
-0.0714428
0.115434
0.055014
-0.103368
0.025508
-1.02636
4.3417
0.325861
-0.00289418
-2.9689e-05
00:12:881: <MSG>: 
2.96515
-0.0454283
0.111892
0.0367512
-0.105472
0.0145502
-0.970075
4.2721
0.325369
-0.00216518
0.000544239
00:12:899: <MSG>: 
2.97388
-0.0170512
0.109719
0.0259251
-0.107373
0.00497384
-0.911675
4.21669
0.325154
-0.00151241
0.000970501
00:12:916: <MSG>: 
2.97472
-0.0133812
0.107316
0.0145171
-0.108555
-0.000853277
-0.851788
4.16757
0.324969
-0.00136973
0.00118658
00:12:933: <MSG>: 
2.98034
0.0043581
0.105855
0.0070545
-0.109799
-0.00668621
-0.789591
4.13974
0.324808
-0.00105114
0.00136345
00:12:950: <MSG>: 
2.98024
0.00407614
0.103831
-0.00160562
-0.110455
-0.009285
-0.721197
4.09869
0.324734
-0.00103254
0.00142459
00:12:968: <MSG>: 
2.97846
-0.000994322
0.101555
-0.0114114
-0.110919
-0.0108277
-0.658216
4.07001
0.324662
-0.00112691
0.00145249
00:12:985: <MSG>: 
2.99176
0.0380355
0.100183
-0.0179421
-0.110908
-0.00966738
-0.592475
4.05622
0.325323
-0.00112001
0.0014843
00:13:001: <MSG>: 
2.98832
0.0261495
0.0979522
-0.0252997
-0.111063
-0.00961164
-0.530069
4.01818
0.325313
-0.0013091
0.00148344
00:13:018: <MSG>: 
2.98327
0.0102594
0.0951977
-0.0350847
-0.110974
-0.00833507
-0.469107
3.99026
0.325315
-0.00159409
0.00146881
00:13:035: <MSG>: 
2.97904
-0.00252952
0.0925064
-0.0433483
-0.110781
-0.00656647
-0.405665
3.9567
0.325329
-0.00180419
0.00145524
00:13:051: <MSG>: 
2.97313
-0.0195982
0.0888842
-0.0553402
-0.110378
-0.00384066
-0.344632
3.92221
0.325381
-0.00210368
0.00144297
00:13:070: <MSG>: 
2.97179
-0.022391
0.0867347
-0.0608298
-0.110166
-0.00236574
-0.282287
3.90999
0.325411
-0.00219749
0.00144018
00:13:086: <MSG>: 
2.96569
-0.0389486
0.0822517
-0.0742348
-0.109554
0.0011488
-0.227769
3.85079
0.32547
-0.00246525
0.00144139
00:13:104: <MSG>: 
2.96345
-0.0432572
0.0784265
-0.0853843
-0.109115
0.00343651
-0.169335
3.8206
0.325554
-0.0026329
0.00144637
00:13:120: <MSG>: 
2.96026
-0.0497479
0.0729134
-0.100935
-0.108474
0.00659837
-0.113111
3.75075
0.325636
-0.00284903
0.00145828
00:13:136: <MSG>: 
2.95929
-0.0494608
0.0671618
-0.118024
-0.107887
0.00922355
-0.0621783
3.69274
0.325771
-0.00305362
0.00147111
00:13:153: <MSG>: 
2.96016
-0.0455209
0.0706991
-0.0985175
-0.107279
0.0117367
0.0227307
3.8189
0.325701
-0.00280778
0.00148555
00:13:169: <MSG>: 
2.95998
-0.0444075
0.0732913
-0.0826558
-0.106573
0.0145153
0.105194
3.90621
0.325593
-0.00261031
0.00150332
00:13:186: <MSG>: 
2.95805
-0.0486715
0.0755531
-0.0698137
-0.105746
0.0177535
0.185654
3.99006
0.325513
-0.00245797
0.00152539
00:13:203: <MSG>: 
2.957
-0.0496454
0.0766678
-0.061346
-0.104916
0.0207086
0.260494
4.03425
0.325428
-0.00235476
0.00154626
00:13:220: <MSG>: 
2.95459
-0.054671
0.0777914
-0.0529095
-0.104011
0.0238665
0.332201
4.06867
0.325314
-0.00225814
0.0015689
00:13:236: <MSG>: 
2.96422
-0.0236308
0.0795587
-0.0433289
-0.105833
0.0112838
0.407114
4.11437
0.32577
-0.00251484
0.000931294
00:13:254: <MSG>: 
2.96928
-0.00760086
0.0805629
-0.0368829
-0.107302
0.00197081
0.479915
4.14311
0.325994
-0.00261943
0.00052649
00:13:270: <MSG>: 
2.97712
0.0159684
0.0824298
-0.0275642
-0.108559
-0.00523554
0.558046
4.18674
0.326274
-0.0028012
0.000263479
00:13:286: <MSG>: 
2.98045
0.0249498
0.0837605
-0.0211815
-0.10945
-0.00967226
0.637654
4.22843
0.326335
-0.00285473
0.000130322
00:13:303: <MSG>: 
2.98128
0.0259009
0.0847259
-0.0158978
-0.110044
-0.0120415
0.714071
4.25423
0.326349
-0.00282481
7.29458e-05
00:13:320: <MSG>: 
2.98032
0.021405
0.0854393
-0.0111678
-0.110389
-0.0128029
0.788873
4.26452
0.326344
-0.00275696
5.85099e-05
00:13:337: <MSG>: 
2.97775
0.0124204
0.0857546
-0.00891092
-0.110563
-0.0126308
0.859824
4.27862
0.326284
-0.00265464
6.10197e-05
00:13:352: <MSG>: 
2.97951
0.0168383
0.0869289
-0.00299895
-0.110855
-0.0130733
0.933927
4.29176
0.326321
-0.00271997
5.63584e-05
00:13:369: <MSG>: 
2.97564
0.00424275
0.0870428
-0.000670171
-0.110649
-0.0107294
1.00598
4.27654
0.326271
-0.00265344
7.25114e-05
00:13:385: <MSG>: 
2.98788
0.0411725
0.0859428
-0.00505162
-0.110161
-0.00739613
1.06511
4.21548
0.326414
-0.00236542
-4.1744e-05
00:13:401: <MSG>: 
2.98531
0.0312508
0.0862107
-0.00246922
-0.109917
-0.00541657
1.1339
4.2126
0.326387
-0.00232109
-2.61643e-05
00:13:417: <MSG>: 
2.98502
0.0286701
0.0870018
0.00199904
-0.109669
-0.00359969
1.20304
4.21051
0.326398
-0.00237973
-1.67311e-05
00:13:432: <MSG>: 
2.982
0.0182996
0.0867662
0.00253743
-0.109183
-0.000681108
1.26636
4.18424
0.326358
-0.0023547
-8.2329e-06
00:13:449: <MSG>: 
2.98112
0.0147963
0.0866876
0.00244559
-0.108704
0.00194285
1.33152
4.17851
0.326345
-0.00233842
-5.63225e-06
00:13:465: <MSG>: 
2.97778
0.00433004
0.0850328
-0.00336557
-0.108033
0.00535527
1.39133
4.13898
0.326294
-0.00222033
-7.93508e-06
00:13:481: <MSG>: 
2.9752
-0.00322551
0.082755
-0.0113289
-0.107431
0.00811976
1.44607
4.08842
0.32625
-0.00209135
-1.35041e-05
00:13:497: <MSG>: 
2.97719
0.0028949
0.0836904
-0.00675414
-0.107061
0.0093852
1.51478
4.09932
0.326258
-0.00219674
-1.7533e-05
00:13:515: <MSG>: 
2.97925
0.00911425
0.0834884
-0.00672754
-0.106582
0.0111423
1.57693
4.08412
0.326251
-0.0022368
-2.47005e-05
00:13:531: <MSG>: 
2.98011
0.0109388
0.086097
0.00303722
-0.105958
0.0134942
1.65458
4.14385
0.326269
-0.00238049
-3.59869e-05
00:13:549: <MSG>: 
2.97858
0.00544341
0.0894225
0.0152774
-0.105159
0.0165952
1.73279
4.2121
0.326266
-0.00255572
-5.24488e-05
00:13:565: <MSG>: 
2.97581
-0.00332188
0.0923957
0.0262467
-0.104225
0.0199066
1.81916
4.25456
0.326226
-0.0027306
-7.15292e-05
00:13:582: <MSG>: 
2.97556
-0.00391933
0.0935842
0.0289057
-0.103439
0.0223925
1.89017
4.27237
0.326225
-0.00277269
-8.63041e-05
00:13:600: <MSG>: 
2.98865
0.0349229
0.0939377
0.0281184
-0.106147
0.00840751
1.96563
4.26535
0.326299
-0.00208118
0.000584793
00:13:617: <MSG>: 
2.99871
0.0630349
0.0945973
0.0286885
-0.108583
-0.00337607
2.03355
4.26683
0.326331
-0.00162485
0.00107262
00:13:635: <MSG>: 
3.01115
0.0967218
0.0958647
0.0314582
-0.110807
-0.0135271
2.1071
4.27576
0.326377
-0.00113897
0.00142647
00:13:654: <MSG>: 
3.02424
0.130246
0.0978086
0.0368279
-0.112313
-0.019575
2.18612
4.29001
0.326439
-0.000706677
0.00159923
00:13:672: <MSG>: 
3.02556
0.127957
0.0982916
0.035585
-0.112859
-0.020668
2.25853
4.30125
0.326394
-0.000743041
0.00162475
00:13:689: <MSG>: 
3.02542
0.121031
0.098602
0.0342726
-0.113241
-0.0207996
2.33253
4.30185
0.326389
-0.000827804
0.00162716
00:13:705: <MSG>: 
3.02627
0.116563
0.099248
0.0341115
-0.113564
-0.0203885
2.41712
4.30722
0.326393
-0.000883112
0.00162164
00:13:723: <MSG>: 
3.02192
0.0974348
0.0989635
0.0305599
-0.113307
-0.0171948
2.4944
4.30757
0.32643
-0.00109198
0.00159137
00:13:740: <MSG>: 
3.01812
0.081121
0.0990479
0.0294418
-0.112993
-0.0140372
2.56769
4.30492
0.326465
-0.00123979
0.00157179
00:13:754: <MSG>: 
3.0268
0.102725
0.0977874
0.0216586
-0.112465
-0.00952044
2.63306
4.26272
0.326898
-0.00129282
0.0017237
00:13:770: <MSG>: 
3.02561
0.0938975
0.0985652
0.0236972
-0.112197
-0.00731828
2.70604
4.27829
0.326916
-0.00136164
0.00170707
00:13:787: <MSG>: 
3.01835
0.0677944
0.0969246
0.0169914
-0.111439
-0.00266772
2.77304
4.23455
0.326967
-0.00161735
0.00168447
00:13:803: <MSG>: 
3.01165
0.0452746
0.0950615
0.00972902
-0.110717
0.00135714
2.82729
4.19351
0.327023
-0.00184586
0.00167292
00:13:820: <MSG>: 
3.00456
0.0224186
0.0926612
0.000919748
-0.10992
0.00549196
2.88606
4.14048
0.327084
-0.00207548
0.00166911
00:13:836: <MSG>: 
2.99866
0.0042332
0.0896747
-0.0106636
-0.1091
0.00942323
2.94431
4.09498
0.327186
-0.00231752
0.00167193
00:13:853: <MSG>: 
2.99568
-0.00450654
0.0874447
-0.0186013
-0.108424
0.0122537
3.00437
4.06095
0.327252
-0.00245611
0.00167782
00:13:870: <MSG>: 
2.99261
-0.0128867
0.0839789
-0.0304887
-0.107627
0.0154983
3.05944
4.00015
0.32734
-0.00263235
0.00168823
00:13:887: <MSG>: 
2.99396
-0.00840031
0.0843361
-0.0283188
-0.107061
0.017193
3.13119
4.0313
0.327349
-0.00259726
0.00169517
00:13:903: <MSG>: 
2.99423
-0.0076451
0.0865833
-0.0184315
-0.106417
0.0191274
-3.07243
4.09112
0.327277
-0.00247302
0.00170443
00:13:920: <MSG>: 
2.99404
-0.00800901
0.0876797
-0.0129246
-0.105675
0.0214345
-2.99894
4.11521
0.327218
-0.00240391
0.0017166
00:13:937: <MSG>: 
2.99207
-0.0137613
0.0891149
-0.00698372
-0.104804
0.0241945
-2.92077
4.15466
0.327166
-0.00233424
0.00173206
00:13:953: <MSG>: 
2.98797
-0.0256663
0.0907607
-2.65978e-05
-0.103772
0.0276877
-2.84607
4.18959
0.327077
-0.00225305
0.00175225
00:13:970: <MSG>: 
2.98459
-0.0346037
0.0916628
0.00426979
-0.102829
0.0303002
-2.77357
4.19813
0.327003
-0.00220431
0.00176751
00:13:987: <MSG>: 
2.99049
-0.0149423
0.0937672
0.0100845
-0.104629
0.0174041
-2.69515
4.25417
0.327082
-0.00250752
0.00113248
00:14:004: <MSG>: 
2.98809
-0.0208908
0.0948584
0.011587
-0.105767
0.00943596
-2.61615
4.29897
0.326821
-0.00249851
0.000799181
00:14:022: <MSG>: 
2.99097
-0.0111046
0.0962675
0.0151396
-0.107009
0.00167046
-2.53784
4.3343
0.326848
-0.0026131
0.000528493
00:14:039: <MSG>: 
2.99524
0.00231401
0.0979282
0.0192781
-0.108201
-0.00506864
-2.45957
4.37636
0.326897
-0.00276112
0.000335311
00:14:056: <MSG>: 
2.99747
0.00877424
0.0993166
0.0230587
-0.109241
-0.0102911
-2.37782
4.39952
0.32694
-0.00281219
0.000217155
00:14:073: <MSG>: 
2.99699
0.00669018
0.100378
0.0263019
-0.109977
-0.0133574
-2.30164
4.40515
0.32695
-0.00277962
0.000163482
00:14:090: <MSG>: 
2.99202
-0.00869711
0.100602
0.0260703
-0.110352
-0.0141026
-2.224
4.40043
0.326868
-0.00262329
0.000153932
00:14:104: <MSG>: 
2.98824
-0.0197005
0.10104
0.0274366
-0.110686
-0.0145998
-2.15149
4.38506
0.326832
-0.00254975
0.000149496
00:14:120: <MSG>: 
2.98501
-0.028464
0.101474
0.0282794
-0.110838
-0.0140764
-2.07849
4.37545
0.3268
-0.00249905
0.000152418
00:14:137: <MSG>: 
2.98022
-0.0412461
0.101564
0.0284475
-0.110776
-0.0124068
-2.00659
4.34622
0.32675
-0.00245452
0.00015684
00:14:153: <MSG>: 
2.97714
-0.0486308
0.101737
0.0289375
-0.110702
-0.011061
-1.94907
4.32196
0.326716
-0.00245471
0.000157745
00:14:169: <MSG>: 
2.97046
-0.0660031
0.100629
0.0247293
-0.110386
-0.00841632
-1.88873
4.27177
0.32665
-0.0023692
0.00015433
00:14:185: <MSG>: 
2.96763
-0.0711994
0.100124
0.0218432
-0.110088
-0.00612114
-1.8261
4.24786
0.32663
-0.00233281
0.000147721
00:14:200: <MSG>: 
2.96592
-0.0725123
0.0997949
0.0199141
-0.109839
-0.00425562
-1.76084
4.22065
0.326609
-0.00233811
0.000139789
00:14:216: <MSG>: 
2.96359
-0.0754804
0.0984706
0.0145866
-0.109381
-0.00145937
-1.70159
4.17234
0.326583
-0.00230199
0.000124973
00:14:231: <MSG>: 
2.96325
-0.0722317
0.0972341
0.0098451
-0.109045
0.00044779
-1.64206
4.12301
0.32656
-0.00229199
0.000113311
00:14:247: <MSG>: 
2.96554
-0.0618531
0.0977621
0.0105792
-0.108756
0.00193942
-1.57673
4.12982
0.32657
-0.00232535
0.000103374
00:14:263: <MSG>: 
2.96804
-0.0515228
0.099401
0.0154556
-0.108452
0.0033857
-1.50746
4.15783
0.326569
-0.00240912
9.31941e-05
00:14:278: <MSG>: 
2.96717
-0.052173
0.102747
0.0268695
-0.107809
0.00649899
-1.43131
4.21993
0.326543
-0.00256968
7.05592e-05
00:14:294: <MSG>: 
2.96715
-0.0499137
0.104784
0.0327732
-0.107138
0.00949843
-1.35994
4.24972
0.326523
-0.00266076
4.84293e-05
00:14:311: <MSG>: 
2.96305
-0.0601147
0.10773
0.0421668
-0.106231
0.0134765
-1.28386
4.29626
0.32648
-0.00281172
1.90772e-05
00:14:328: <MSG>: 
2.95823
-0.0719603
0.10986
0.0481858
-0.105272
0.0174248
-1.21219
4.32317
0.326443
-0.00292203
-9.65159e-06
00:14:346: <MSG>: 
2.9547
-0.0792702
0.11117
0.050721
-0.10434
0.0209058
-1.14364
4.33136
0.326422
-0.00297699
-3.43512e-05
00:14:361: <MSG>: 
2.95175
-0.0842956
0.111932
0.0510881
-0.103435
0.0238867
-1.07457
4.32432
0.32641
-0.00299515
-5.47805e-05
00:14:377: <MSG>: 
2.9624
-0.0475497
0.109219
0.035784
-0.105909
0.011327
-1.01116
4.2724
0.325943
-0.00204821
0.000603178
00:14:393: <MSG>: 
2.96914
-0.0243699
0.107396
0.0252882
-0.107655
0.00250832
-0.938422
4.23253
0.325679
-0.00150149
0.000986291
00:14:409: <MSG>: 
2.97522
-0.00513853
0.105809
0.0178714
-0.109207
-0.00482013
-0.885586
4.18814
0.325579
-0.00107956
0.00125762
00:14:424: <MSG>: 
2.98296
0.0184428
0.104791
0.0119627
-0.110542
-0.0107854
-0.825665
4.16666
0.32543
-0.000656755
0.00144079
00:14:440: <MSG>: 
2.98553
0.0255817
0.103264
0.00448178
-0.111401
-0.0141139
-0.764147
4.13968
0.325326
-0.000529874
0.00152308
00:14:457: <MSG>: 
2.9858
0.0254334
0.101529
-0.00308994
-0.111941
-0.0156465
-0.702433
4.10891
0.325269
-0.000526427
0.00155261
00:14:474: <MSG>: 
2.98416
0.0197695
0.0995779
-0.0110975
-0.112284
-0.0162089
-0.64708
4.08021
0.325238
-0.000614921
0.00156095
00:14:491: <MSG>: 
2.97972
0.00595953
0.0971247
-0.0202771
-0.112324
-0.0150807
-0.588706
4.04517
0.325242
-0.000807097
0.00154899
00:14:505: <MSG>: 
2.9738
-0.0116332
0.0943973
-0.0295581
-0.112147
-0.0128561
-0.52961
4.0057
0.325269
-0.00103149
0.00153386
00:14:521: <MSG>: 
2.97291
-0.0134471
0.0926117
-0.0354949
-0.112142
-0.0116927
-0.465007
3.99468
0.325294
-0.0011027
0.00152977
00:14:540: <MSG>: 
2.96949
-0.0226123
0.0901932
-0.0426105
-0.111881
-0.00918657
-0.399958
3.96668
0.325332
-0.00123079
0.00152814
00:14:556: <MSG>: 
2.96388
-0.0379136
0.0869562
-0.052788
-0.111371
-0.00569387
-0.348693
3.92741
0.325403
-0.00142808
0.00153293
00:14:575: <MSG>: 
2.95745
-0.054801
0.0827259
-0.0666454
-0.110642
-0.00121909
-0.292263
3.88901
0.325542
-0.00167775
0.00154742
00:14:594: <MSG>: 
2.95185
-0.0681138
0.0782266
-0.0799026
-0.109957
0.0026498
-0.234427
3.83977
0.325658
-0.00188044
0.00156605
00:14:612: <MSG>: 
2.95016
-0.0692763
0.0749765
-0.087574
-0.109448
0.00520743
-0.175244
3.80846
0.325719
-0.00196195
0.0015814
00:14:629: <MSG>: 
2.95032
-0.0643536
0.0712824
-0.0963943
-0.108852
0.00796016
-0.109715
3.77778
0.325803
-0.00203677
0.00160049
00:14:646: <MSG>: 
2.94972
-0.061407
0.0648352
-0.114852
-0.108176
0.0108478
-0.051481
3.7009
0.32598
-0.00222144
0.00162228
00:14:665: <MSG>: 
2.9535
-0.0468273
0.0636703
-0.113627
-0.107616
0.0128556
0.0231146
3.7401
0.326016
-0.00217945
0.00163803
00:14:682: <MSG>: 
2.95321
-0.0463337
0.0668446
-0.0955012
-0.106689
0.0167672
0.10851
3.85382
0.32586
-0.00198229
0.00166914
00:14:702: <MSG>: 
2.95627
-0.034871
0.0664531
-0.0924896
-0.105982
0.0190871
0.181642
3.89239
0.325861
-0.00193782
0.0016875
00:14:722: <MSG>: 
2.95368
-0.0412645
0.0689283
-0.0767395
-0.104885
0.0231698
0.270138
3.9742
0.325659
-0.00176665
0.0017191
00:14:739: <MSG>: 
2.95717
-0.0294261
0.0710458
-0.0643814
-0.106508
0.0119092
0.347256
4.03772
0.325792
-0.0016988
0.00116226
00:14:757: <MSG>: 
2.96766
0.00312147
0.072606
-0.0531734
-0.108365
0.000238644
0.435187
4.07593
0.326252
-0.00187876
0.00068748
00:14:771: <MSG>: 
2.97579
0.0268389
0.0751432
-0.0400352
-0.109531
-0.00623059
0.533986
4.15065
0.326451
-0.00201626
0.000477198
00:14:789: <MSG>: 
2.97924
0.0353667
0.0770755
-0.0300305
-0.110401
-0.0104255
0.615297
4.20353
0.326512
-0.0020189
0.000366083
00:14:806: <MSG>: 
2.97707
0.0266267
0.0781121
-0.0242005
-0.110706
-0.0111126
0.696115
4.24853
0.32641
-0.00188155
0.000351646
00:14:822: <MSG>: 
2.97652
0.0233313
0.0793232
-0.0178846
-0.110972
-0.0116463
0.767344
4.28621
0.326375
-0.00181738
0.00034275
00:14:840: <MSG>: 
2.97417
0.0146851
0.0801282
-0.0124327
-0.111112
-0.0113062
0.844897
4.3023
0.326337
-0.00173081
0.000346885
00:14:856: <MSG>: 
2.97624
0.0197573
0.0818954
-0.00325298
-0.111361
-0.0116082
0.921612
4.31705
0.326372
-0.00181946
0.00034438
00:14:873: <MSG>: 
2.97261
0.00761601
0.0823172
-0.000186367
-0.11107
-0.00901875
0.992721
4.32075
0.326325
-0.00174196
0.000357692
00:14:890: <MSG>: 
2.98793
0.0539932
0.0817602
-0.00254456
-0.110705
-0.00643601
1.05299
4.25609
0.326384
-0.00140267
0.000267668
00:14:906: <MSG>: 
2.98606
0.045233
0.0824289
0.00125593
-0.110434
-0.00436616
1.12915
4.26655
0.326368
-0.00137084
0.000280499
00:14:924: <MSG>: 
2.98547
0.0409923
0.083422
0.00621966
-0.1101
-0.00219083
1.19954
4.27234
0.326372
-0.00141257
0.00028871
00:14:940: <MSG>: 
2.98225
0.0292359
0.0834734
0.0077644
-0.109539
0.00101238
1.26834
4.24975
0.326338
-0.00139544
0.000293705
00:14:954: <MSG>: 
2.98153
0.0255697
0.083771
0.00910619
-0.109008
0.00375672
1.33889
4.24414
0.326327
-0.00140731
0.000292926
00:14:970: <MSG>: 
2.97891
0.0167044
0.0826562
0.00528214
-0.108328
0.00704899
1.40109
4.20576
0.326288
-0.00134133
0.000287105
00:14:986: <MSG>: 
2.97967
0.0182651
0.0828657
0.00682969
-0.107811
0.00914045
1.47092
4.18485
0.32627
-0.00140759
0.000280661
00:15:003: <MSG>: 
2.97822
0.0136224
0.080273
-0.0025842
-0.107132
0.0120824
1.51589
4.11857
0.326235
-0.00128344
0.000269326
00:15:021: <MSG>: 
2.98055
0.0202154
0.0799072
-0.00326535
-0.106582
0.0139518
1.57904
4.0956
0.326224
-0.00131525
0.000260616
00:15:037: <MSG>: 
2.98152
0.0218078
0.0830285
0.00834065
-0.105951
0.0161102
1.65718
4.16202
0.326234
-0.00148429
0.00024929
00:15:053: <MSG>: 
2.98067
0.0179153
0.0861716
0.0198672
-0.105069
0.0193434
1.73783
4.21806
0.32622
-0.00165688
0.000230862
00:15:068: <MSG>: 
2.97963
0.0137954
0.0888492
0.0293796
-0.104211
0.0221116
1.81746
4.25227
0.326187
-0.00181235
0.00021426
00:15:085: <MSG>: 
2.97565
0.000986529
0.0916801
0.0383041
-0.103138
0.0258066
1.89827
4.29957
0.326159
-0.00195538
0.000191596
00:15:102: <MSG>: 
2.9738
-0.00462204
0.0933683
0.0426661
-0.102286
0.0281634
1.96939
4.31765
0.326138
-0.0020314
0.000177142
00:15:120: <MSG>: 
2.98627
0.0324973
0.0942495
0.0432038
-0.105006
0.0141646
2.0367
4.32136
0.326153
-0.00133971
0.000877478
00:15:128: [0;37m<MSG>: [0;0m[0;37mGraceful shutdown initiated...[0;0m
00:15:137: <MSG>: 
2.99867
0.0674556
0.0954238
0.0451822
-0.107433
0.00204985
2.10926
4.32091
0.326229
-0.000743443
0.00139353
employee dead
00:15:148: [0;37m<MSG>: [0;0m[0;37mAll threads joined successfully![0;0m
00:15:148: [0;37m<MSG>: [0;0m[0;37mSuccessfully Quit![0;0m
 


stopping async receive
async receive stopped
[TimedSerial] destroyed
Close Log File Success!
